DATE_TIME,typical_price
2005-05-12 08:00:00,1.2763666666666666
2005-05-12 12:00:00,1.2759466666666666
2005-05-12 16:00:00,1.2709216666666667
2005-05-12 20:00:00,1.270205
2005-05-13 00:00:00,1.2679150000000001
2005-05-13 04:00:00,1.2677625
2005-05-13 08:00:00,1.2672266666666665
2005-05-13 12:00:00,1.2633783333333333
2005-05-13 16:00:00,1.2635075
2005-05-13 20:00:00,1.2622908333333331
2005-05-16 00:00:00,1.2604291666666665
2005-05-16 04:00:00,1.260333333333333
2005-05-16 08:00:00,1.2599083333333334
2005-05-16 12:00:00,1.2609758333333332
2005-05-16 16:00:00,1.2630408333333334
2005-05-16 20:00:00,1.2635049999999999
2005-05-17 00:00:00,1.2628058333333334
2005-05-17 04:00:00,1.2623683333333333
2005-05-17 08:00:00,1.2635775
2005-05-17 12:00:00,1.2636766666666666
2005-05-17 16:00:00,1.2634975
2005-05-17 20:00:00,1.2619883333333333
2005-05-18 00:00:00,1.2598341666666668
2005-05-18 04:00:00,1.2606141666666666
2005-05-18 08:00:00,1.2617758333333333
2005-05-18 12:00:00,1.2620808333333333
2005-05-18 16:00:00,1.2644199999999999
2005-05-18 20:00:00,1.2677675000000002
2005-05-19 00:00:00,1.2676533333333333
2005-05-19 04:00:00,1.26798
2005-05-19 08:00:00,1.266865
2005-05-19 12:00:00,1.2642641666666667
2005-05-19 16:00:00,1.2622775000000002
2005-05-19 20:00:00,1.2636216666666666
2005-05-20 00:00:00,1.2634391666666667
2005-05-20 04:00:00,1.2642875
2005-05-20 08:00:00,1.2637258333333332
2005-05-20 12:00:00,1.2620166666666668
2005-05-20 16:00:00,1.2553141666666667
2005-05-20 20:00:00,1.2553283333333334
2005-05-23 00:00:00,1.2548041666666667
2005-05-23 04:00:00,1.2561208333333334
2005-05-23 08:00:00,1.2551191666666668
2005-05-23 12:00:00,1.2551533333333333
2005-05-23 16:00:00,1.2572625
2005-05-23 20:00:00,1.257845
2005-05-24 00:00:00,1.2572091666666667
2005-05-24 04:00:00,1.2563391666666668
2005-05-24 08:00:00,1.2584933333333335
2005-05-24 12:00:00,1.2601208333333334
2005-05-24 16:00:00,1.2588916666666665
2005-05-24 20:00:00,1.2580308333333334
2005-05-25 00:00:00,1.25679
2005-05-25 04:00:00,1.2589366666666666
2005-05-25 08:00:00,1.2580658333333334
2005-05-25 12:00:00,1.2566791666666668
2005-05-25 16:00:00,1.2601925
2005-05-25 20:00:00,1.2601299999999998
2005-05-26 00:00:00,1.260275
2005-05-26 04:00:00,1.2593450000000002
2005-05-26 08:00:00,1.2554483333333333
2005-05-26 12:00:00,1.2539966666666666
2005-05-26 16:00:00,1.2522175
2005-05-26 20:00:00,1.2511883333333333
2005-05-27 00:00:00,1.2511633333333334
2005-05-27 04:00:00,1.2519625
2005-05-27 08:00:00,1.2529083333333333
2005-05-27 12:00:00,1.25366
2005-05-27 16:00:00,1.2554366666666665
2005-05-27 20:00:00,1.2575175
2005-05-30 00:00:00,1.2523666666666666
2005-05-30 04:00:00,1.2538733333333334
2005-05-30 08:00:00,1.2526558333333333
2005-05-30 12:00:00,1.2496683333333334
2005-05-30 16:00:00,1.2469533333333334
2005-05-30 20:00:00,1.2470375
2005-05-31 00:00:00,1.2474491666666667
2005-05-31 04:00:00,1.2398366666666665
2005-05-31 08:00:00,1.2384108333333335
2005-05-31 12:00:00,1.2338283333333333
2005-05-31 16:00:00,1.234535
2005-05-31 20:00:00,1.2308
2005-06-01 00:00:00,1.2306583333333334
2005-06-01 04:00:00,1.2322600000000001
2005-06-01 08:00:00,1.2312533333333333
2005-06-01 12:00:00,1.2248116666666666
2005-06-01 16:00:00,1.2242616666666666
2005-06-01 20:00:00,1.221405
2005-06-02 00:00:00,1.2199974999999998
2005-06-02 04:00:00,1.2213666666666667
2005-06-02 08:00:00,1.2241608333333334
2005-06-02 12:00:00,1.22674
2005-06-02 16:00:00,1.2265941666666667
2005-06-02 20:00:00,1.2275633333333333
2005-06-03 00:00:00,1.2273233333333333
2005-06-03 04:00:00,1.2286333333333332
2005-06-03 08:00:00,1.2278158333333333
2005-06-03 12:00:00,1.2285758333333334
2005-06-03 16:00:00,1.2255016666666667
2005-06-03 20:00:00,1.2220258333333334
2005-06-06 00:00:00,1.2222316666666666
2005-06-06 04:00:00,1.2252775
2005-06-06 08:00:00,1.2264425
2005-06-06 12:00:00,1.2270433333333335
2005-06-06 16:00:00,1.2277308333333332
2005-06-06 20:00:00,1.2270233333333334
2005-06-07 00:00:00,1.2260499999999999
2005-06-07 04:00:00,1.2256233333333333
2005-06-07 08:00:00,1.2286
2005-06-07 12:00:00,1.229445
2005-06-07 16:00:00,1.2269466666666666
2005-06-07 20:00:00,1.2278383333333334
2005-06-08 00:00:00,1.2284375
2005-06-08 04:00:00,1.2303799999999998
2005-06-08 08:00:00,1.2316258333333332
2005-06-08 12:00:00,1.2324983333333333
2005-06-08 16:00:00,1.231805
2005-06-08 20:00:00,1.2234291666666666
2005-06-09 00:00:00,1.2236391666666666
2005-06-09 04:00:00,1.2239758333333335
2005-06-09 08:00:00,1.222725
2005-06-09 12:00:00,1.2234
2005-06-09 16:00:00,1.2220308333333334
2005-06-09 20:00:00,1.2223799999999998
2005-06-10 00:00:00,1.223055
2005-06-10 04:00:00,1.2232466666666668
2005-06-10 08:00:00,1.2222225
2005-06-10 12:00:00,1.2225025
2005-06-10 16:00:00,1.2140091666666666
2005-06-10 20:00:00,1.21173
2005-06-13 00:00:00,1.2109408333333334
2005-06-13 04:00:00,1.2096716666666667
2005-06-13 08:00:00,1.2089275
2005-06-13 12:00:00,1.2054816666666666
2005-06-13 16:00:00,1.20458
2005-06-13 20:00:00,1.2101250000000001
2005-06-14 00:00:00,1.2116558333333334
2005-06-14 04:00:00,1.2131049999999999
2005-06-14 08:00:00,1.2128516666666664
2005-06-14 12:00:00,1.2120258333333334
2005-06-14 16:00:00,1.2048541666666668
2005-06-14 20:00:00,1.2036675
2005-06-15 00:00:00,1.20295
2005-06-15 04:00:00,1.2043091666666668
2005-06-15 08:00:00,1.2051058333333333
2005-06-15 12:00:00,1.2047316666666668
2005-06-15 16:00:00,1.2097483333333334
2005-06-15 20:00:00,1.2114991666666666
2005-06-16 00:00:00,1.2116041666666666
2005-06-16 04:00:00,1.2083341666666665
2005-06-16 08:00:00,1.2082683333333333
2005-06-16 12:00:00,1.2119133333333334
2005-06-16 16:00:00,1.2091291666666666
2005-06-16 20:00:00,1.2095333333333333
2005-06-17 00:00:00,1.2102258333333333
2005-06-17 04:00:00,1.2107216666666667
2005-06-17 08:00:00,1.21186
2005-06-17 12:00:00,1.2162033333333335
2005-06-17 16:00:00,1.2215025000000002
2005-06-17 20:00:00,1.2266233333333334
2005-06-20 00:00:00,1.2204125000000001
2005-06-20 04:00:00,1.2228833333333333
2005-06-20 08:00:00,1.2220208333333333
2005-06-20 12:00:00,1.2211066666666668
2005-06-20 16:00:00,1.2143608333333333
2005-06-20 20:00:00,1.214565
2005-06-21 00:00:00,1.21451
2005-06-21 04:00:00,1.2143833333333334
2005-06-21 08:00:00,1.2121541666666669
2005-06-21 12:00:00,1.2088708333333333
2005-06-21 16:00:00,1.2128558333333332
2005-06-21 20:00:00,1.2167975
2005-06-22 00:00:00,1.2177958333333334
2005-06-22 04:00:00,1.2168233333333331
2005-06-22 08:00:00,1.2181491666666666
2005-06-22 12:00:00,1.2128816666666666
2005-06-22 16:00:00,1.2120391666666666
2005-06-22 20:00:00,1.2121633333333333
2005-06-23 00:00:00,1.2126833333333333
2005-06-23 04:00:00,1.2128058333333334
2005-06-23 08:00:00,1.2102041666666667
2005-06-23 12:00:00,1.2075491666666665
2005-06-23 16:00:00,1.2048925
2005-06-23 20:00:00,1.2036408333333335
2005-06-24 00:00:00,1.2027025
2005-06-24 04:00:00,1.2025208333333333
2005-06-24 08:00:00,1.2045108333333334
2005-06-24 12:00:00,1.2072991666666666
2005-06-24 16:00:00,1.2082933333333332
2005-06-24 20:00:00,1.2089124999999998
2005-06-27 00:00:00,1.2110183333333333
2005-06-27 04:00:00,1.2126133333333333
2005-06-27 08:00:00,1.2153733333333334
2005-06-27 12:00:00,1.2167375
2005-06-27 16:00:00,1.2156950000000002
2005-06-27 20:00:00,1.2157533333333335
2005-06-28 00:00:00,1.21653
2005-06-28 04:00:00,1.2163383333333333
2005-06-28 08:00:00,1.2130508333333334
2005-06-28 12:00:00,1.2099158333333333
2005-06-28 16:00:00,1.2077933333333335
2005-06-28 20:00:00,1.2064341666666667
2005-06-29 00:00:00,1.2066833333333333
2005-06-29 04:00:00,1.2062275
2005-06-29 08:00:00,1.2045808333333334
2005-06-29 12:00:00,1.2055125
2005-06-29 16:00:00,1.2065641666666667
2005-06-29 20:00:00,1.2072833333333333
2005-06-30 00:00:00,1.2080383333333333
2005-06-30 04:00:00,1.2086258333333333
2005-06-30 08:00:00,1.2083541666666668
2005-06-30 12:00:00,1.206970833333333
2005-06-30 16:00:00,1.2094141666666667
2005-06-30 20:00:00,1.2096441666666666
2005-07-01 00:00:00,1.2091466666666668
2005-07-01 04:00:00,1.2084258333333333
2005-07-01 08:00:00,1.2046016666666666
2005-07-01 12:00:00,1.2083249999999999
2005-07-01 16:00:00,1.1994533333333335
2005-07-01 20:00:00,1.1948083333333333
2005-07-04 00:00:00,1.1929124999999998
2005-07-04 04:00:00,1.1917666666666666
2005-07-04 08:00:00,1.1930225
2005-07-04 12:00:00,1.1905683333333332
2005-07-04 16:00:00,1.1902283333333334
2005-07-04 20:00:00,1.1899758333333332
2005-07-05 00:00:00,1.1905041666666667
2005-07-05 04:00:00,1.1912141666666667
2005-07-05 08:00:00,1.18959
2005-07-05 12:00:00,1.1898499999999999
2005-07-05 16:00:00,1.1908233333333333
2005-07-05 20:00:00,1.1913783333333334
2005-07-06 00:00:00,1.1921883333333332
2005-07-06 04:00:00,1.1917341666666665
2005-07-06 08:00:00,1.1930233333333333
2005-07-06 12:00:00,1.1907125
2005-07-06 16:00:00,1.1922875000000002
2005-07-06 20:00:00,1.1924916666666667
2005-07-07 00:00:00,1.1928883333333333
2005-07-07 04:00:00,1.1920549999999999
2005-07-07 08:00:00,1.1933850000000001
2005-07-07 12:00:00,1.1980374999999999
2005-07-07 16:00:00,1.19379
2005-07-07 20:00:00,1.194275
2005-07-08 00:00:00,1.1942733333333333
2005-07-08 04:00:00,1.1933141666666667
2005-07-08 08:00:00,1.1917308333333332
2005-07-08 12:00:00,1.1909275
2005-07-08 16:00:00,1.1939308333333334
2005-07-08 20:00:00,1.1949316666666667
2005-07-11 00:00:00,1.1962833333333334
2005-07-11 04:00:00,1.1990666666666665
2005-07-11 08:00:00,1.20105
2005-07-11 12:00:00,1.2004433333333333
2005-07-11 16:00:00,1.2050625
2005-07-11 20:00:00,1.2072416666666665
2005-07-12 00:00:00,1.2065833333333333
2005-07-12 04:00:00,1.2127883333333334
2005-07-12 08:00:00,1.2169316666666667
2005-07-12 12:00:00,1.2169008333333333
2005-07-12 16:00:00,1.2195274999999999
2005-07-12 20:00:00,1.2236925
2005-07-13 00:00:00,1.2226066666666666
2005-07-13 04:00:00,1.2214800000000001
2005-07-13 08:00:00,1.2196766666666665
2005-07-13 12:00:00,1.2175641666666666
2005-07-13 16:00:00,1.2102966666666666
2005-07-13 20:00:00,1.20885
2005-07-14 00:00:00,1.2077283333333333
2005-07-14 04:00:00,1.2067083333333333
2005-07-14 08:00:00,1.2074958333333332
2005-07-14 12:00:00,1.2082291666666667
2005-07-14 16:00:00,1.2098291666666667
2005-07-14 20:00:00,1.20865
2005-07-15 00:00:00,1.2091466666666666
2005-07-15 04:00:00,1.2096633333333333
2005-07-15 08:00:00,1.2119608333333334
2005-07-15 12:00:00,1.2080666666666666
2005-07-15 16:00:00,1.2040958333333334
2005-07-15 20:00:00,1.2043041666666667
2005-07-18 00:00:00,1.2033033333333334
2005-07-18 04:00:00,1.2047116666666668
2005-07-18 08:00:00,1.2065108333333334
2005-07-18 12:00:00,1.20577
2005-07-18 16:00:00,1.2065158333333335
2005-07-18 20:00:00,1.2055416666666667
2005-07-19 00:00:00,1.2054608333333332
2005-07-19 04:00:00,1.2047391666666667
2005-07-19 08:00:00,1.2000566666666668
2005-07-19 12:00:00,1.197525
2005-07-19 16:00:00,1.1991941666666666
2005-07-19 20:00:00,1.2036416666666667
2005-07-20 00:00:00,1.2033266666666667
2005-07-20 04:00:00,1.2079925
2005-07-20 08:00:00,1.2069541666666666
2005-07-20 12:00:00,1.2074133333333332
2005-07-20 16:00:00,1.2043883333333332
2005-07-20 20:00:00,1.2135591666666665
2005-07-21 00:00:00,1.2154625000000001
2005-07-21 04:00:00,1.216815
2005-07-21 08:00:00,1.216105
2005-07-21 12:00:00,1.2174916666666666
2005-07-21 16:00:00,1.2138283333333333
2005-07-21 20:00:00,1.2179333333333333
2005-07-22 00:00:00,1.2158683333333333
2005-07-22 04:00:00,1.2168133333333333
2005-07-22 08:00:00,1.217495
2005-07-22 12:00:00,1.2156458333333333
2005-07-22 16:00:00,1.2100666666666666
2005-07-22 20:00:00,1.2064300000000001
2005-07-25 00:00:00,1.2049625000000002
2005-07-25 04:00:00,1.2050958333333335
2005-07-25 08:00:00,1.2048100000000002
2005-07-25 12:00:00,1.2068416666666666
2005-07-25 16:00:00,1.2063083333333333
2005-07-25 20:00:00,1.2058666666666666
2005-07-26 00:00:00,1.2055275
2005-07-26 04:00:00,1.2036883333333335
2005-07-26 08:00:00,1.2040891666666667
2005-07-26 12:00:00,1.2000133333333334
2005-07-26 16:00:00,1.2008375
2005-07-26 20:00:00,1.2020416666666667
2005-07-27 00:00:00,1.2017716666666667
2005-07-27 04:00:00,1.2013924999999999
2005-07-27 08:00:00,1.1995983333333333
2005-07-27 12:00:00,1.1997849999999999
2005-07-27 16:00:00,1.204155
2005-07-27 20:00:00,1.2070091666666667
2005-07-28 00:00:00,1.20677
2005-07-28 04:00:00,1.2068591666666668
2005-07-28 08:00:00,1.2056408333333333
2005-07-28 12:00:00,1.2078324999999999
2005-07-28 16:00:00,1.2101199999999999
2005-07-28 20:00:00,1.2134624999999999
2005-07-29 00:00:00,1.2129616666666667
2005-07-29 04:00:00,1.2130025
2005-07-29 08:00:00,1.2115125
2005-07-29 12:00:00,1.2098233333333333
2005-07-29 16:00:00,1.2130683333333334
2005-07-29 20:00:00,1.2125716666666666
2005-08-01 00:00:00,1.2122666666666668
2005-08-01 04:00:00,1.2169541666666668
2005-08-01 08:00:00,1.2187016666666666
2005-08-01 12:00:00,1.2221633333333335
2005-08-01 16:00:00,1.2211108333333334
2005-08-01 20:00:00,1.219385
2005-08-02 00:00:00,1.2184091666666668
2005-08-02 04:00:00,1.2212049999999999
2005-08-02 08:00:00,1.2216133333333334
2005-08-02 12:00:00,1.222165
2005-08-02 16:00:00,1.2207583333333334
2005-08-02 20:00:00,1.2194916666666669
2005-08-03 00:00:00,1.2188333333333332
2005-08-03 04:00:00,1.21619
2005-08-03 08:00:00,1.2197716666666667
2005-08-03 12:00:00,1.23044
2005-08-03 16:00:00,1.232025
2005-08-03 20:00:00,1.233405
2005-08-04 00:00:00,1.2330758333333334
2005-08-04 04:00:00,1.2334966666666667
2005-08-04 08:00:00,1.2325175000000002
2005-08-04 12:00:00,1.2322308333333334
2005-08-04 16:00:00,1.2365249999999999
2005-08-04 20:00:00,1.2379916666666666
2005-08-05 00:00:00,1.2383666666666666
2005-08-05 04:00:00,1.2369466666666666
2005-08-05 08:00:00,1.2375758333333335
2005-08-05 12:00:00,1.2367766666666669
2005-08-05 16:00:00,1.2333283333333331
2005-08-05 20:00:00,1.2343083333333333
2005-08-08 00:00:00,1.2333541666666668
2005-08-08 04:00:00,1.2336166666666666
2005-08-08 08:00:00,1.2344641666666667
2005-08-08 12:00:00,1.2376049999999998
2005-08-08 16:00:00,1.2364433333333333
2005-08-08 20:00:00,1.2356875
2005-08-09 00:00:00,1.2357233333333335
2005-08-09 04:00:00,1.2374549999999997
2005-08-09 08:00:00,1.2390508333333332
2005-08-09 12:00:00,1.2363966666666668
2005-08-09 16:00:00,1.23434
2005-08-09 20:00:00,1.2361
2005-08-10 00:00:00,1.2368325
2005-08-10 04:00:00,1.2357799999999999
2005-08-10 08:00:00,1.2380425000000002
2005-08-10 12:00:00,1.23918
2005-08-10 16:00:00,1.2370466666666666
2005-08-10 20:00:00,1.2368716666666666
2005-08-11 00:00:00,1.2385341666666667
2005-08-11 04:00:00,1.2406441666666668
2005-08-11 08:00:00,1.2407775
2005-08-11 12:00:00,1.2412691666666666
2005-08-11 16:00:00,1.2433583333333333
2005-08-11 20:00:00,1.2447208333333335
2005-08-12 00:00:00,1.24651
2005-08-12 04:00:00,1.246155
2005-08-12 08:00:00,1.2466633333333332
2005-08-12 12:00:00,1.2458816666666666
2005-08-12 16:00:00,1.2427191666666668
2005-08-12 20:00:00,1.24368
2005-08-15 00:00:00,1.2443708333333332
2005-08-15 04:00:00,1.2414841666666665
2005-08-15 08:00:00,1.2393975
2005-08-15 12:00:00,1.237685
2005-08-15 16:00:00,1.236305
2005-08-15 20:00:00,1.2365166666666667
2005-08-16 00:00:00,1.2357900000000002
2005-08-16 04:00:00,1.2335175
2005-08-16 08:00:00,1.2351425
2005-08-16 12:00:00,1.2318058333333333
2005-08-16 16:00:00,1.23285
2005-08-16 20:00:00,1.235625
2005-08-17 00:00:00,1.2354191666666665
2005-08-17 04:00:00,1.2334908333333332
2005-08-17 08:00:00,1.2299166666666665
2005-08-17 12:00:00,1.2294241666666668
2005-08-17 16:00:00,1.2293108333333334
2005-08-17 20:00:00,1.2268733333333333
2005-08-18 00:00:00,1.2270391666666667
2005-08-18 04:00:00,1.2281191666666667
2005-08-18 08:00:00,1.226975
2005-08-18 12:00:00,1.2221408333333335
2005-08-18 16:00:00,1.21763
2005-08-18 20:00:00,1.2176966666666666
2005-08-19 00:00:00,1.2180416666666667
2005-08-19 04:00:00,1.217505
2005-08-19 08:00:00,1.21534
2005-08-19 12:00:00,1.2176391666666666
2005-08-19 16:00:00,1.2157383333333334
2005-08-19 20:00:00,1.216275
2005-08-22 00:00:00,1.2161666666666666
2005-08-22 04:00:00,1.2179666666666669
2005-08-22 08:00:00,1.218025
2005-08-22 12:00:00,1.2212
2005-08-22 16:00:00,1.2229716666666666
2005-08-22 20:00:00,1.22278
2005-08-23 00:00:00,1.2226366666666668
2005-08-23 04:00:00,1.2208675000000002
2005-08-23 08:00:00,1.2226508333333332
2005-08-23 12:00:00,1.2232775
2005-08-23 16:00:00,1.2214749999999999
2005-08-23 20:00:00,1.2231800000000002
2005-08-24 00:00:00,1.2223466666666667
2005-08-24 04:00:00,1.2202799999999998
2005-08-24 08:00:00,1.2174925
2005-08-24 12:00:00,1.2211425
2005-08-24 16:00:00,1.2256375
2005-08-24 20:00:00,1.2270066666666666
2005-08-25 00:00:00,1.2269491666666668
2005-08-25 04:00:00,1.2297591666666667
2005-08-25 08:00:00,1.2304383333333333
2005-08-25 12:00:00,1.2291508333333332
2005-08-25 16:00:00,1.2292874999999999
2005-08-25 20:00:00,1.2305941666666667
2005-08-26 00:00:00,1.2293716666666668
2005-08-26 04:00:00,1.2300516666666665
2005-08-26 08:00:00,1.2316941666666668
2005-08-26 12:00:00,1.2307741666666667
2005-08-26 16:00:00,1.2320283333333333
2005-08-26 20:00:00,1.2288691666666667
2005-08-29 00:00:00,1.2307925
2005-08-29 04:00:00,1.2319499999999999
2005-08-29 08:00:00,1.2322708333333334
2005-08-29 12:00:00,1.2299125
2005-08-29 16:00:00,1.226325
2005-08-29 20:00:00,1.2228433333333333
2005-08-30 00:00:00,1.22271
2005-08-30 04:00:00,1.2215716666666667
2005-08-30 08:00:00,1.2218225
2005-08-30 12:00:00,1.2192166666666666
2005-08-30 16:00:00,1.2194108333333333
2005-08-30 20:00:00,1.2214416666666668
2005-08-31 00:00:00,1.22178
2005-08-31 04:00:00,1.2223549999999999
2005-08-31 08:00:00,1.2212625
2005-08-31 12:00:00,1.2204125
2005-08-31 16:00:00,1.2287466666666667
2005-08-31 20:00:00,1.23355
2005-09-01 00:00:00,1.2338641666666668
2005-09-01 04:00:00,1.23334
2005-09-01 08:00:00,1.2343841666666666
2005-09-01 12:00:00,1.2385616666666668
2005-09-01 16:00:00,1.244205
2005-09-01 20:00:00,1.2488025
2005-09-02 00:00:00,1.2486341666666667
2005-09-02 04:00:00,1.2482091666666666
2005-09-02 08:00:00,1.25211
2005-09-02 12:00:00,1.2552391666666667
2005-09-02 16:00:00,1.2536116666666666
2005-09-02 20:00:00,1.2537716666666667
2005-09-05 00:00:00,1.2533316666666665
2005-09-05 04:00:00,1.2571091666666665
2005-09-05 08:00:00,1.2556141666666665
2005-09-05 12:00:00,1.2547058333333334
2005-09-05 16:00:00,1.2530758333333334
2005-09-05 20:00:00,1.25299
2005-09-06 00:00:00,1.251855
2005-09-06 04:00:00,1.249285
2005-09-06 08:00:00,1.2477016666666665
2005-09-06 12:00:00,1.2478141666666667
2005-09-06 16:00:00,1.2487683333333333
2005-09-06 20:00:00,1.24763
2005-09-07 00:00:00,1.2460466666666667
2005-09-07 04:00:00,1.2467008333333331
2005-09-07 08:00:00,1.2500725000000001
2005-09-07 12:00:00,1.2465433333333333
2005-09-07 16:00:00,1.244435
2005-09-07 20:00:00,1.2424508333333333
2005-09-08 00:00:00,1.241355
2005-09-08 04:00:00,1.2421708333333332
2005-09-08 08:00:00,1.2431333333333332
2005-09-08 12:00:00,1.24184
2005-09-08 16:00:00,1.24102
2005-09-08 20:00:00,1.2395466666666666
2005-09-09 00:00:00,1.2396383333333332
2005-09-09 04:00:00,1.2416716666666665
2005-09-09 08:00:00,1.2424833333333334
2005-09-09 12:00:00,1.2401208333333333
2005-09-09 16:00:00,1.2419041666666666
2005-09-09 20:00:00,1.2408058333333334
2005-09-12 00:00:00,1.2400166666666668
2005-09-12 04:00:00,1.2349416666666668
2005-09-12 08:00:00,1.2329958333333333
2005-09-12 12:00:00,1.2310841666666668
2005-09-12 16:00:00,1.2286658333333333
2005-09-12 20:00:00,1.2281241666666667
2005-09-13 00:00:00,1.2284549999999999
2005-09-13 04:00:00,1.230105
2005-09-13 08:00:00,1.2293741666666667
2005-09-13 12:00:00,1.2275808333333333
2005-09-13 16:00:00,1.2271566666666667
2005-09-13 20:00:00,1.2267133333333333
2005-09-14 00:00:00,1.2275008333333335
2005-09-14 04:00:00,1.2296133333333332
2005-09-14 08:00:00,1.2284116666666667
2005-09-14 12:00:00,1.2292658333333333
2005-09-14 16:00:00,1.2296566666666666
2005-09-14 20:00:00,1.2279541666666667
2005-09-15 00:00:00,1.2275550000000002
2005-09-15 04:00:00,1.222805
2005-09-15 08:00:00,1.2216833333333332
2005-09-15 12:00:00,1.2223591666666667
2005-09-15 16:00:00,1.221355
2005-09-15 20:00:00,1.2217241666666667
2005-09-16 00:00:00,1.2226958333333333
2005-09-16 04:00:00,1.22568
2005-09-16 08:00:00,1.2282891666666669
2005-09-16 12:00:00,1.2252875
2005-09-16 16:00:00,1.2216391666666666
2005-09-16 20:00:00,1.2229841666666668
2005-09-19 00:00:00,1.2159416666666667
2005-09-19 04:00:00,1.2165016666666668
2005-09-19 08:00:00,1.2124991666666667
2005-09-19 12:00:00,1.2139266666666666
2005-09-19 16:00:00,1.2146925
2005-09-19 20:00:00,1.2144058333333332
2005-09-20 00:00:00,1.2138908333333334
2005-09-20 04:00:00,1.2161341666666667
2005-09-20 08:00:00,1.2154916666666666
2005-09-20 12:00:00,1.2156975
2005-09-20 16:00:00,1.2169575
2005-09-20 20:00:00,1.2137533333333335
2005-09-21 00:00:00,1.2120066666666667
2005-09-21 04:00:00,1.2158216666666668
2005-09-21 08:00:00,1.220155833333333
2005-09-21 12:00:00,1.2218833333333332
2005-09-21 16:00:00,1.2214975
2005-09-21 20:00:00,1.2210625
2005-09-22 00:00:00,1.2238925
2005-09-22 04:00:00,1.2208008333333333
2005-09-22 08:00:00,1.2217108333333333
2005-09-22 12:00:00,1.221655
2005-09-22 16:00:00,1.2164783333333333
2005-09-22 20:00:00,1.2148841666666668
2005-09-23 00:00:00,1.2148716666666666
2005-09-23 04:00:00,1.2151425
2005-09-23 08:00:00,1.2133500000000002
2005-09-23 12:00:00,1.2116266666666666
2005-09-23 16:00:00,1.2071100000000001
2005-09-23 20:00:00,1.204715
2005-09-26 00:00:00,1.2022225
2005-09-26 04:00:00,1.203185
2005-09-26 08:00:00,1.2037891666666667
2005-09-26 12:00:00,1.2041691666666667
2005-09-26 16:00:00,1.2037925
2005-09-26 20:00:00,1.20645
2005-09-27 00:00:00,1.20723
2005-09-27 04:00:00,1.2032258333333334
2005-09-27 08:00:00,1.201595
2005-09-27 12:00:00,1.2019333333333333
2005-09-27 16:00:00,1.2008091666666667
2005-09-27 20:00:00,1.200955
2005-09-28 00:00:00,1.2015841666666667
2005-09-28 04:00:00,1.2024183333333334
2005-09-28 08:00:00,1.2027608333333333
2005-09-28 12:00:00,1.2022133333333334
2005-09-28 16:00:00,1.2019775000000001
2005-09-28 20:00:00,1.2032766666666666
2005-09-29 00:00:00,1.2050466666666666
2005-09-29 04:00:00,1.205905
2005-09-29 08:00:00,1.2056125
2005-09-29 12:00:00,1.2048783333333333
2005-09-29 16:00:00,1.2019700000000002
2005-09-29 20:00:00,1.2037991666666668
2005-09-30 00:00:00,1.2026216666666667
2005-09-30 04:00:00,1.2045425
2005-09-30 08:00:00,1.2025491666666668
2005-09-30 12:00:00,1.2041016666666666
2005-09-30 16:00:00,1.2048041666666665
2005-09-30 20:00:00,1.2017375
2005-10-03 00:00:00,1.2009249999999998
2005-10-03 04:00:00,1.1943925
2005-10-03 08:00:00,1.1952916666666666
2005-10-03 12:00:00,1.1930033333333332
2005-10-03 16:00:00,1.1917900000000001
2005-10-03 20:00:00,1.191355
2005-10-04 00:00:00,1.1915858333333333
2005-10-04 04:00:00,1.191945
2005-10-04 08:00:00,1.1920024999999999
2005-10-04 12:00:00,1.1930858333333334
2005-10-04 16:00:00,1.1930758333333333
2005-10-04 20:00:00,1.19223
2005-10-05 00:00:00,1.1919133333333334
2005-10-05 04:00:00,1.1939425000000001
2005-10-05 08:00:00,1.1952675
2005-10-05 12:00:00,1.1951291666666668
2005-10-05 16:00:00,1.1958250000000001
2005-10-05 20:00:00,1.1960883333333332
2005-10-06 00:00:00,1.2013216666666668
2005-10-06 04:00:00,1.2050966666666665
2005-10-06 08:00:00,1.2056625
2005-10-06 12:00:00,1.2057875
2005-10-06 16:00:00,1.2130191666666668
2005-10-06 20:00:00,1.2180191666666667
2005-10-07 00:00:00,1.2172216666666666
2005-10-07 04:00:00,1.216985
2005-10-07 08:00:00,1.2162941666666667
2005-10-07 12:00:00,1.214315
2005-10-07 16:00:00,1.2112383333333334
2005-10-07 20:00:00,1.2121933333333332
2005-10-10 00:00:00,1.2118416666666667
2005-10-10 04:00:00,1.2123666666666666
2005-10-10 08:00:00,1.2134741666666666
2005-10-10 12:00:00,1.2110091666666667
2005-10-10 16:00:00,1.2056108333333333
2005-10-10 20:00:00,1.2059783333333334
2005-10-11 00:00:00,1.205295
2005-10-11 04:00:00,1.2031383333333334
2005-10-11 08:00:00,1.2027025
2005-10-11 12:00:00,1.2028083333333333
2005-10-11 16:00:00,1.20014
2005-10-11 20:00:00,1.1992275
2005-10-12 00:00:00,1.1977258333333332
2005-10-12 04:00:00,1.1970966666666665
2005-10-12 08:00:00,1.1969116666666668
2005-10-12 12:00:00,1.2001491666666668
2005-10-12 16:00:00,1.203265
2005-10-12 20:00:00,1.2024733333333333
2005-10-13 00:00:00,1.2024091666666665
2005-10-13 04:00:00,1.1985633333333334
2005-10-13 08:00:00,1.1985333333333332
2005-10-13 12:00:00,1.1975158333333336
2005-10-13 16:00:00,1.1941166666666667
2005-10-13 20:00:00,1.201305
2005-10-14 00:00:00,1.2015091666666666
2005-10-14 04:00:00,1.202255
2005-10-14 08:00:00,1.2020458333333335
2005-10-14 12:00:00,1.200185
2005-10-14 16:00:00,1.2054166666666666
2005-10-14 20:00:00,1.2084374999999998
2005-10-17 00:00:00,1.2075791666666666
2005-10-17 04:00:00,1.2103166666666665
2005-10-17 08:00:00,1.2080350000000002
2005-10-17 12:00:00,1.2032666666666665
2005-10-17 16:00:00,1.20357
2005-10-17 20:00:00,1.2032566666666669
2005-10-18 00:00:00,1.2008175
2005-10-18 04:00:00,1.1999383333333333
2005-10-18 08:00:00,1.1981516666666667
2005-10-18 12:00:00,1.1946633333333334
2005-10-18 16:00:00,1.19364
2005-10-18 20:00:00,1.195615
2005-10-19 00:00:00,1.1949049999999999
2005-10-19 04:00:00,1.1929008333333333
2005-10-19 08:00:00,1.1909033333333334
2005-10-19 12:00:00,1.1951458333333334
2005-10-19 16:00:00,1.197255
2005-10-19 20:00:00,1.1984033333333333
2005-10-20 00:00:00,1.1983533333333334
2005-10-20 04:00:00,1.1970900000000002
2005-10-20 08:00:00,1.1974833333333335
2005-10-20 12:00:00,1.1961933333333334
2005-10-20 16:00:00,1.1975708333333333
2005-10-20 20:00:00,1.1999275
2005-10-21 00:00:00,1.2028216666666667
2005-10-21 04:00:00,1.2045258333333333
2005-10-21 08:00:00,1.2043308333333334
2005-10-21 12:00:00,1.2020608333333334
2005-10-21 16:00:00,1.1997008333333334
2005-10-21 20:00:00,1.1945116666666666
2005-10-24 00:00:00,1.1935041666666666
2005-10-24 04:00:00,1.1933
2005-10-24 08:00:00,1.1939375
2005-10-24 12:00:00,1.19444
2005-10-24 16:00:00,1.197975
2005-10-24 20:00:00,1.1979516666666665
2005-10-25 00:00:00,1.1967966666666667
2005-10-25 04:00:00,1.1964383333333333
2005-10-25 08:00:00,1.1970375
2005-10-25 12:00:00,1.2034099999999999
2005-10-25 16:00:00,1.2086933333333332
2005-10-25 20:00:00,1.2100908333333333
2005-10-26 00:00:00,1.2105066666666666
2005-10-26 04:00:00,1.2100358333333334
2005-10-26 08:00:00,1.2095616666666666
2005-10-26 12:00:00,1.2069808333333334
2005-10-26 16:00:00,1.2077316666666666
2005-10-26 20:00:00,1.20706
2005-10-27 00:00:00,1.2061816666666665
2005-10-27 04:00:00,1.2103358333333334
2005-10-27 08:00:00,1.2111766666666666
2005-10-27 12:00:00,1.2133983333333334
2005-10-27 16:00:00,1.2145141666666666
2005-10-27 20:00:00,1.2139233333333332
2005-10-28 00:00:00,1.2141066666666667
2005-10-28 04:00:00,1.2138475
2005-10-28 08:00:00,1.2149333333333332
2005-10-28 12:00:00,1.2140266666666666
2005-10-28 16:00:00,1.2097683333333333
2005-10-28 20:00:00,1.2061916666666668
2005-10-31 00:00:00,1.2057125000000002
2005-10-31 04:00:00,1.2059916666666666
2005-10-31 08:00:00,1.2063
2005-10-31 12:00:00,1.2051275000000001
2005-10-31 16:00:00,1.1998633333333333
2005-10-31 20:00:00,1.1987725
2005-11-01 00:00:00,1.1985441666666667
2005-11-01 04:00:00,1.1978233333333332
2005-11-01 08:00:00,1.1984533333333331
2005-11-01 12:00:00,1.2008991666666666
2005-11-01 16:00:00,1.1995241666666667
2005-11-01 20:00:00,1.2003391666666667
2005-11-02 00:00:00,1.2022316666666666
2005-11-02 04:00:00,1.2027233333333334
2005-11-02 08:00:00,1.2030416666666668
2005-11-02 12:00:00,1.2006408333333334
2005-11-02 16:00:00,1.2041533333333332
2005-11-02 20:00:00,1.2066308333333333
2005-11-03 00:00:00,1.2070016666666668
2005-11-03 04:00:00,1.2066216666666667
2005-11-03 08:00:00,1.20618
2005-11-03 12:00:00,1.2057316666666666
2005-11-03 16:00:00,1.2000891666666667
2005-11-03 20:00:00,1.1953175
2005-11-04 00:00:00,1.1943758333333334
2005-11-04 04:00:00,1.194055
2005-11-04 08:00:00,1.1938725000000001
2005-11-04 12:00:00,1.1940499999999998
2005-11-04 16:00:00,1.1892683333333334
2005-11-04 20:00:00,1.1820016666666668
2005-11-07 00:00:00,1.1805541666666668
2005-11-07 04:00:00,1.1814775000000002
2005-11-07 08:00:00,1.180605
2005-11-07 12:00:00,1.182
2005-11-07 16:00:00,1.1793058333333333
2005-11-07 20:00:00,1.181415
2005-11-08 00:00:00,1.1790375000000002
2005-11-08 04:00:00,1.1725175
2005-11-08 08:00:00,1.1726316666666667
2005-11-08 12:00:00,1.17333
2005-11-08 16:00:00,1.1756674999999999
2005-11-08 20:00:00,1.178055
2005-11-09 00:00:00,1.1775924999999998
2005-11-09 04:00:00,1.1764925
2005-11-09 08:00:00,1.1767108333333334
2005-11-09 12:00:00,1.1753916666666666
2005-11-09 16:00:00,1.1746758333333334
2005-11-09 20:00:00,1.1758541666666666
2005-11-10 00:00:00,1.1766425
2005-11-10 04:00:00,1.17631
2005-11-10 08:00:00,1.1764008333333333
2005-11-10 12:00:00,1.1774333333333333
2005-11-10 16:00:00,1.1746433333333333
2005-11-10 20:00:00,1.1715924999999998
2005-11-11 00:00:00,1.1683758333333334
2005-11-11 04:00:00,1.1692691666666668
2005-11-11 08:00:00,1.1698141666666666
2005-11-11 12:00:00,1.169755
2005-11-11 16:00:00,1.1700916666666665
2005-11-11 20:00:00,1.1706958333333333
2005-11-14 00:00:00,1.1722000000000001
2005-11-14 04:00:00,1.1741791666666666
2005-11-14 08:00:00,1.1754833333333334
2005-11-14 12:00:00,1.1738916666666666
2005-11-14 16:00:00,1.1695116666666667
2005-11-14 20:00:00,1.1689383333333334
2005-11-15 00:00:00,1.1690641666666666
2005-11-15 04:00:00,1.1693258333333332
2005-11-15 08:00:00,1.16948
2005-11-15 12:00:00,1.1674933333333333
2005-11-15 16:00:00,1.1681266666666668
2005-11-15 20:00:00,1.1701983333333335
2005-11-16 00:00:00,1.1722583333333334
2005-11-16 04:00:00,1.1720216666666667
2005-11-16 08:00:00,1.1714308333333334
2005-11-16 12:00:00,1.1696333333333333
2005-11-16 16:00:00,1.1672216666666666
2005-11-16 20:00:00,1.1684125
2005-11-17 00:00:00,1.1672666666666667
2005-11-17 04:00:00,1.1672933333333333
2005-11-17 08:00:00,1.1670991666666666
2005-11-17 12:00:00,1.1682808333333332
2005-11-17 16:00:00,1.1701575000000002
2005-11-17 20:00:00,1.1740633333333332
2005-11-18 00:00:00,1.17478
2005-11-18 04:00:00,1.1734175
2005-11-18 08:00:00,1.1713266666666666
2005-11-18 12:00:00,1.1680625
2005-11-18 16:00:00,1.1729658333333333
2005-11-18 20:00:00,1.1757191666666666
2005-11-21 00:00:00,1.1768583333333333
2005-11-21 04:00:00,1.1773416666666665
2005-11-21 08:00:00,1.1781525
2005-11-21 12:00:00,1.1818374999999999
2005-11-21 16:00:00,1.1787283333333334
2005-11-21 20:00:00,1.1729283333333334
2005-11-22 00:00:00,1.1728966666666665
2005-11-22 04:00:00,1.1728341666666668
2005-11-22 08:00:00,1.1725133333333333
2005-11-22 12:00:00,1.1702583333333332
2005-11-22 16:00:00,1.1710016666666667
2005-11-22 20:00:00,1.1770425
2005-11-23 00:00:00,1.1811116666666668
2005-11-23 04:00:00,1.1801566666666667
2005-11-23 08:00:00,1.1827516666666669
2005-11-23 12:00:00,1.178945
2005-11-23 16:00:00,1.1794691666666666
2005-11-23 20:00:00,1.1804175
2005-11-24 00:00:00,1.1814091666666666
2005-11-24 04:00:00,1.1815425000000002
2005-11-24 08:00:00,1.1806908333333332
2005-11-24 12:00:00,1.1793125
2005-11-24 16:00:00,1.1789616666666667
2005-11-24 20:00:00,1.1785133333333333
2005-11-25 00:00:00,1.1780708333333334
2005-11-25 04:00:00,1.17725
2005-11-25 08:00:00,1.1762333333333332
2005-11-25 12:00:00,1.17525
2005-11-25 16:00:00,1.1747991666666666
2005-11-25 20:00:00,1.1718025
2005-11-28 00:00:00,1.1707583333333333
2005-11-28 04:00:00,1.1694458333333333
2005-11-28 08:00:00,1.1694441666666666
2005-11-28 12:00:00,1.170805
2005-11-28 16:00:00,1.175115
2005-11-28 20:00:00,1.184235
2005-11-29 00:00:00,1.1847291666666666
2005-11-29 04:00:00,1.1820566666666665
2005-11-29 08:00:00,1.1825825
2005-11-29 12:00:00,1.181625
2005-11-29 16:00:00,1.1771675
2005-11-29 20:00:00,1.1784875
2005-11-30 00:00:00,1.1771225
2005-11-30 04:00:00,1.177845
2005-11-30 08:00:00,1.1785716666666666
2005-11-30 12:00:00,1.1778308333333332
2005-11-30 16:00:00,1.1777
2005-11-30 20:00:00,1.1788683333333334
2005-12-01 00:00:00,1.1792216666666666
2005-12-01 04:00:00,1.1786691666666667
2005-12-01 08:00:00,1.1779116666666667
2005-12-01 12:00:00,1.1773483333333334
2005-12-01 16:00:00,1.1715391666666666
2005-12-01 20:00:00,1.1727508333333332
2005-12-02 00:00:00,1.1736425
2005-12-02 04:00:00,1.1726341666666666
2005-12-02 08:00:00,1.1718033333333335
2005-12-02 12:00:00,1.17065
2005-12-02 16:00:00,1.1698641666666667
2005-12-02 20:00:00,1.1711116666666666
2005-12-05 00:00:00,1.1705833333333333
2005-12-05 04:00:00,1.169845
2005-12-05 08:00:00,1.16977
2005-12-05 12:00:00,1.1722875
2005-12-05 16:00:00,1.1768308333333333
2005-12-05 20:00:00,1.1799633333333333
2005-12-06 00:00:00,1.1789266666666667
2005-12-06 04:00:00,1.17848
2005-12-06 08:00:00,1.1784766666666666
2005-12-06 12:00:00,1.177575
2005-12-06 16:00:00,1.1776483333333334
2005-12-06 20:00:00,1.1792983333333333
2005-12-07 00:00:00,1.1785508333333334
2005-12-07 04:00:00,1.177305
2005-12-07 08:00:00,1.1762925
2005-12-07 12:00:00,1.1723366666666666
2005-12-07 16:00:00,1.1721566666666667
2005-12-07 20:00:00,1.1718125000000001
2005-12-08 00:00:00,1.1719991666666667
2005-12-08 04:00:00,1.1713966666666669
2005-12-08 08:00:00,1.1732808333333333
2005-12-08 12:00:00,1.1771508333333334
2005-12-08 16:00:00,1.1797608333333334
2005-12-08 20:00:00,1.1824441666666667
2005-12-09 00:00:00,1.1812508333333334
2005-12-09 04:00:00,1.18054
2005-12-09 08:00:00,1.1795041666666668
2005-12-09 12:00:00,1.1791591666666665
2005-12-09 16:00:00,1.1813791666666666
2005-12-09 20:00:00,1.181875
2005-12-12 00:00:00,1.1792041666666666
2005-12-12 04:00:00,1.183125
2005-12-12 08:00:00,1.1840125
2005-12-12 12:00:00,1.1886416666666668
2005-12-12 16:00:00,1.1953358333333333
2005-12-12 20:00:00,1.1959708333333332
2005-12-13 00:00:00,1.1952933333333333
2005-12-13 04:00:00,1.1961675
2005-12-13 08:00:00,1.1952133333333332
2005-12-13 12:00:00,1.1920733333333333
2005-12-13 16:00:00,1.1929874999999999
2005-12-13 20:00:00,1.1939708333333332
2005-12-14 00:00:00,1.1942175000000002
2005-12-14 04:00:00,1.2007275
2005-12-14 08:00:00,1.2010891666666668
2005-12-14 12:00:00,1.2021225
2005-12-14 16:00:00,1.2030491666666667
2005-12-14 20:00:00,1.200815
2005-12-15 00:00:00,1.1989508333333334
2005-12-15 04:00:00,1.1995808333333333
2005-12-15 08:00:00,1.1991033333333332
2005-12-15 12:00:00,1.2016291666666667
2005-12-15 16:00:00,1.1977266666666666
2005-12-15 20:00:00,1.1962791666666666
2005-12-16 00:00:00,1.1966341666666667
2005-12-16 04:00:00,1.1951341666666666
2005-12-16 08:00:00,1.1976341666666666
2005-12-16 12:00:00,1.1995458333333333
2005-12-16 16:00:00,1.1993525
2005-12-16 20:00:00,1.2005725
2005-12-19 00:00:00,1.2019333333333333
2005-12-19 04:00:00,1.2017458333333333
2005-12-19 08:00:00,1.2015075
2005-12-19 12:00:00,1.2007433333333333
2005-12-19 16:00:00,1.1991883333333333
2005-12-19 20:00:00,1.2000733333333333
2005-12-20 00:00:00,1.2004258333333335
2005-12-20 04:00:00,1.199
2005-12-20 08:00:00,1.198425
2005-12-20 12:00:00,1.1972
2005-12-20 16:00:00,1.1904024999999998
2005-12-20 20:00:00,1.18575
2005-12-21 00:00:00,1.186625
2005-12-21 04:00:00,1.1872075
2005-12-21 08:00:00,1.1877416666666665
2005-12-21 12:00:00,1.1879541666666666
2005-12-21 16:00:00,1.18274
2005-12-21 20:00:00,1.1827183333333333
2005-12-22 00:00:00,1.1833116666666668
2005-12-22 04:00:00,1.1830416666666665
2005-12-22 08:00:00,1.1829091666666667
2005-12-22 12:00:00,1.18269
2005-12-22 16:00:00,1.1858583333333335
2005-12-22 20:00:00,1.1873883333333333
2005-12-23 00:00:00,1.187115
2005-12-23 04:00:00,1.1874716666666667
2005-12-23 08:00:00,1.1872525
2005-12-23 12:00:00,1.1864725
2005-12-23 16:00:00,1.1851291666666666
2005-12-23 20:00:00,1.1862916666666667
2005-12-26 00:00:00,1.1859791666666666
2005-12-26 04:00:00,1.1844583333333334
2005-12-26 08:00:00,1.1846166666666667
2005-12-26 12:00:00,1.1857125
2005-12-26 16:00:00,1.1849833333333333
2005-12-26 20:00:00,1.1856166666666668
2005-12-27 00:00:00,1.1841249999999999
2005-12-27 04:00:00,1.1837916666666666
2005-12-27 08:00:00,1.1844916666666667
2005-12-27 12:00:00,1.1859341666666667
2005-12-27 16:00:00,1.1855666666666667
2005-12-27 20:00:00,1.184275
2005-12-28 00:00:00,1.1838208333333333
2005-12-28 04:00:00,1.1847283333333332
2005-12-28 08:00:00,1.1883058333333334
2005-12-28 12:00:00,1.1913483333333335
2005-12-28 16:00:00,1.1907458333333332
2005-12-28 20:00:00,1.1834408333333333
2005-12-29 00:00:00,1.1839408333333332
2005-12-29 04:00:00,1.1846333333333332
2005-12-29 08:00:00,1.1858125
2005-12-29 12:00:00,1.1843916666666667
2005-12-29 16:00:00,1.1834633333333333
2005-12-29 20:00:00,1.18425
2005-12-30 08:00:00,1.1869183333333333
2005-12-30 12:00:00,1.1829275
2005-12-30 16:00:00,1.1802783333333333
2005-12-30 20:00:00,1.1829458333333331
2006-01-02 00:00:00,1.1836083333333334
2006-01-02 04:00:00,1.1834583333333333
2006-01-02 08:00:00,1.1833375
2006-01-02 12:00:00,1.183925
2006-01-02 16:00:00,1.1820916666666665
2006-01-02 20:00:00,1.1818916666666666
2006-01-03 00:00:00,1.1821125
2006-01-03 04:00:00,1.1866941666666666
2006-01-03 08:00:00,1.18869
2006-01-03 12:00:00,1.1882583333333334
2006-01-03 16:00:00,1.1931491666666667
2006-01-03 20:00:00,1.1995158333333333
2006-01-04 00:00:00,1.2021866666666665
2006-01-04 04:00:00,1.2058625
2006-01-04 08:00:00,1.2053525
2006-01-04 12:00:00,1.2069666666666665
2006-01-04 16:00:00,1.20865
2006-01-04 20:00:00,1.2124000000000001
2006-01-05 00:00:00,1.2113883333333333
2006-01-05 04:00:00,1.2103408333333334
2006-01-05 08:00:00,1.2099483333333332
2006-01-05 12:00:00,1.2088833333333335
2006-01-05 16:00:00,1.2090216666666667
2006-01-05 20:00:00,1.2102050000000002
2006-01-06 00:00:00,1.2106299999999999
2006-01-06 04:00:00,1.2090708333333333
2006-01-06 08:00:00,1.2089375
2006-01-06 12:00:00,1.2092958333333335
2006-01-06 16:00:00,1.21462
2006-01-06 20:00:00,1.215325
2006-01-09 00:00:00,1.2140666666666666
2006-01-09 04:00:00,1.2143358333333334
2006-01-09 08:00:00,1.2122166666666667
2006-01-09 12:00:00,1.2080374999999999
2006-01-09 16:00:00,1.2074858333333334
2006-01-09 20:00:00,1.2080199999999999
2006-01-10 00:00:00,1.2078258333333334
2006-01-10 04:00:00,1.2064883333333334
2006-01-10 08:00:00,1.205935
2006-01-10 12:00:00,1.2085833333333333
2006-01-10 16:00:00,1.206185
2006-01-10 20:00:00,1.2069333333333332
2006-01-11 00:00:00,1.2060858333333333
2006-01-11 04:00:00,1.2066299999999999
2006-01-11 08:00:00,1.205675
2006-01-11 12:00:00,1.2068708333333333
2006-01-11 16:00:00,1.2101941666666667
2006-01-11 20:00:00,1.2128583333333334
2006-01-12 00:00:00,1.2132908333333332
2006-01-12 04:00:00,1.2145358333333334
2006-01-12 08:00:00,1.2144616666666666
2006-01-12 12:00:00,1.2141791666666668
2006-01-12 16:00:00,1.2048633333333334
2006-01-12 20:00:00,1.2032916666666666
2006-01-13 00:00:00,1.2035833333333334
2006-01-13 04:00:00,1.203865
2006-01-13 08:00:00,1.2057041666666666
2006-01-13 12:00:00,1.2059583333333332
2006-01-13 16:00:00,1.2070641666666666
2006-01-13 20:00:00,1.2129958333333333
2006-01-16 00:00:00,1.2149666666666668
2006-01-16 04:00:00,1.2154333333333334
2006-01-16 08:00:00,1.2143591666666667
2006-01-16 12:00:00,1.2138916666666666
2006-01-16 16:00:00,1.2116799999999999
2006-01-16 20:00:00,1.2119758333333333
2006-01-17 00:00:00,1.2112533333333333
2006-01-17 04:00:00,1.2103216666666665
2006-01-17 08:00:00,1.2123825
2006-01-17 12:00:00,1.2095133333333332
2006-01-17 16:00:00,1.2067691666666667
2006-01-17 20:00:00,1.208595
2006-01-18 00:00:00,1.210665
2006-01-18 04:00:00,1.2095383333333334
2006-01-18 08:00:00,1.2104416666666666
2006-01-18 12:00:00,1.2119458333333333
2006-01-18 16:00:00,1.2119091666666668
2006-01-18 20:00:00,1.2094858333333334
2006-01-19 00:00:00,1.2108133333333333
2006-01-19 04:00:00,1.2095925
2006-01-19 08:00:00,1.2091233333333333
2006-01-19 12:00:00,1.2077583333333333
2006-01-19 16:00:00,1.2086358333333331
2006-01-19 20:00:00,1.2097191666666667
2006-01-20 00:00:00,1.2091966666666667
2006-01-20 04:00:00,1.2080716666666667
2006-01-20 08:00:00,1.2074208333333334
2006-01-20 12:00:00,1.2074541666666665
2006-01-20 16:00:00,1.2092416666666668
2006-01-20 20:00:00,1.2122108333333332
2006-01-23 00:00:00,1.2157083333333334
2006-01-23 04:00:00,1.2237500000000001
2006-01-23 08:00:00,1.2236458333333333
2006-01-23 12:00:00,1.2271958333333335
2006-01-23 16:00:00,1.2277691666666666
2006-01-23 20:00:00,1.2294275
2006-01-24 00:00:00,1.23013
2006-01-24 04:00:00,1.2288341666666667
2006-01-24 08:00:00,1.2290533333333333
2006-01-24 12:00:00,1.227525
2006-01-24 16:00:00,1.2273666666666667
2006-01-24 20:00:00,1.2286733333333335
2006-01-25 00:00:00,1.2271649999999998
2006-01-25 04:00:00,1.2266216666666667
2006-01-25 08:00:00,1.2273
2006-01-25 12:00:00,1.2303916666666668
2006-01-25 16:00:00,1.2264158333333333
2006-01-25 20:00:00,1.22587
2006-01-26 00:00:00,1.2242883333333334
2006-01-26 04:00:00,1.2252466666666666
2006-01-26 08:00:00,1.2252833333333333
2006-01-26 12:00:00,1.22465
2006-01-26 16:00:00,1.2244441666666666
2006-01-26 20:00:00,1.2216966666666669
2006-01-27 00:00:00,1.2209008333333333
2006-01-27 04:00:00,1.22073
2006-01-27 08:00:00,1.2205375
2006-01-27 12:00:00,1.2190508333333332
2006-01-27 16:00:00,1.2178875
2006-01-27 20:00:00,1.2107691666666667
2006-01-30 00:00:00,1.2097250000000002
2006-01-30 04:00:00,1.2091625
2006-01-30 08:00:00,1.209925
2006-01-30 12:00:00,1.20875
2006-01-30 16:00:00,1.2085708333333334
2006-01-30 20:00:00,1.2082766666666667
2006-01-31 00:00:00,1.2086933333333332
2006-01-31 04:00:00,1.209684166666667
2006-01-31 08:00:00,1.2097708333333335
2006-01-31 12:00:00,1.2106166666666667
2006-01-31 16:00:00,1.2129483333333335
2006-01-31 20:00:00,1.2160966666666666
2006-02-01 00:00:00,1.2148025000000002
2006-02-01 04:00:00,1.2149383333333335
2006-02-01 08:00:00,1.2150683333333334
2006-02-01 12:00:00,1.2111666666666667
2006-02-01 16:00:00,1.2094283333333333
2006-02-01 20:00:00,1.20699
2006-02-02 00:00:00,1.2063358333333334
2006-02-02 04:00:00,1.2067008333333333
2006-02-02 08:00:00,1.2052791666666667
2006-02-02 12:00:00,1.206385
2006-02-02 16:00:00,1.2071200000000002
2006-02-02 20:00:00,1.2097216666666666
2006-02-03 00:00:00,1.2090425
2006-02-03 04:00:00,1.2094841666666667
2006-02-03 08:00:00,1.2084175
2006-02-03 12:00:00,1.2068883333333333
2006-02-03 16:00:00,1.2007949999999998
2006-02-03 20:00:00,1.2015083333333334
2006-02-06 00:00:00,1.2026091666666667
2006-02-06 04:00:00,1.2022925
2006-02-06 08:00:00,1.2010166666666668
2006-02-06 12:00:00,1.19845
2006-02-06 16:00:00,1.1974008333333332
2006-02-06 20:00:00,1.1959891666666667
2006-02-07 00:00:00,1.19651
2006-02-07 04:00:00,1.1966466666666666
2006-02-07 08:00:00,1.1979841666666666
2006-02-07 12:00:00,1.1987208333333332
2006-02-07 16:00:00,1.1970275
2006-02-07 20:00:00,1.1971716666666667
2006-02-08 00:00:00,1.1982816666666667
2006-02-08 04:00:00,1.1973141666666667
2006-02-08 08:00:00,1.1972716666666667
2006-02-08 12:00:00,1.1967500000000002
2006-02-08 16:00:00,1.1950966666666667
2006-02-08 20:00:00,1.1944083333333333
2006-02-09 00:00:00,1.1963716666666666
2006-02-09 04:00:00,1.1971133333333335
2006-02-09 08:00:00,1.1978266666666666
2006-02-09 12:00:00,1.1976916666666668
2006-02-09 16:00:00,1.1967041666666667
2006-02-09 20:00:00,1.1971208333333334
2006-02-10 00:00:00,1.1984083333333333
2006-02-10 04:00:00,1.198176666666667
2006-02-10 08:00:00,1.19809
2006-02-10 12:00:00,1.1973666666666665
2006-02-10 16:00:00,1.1968908333333335
2006-02-10 20:00:00,1.1911125
2006-02-13 00:00:00,1.1894025
2006-02-13 04:00:00,1.1895458333333333
2006-02-13 08:00:00,1.1900541666666666
2006-02-13 12:00:00,1.1888916666666667
2006-02-13 16:00:00,1.1896175
2006-02-13 20:00:00,1.1905516666666667
2006-02-14 00:00:00,1.1901808333333332
2006-02-14 04:00:00,1.19
2006-02-14 08:00:00,1.1912408333333335
2006-02-14 12:00:00,1.1905333333333332
2006-02-14 16:00:00,1.1881275
2006-02-14 20:00:00,1.1905058333333334
2006-02-15 00:00:00,1.1915591666666665
2006-02-15 04:00:00,1.1923008333333334
2006-02-15 08:00:00,1.1915725
2006-02-15 12:00:00,1.1908875
2006-02-15 16:00:00,1.1910708333333333
2006-02-15 20:00:00,1.1883133333333333
2006-02-16 00:00:00,1.1886716666666666
2006-02-16 04:00:00,1.1880966666666668
2006-02-16 08:00:00,1.18817
2006-02-16 12:00:00,1.1867725
2006-02-16 16:00:00,1.187685
2006-02-16 20:00:00,1.188375
2006-02-17 00:00:00,1.1901766666666667
2006-02-17 04:00:00,1.1883883333333334
2006-02-17 08:00:00,1.1883316666666666
2006-02-17 12:00:00,1.18755
2006-02-17 16:00:00,1.1897025
2006-02-17 20:00:00,1.1922000000000001
2006-02-20 00:00:00,1.193225
2006-02-20 04:00:00,1.1959916666666666
2006-02-20 08:00:00,1.1957416666666667
2006-02-20 12:00:00,1.1939958333333334
2006-02-20 16:00:00,1.1942650000000001
2006-02-20 20:00:00,1.1941641666666665
2006-02-21 00:00:00,1.1934216666666666
2006-02-21 04:00:00,1.19243
2006-02-21 08:00:00,1.1919125
2006-02-21 12:00:00,1.1911375
2006-02-21 16:00:00,1.1904474999999999
2006-02-21 20:00:00,1.1915383333333334
2006-02-22 00:00:00,1.1912458333333333
2006-02-22 04:00:00,1.1920675
2006-02-22 08:00:00,1.1914391666666666
2006-02-22 12:00:00,1.1886266666666667
2006-02-22 16:00:00,1.1885783333333333
2006-02-22 20:00:00,1.1903675
2006-02-23 00:00:00,1.1910516666666666
2006-02-23 04:00:00,1.1903341666666667
2006-02-23 08:00:00,1.1907475
2006-02-23 12:00:00,1.1948766666666668
2006-02-23 16:00:00,1.1930516666666666
2006-02-23 20:00:00,1.1922583333333332
2006-02-24 00:00:00,1.1919591666666667
2006-02-24 04:00:00,1.1923133333333333
2006-02-24 08:00:00,1.1915766666666667
2006-02-24 12:00:00,1.1897141666666666
2006-02-24 16:00:00,1.188805
2006-02-24 20:00:00,1.1873833333333332
2006-02-27 00:00:00,1.18509
2006-02-27 04:00:00,1.1861483333333334
2006-02-27 08:00:00,1.1856616666666666
2006-02-27 12:00:00,1.1851891666666667
2006-02-27 16:00:00,1.185165833333333
2006-02-27 20:00:00,1.1853291666666665
2006-02-28 00:00:00,1.1845283333333332
2006-02-28 04:00:00,1.185155
2006-02-28 08:00:00,1.1856475
2006-02-28 12:00:00,1.1879125000000001
2006-02-28 16:00:00,1.1898816666666665
2006-02-28 20:00:00,1.1925925
2006-03-01 00:00:00,1.1928649999999998
2006-03-01 04:00:00,1.1941383333333333
2006-03-01 08:00:00,1.1934833333333335
2006-03-01 12:00:00,1.19386
2006-03-01 16:00:00,1.1940116666666667
2006-03-01 20:00:00,1.1910150000000002
2006-03-02 00:00:00,1.1918699999999998
2006-03-02 04:00:00,1.1919175
2006-03-02 08:00:00,1.1928266666666667
2006-03-02 12:00:00,1.1937125
2006-03-02 16:00:00,1.1966641666666666
2006-03-02 20:00:00,1.202325
2006-03-03 00:00:00,1.2034041666666666
2006-03-03 04:00:00,1.2018
2006-03-03 08:00:00,1.2022
2006-03-03 12:00:00,1.20165
2006-03-03 16:00:00,1.202955
2006-03-03 20:00:00,1.2028491666666667
2006-03-06 00:00:00,1.2056683333333333
2006-03-06 04:00:00,1.2073
2006-03-06 08:00:00,1.2064875000000002
2006-03-06 12:00:00,1.2036541666666665
2006-03-06 16:00:00,1.2016891666666667
2006-03-06 20:00:00,1.2010366666666665
2006-03-07 00:00:00,1.2009408333333333
2006-03-07 04:00:00,1.1990258333333332
2006-03-07 08:00:00,1.1956758333333333
2006-03-07 12:00:00,1.1914583333333333
2006-03-07 16:00:00,1.1894608333333334
2006-03-07 20:00:00,1.1882391666666665
2006-03-08 00:00:00,1.1885141666666668
2006-03-08 04:00:00,1.1890966666666667
2006-03-08 08:00:00,1.1903166666666667
2006-03-08 12:00:00,1.1919491666666666
2006-03-08 16:00:00,1.1910950000000002
2006-03-08 20:00:00,1.1920933333333332
2006-03-09 00:00:00,1.192565
2006-03-09 04:00:00,1.1932550000000002
2006-03-09 08:00:00,1.1929725
2006-03-09 12:00:00,1.1928425
2006-03-09 16:00:00,1.1918525
2006-03-09 20:00:00,1.1909958333333335
2006-03-10 00:00:00,1.1903758333333334
2006-03-10 04:00:00,1.1898716666666667
2006-03-10 08:00:00,1.1912891666666667
2006-03-10 12:00:00,1.1920666666666666
2006-03-10 16:00:00,1.1887308333333333
2006-03-10 20:00:00,1.1900708333333334
2006-03-13 00:00:00,1.1912083333333334
2006-03-13 04:00:00,1.1941666666666666
2006-03-13 08:00:00,1.1944458333333334
2006-03-13 12:00:00,1.1928108333333334
2006-03-13 16:00:00,1.1927808333333334
2006-03-13 20:00:00,1.1946608333333333
2006-03-14 00:00:00,1.1964575
2006-03-14 04:00:00,1.1965908333333335
2006-03-14 08:00:00,1.1971283333333331
2006-03-14 12:00:00,1.1956716666666667
2006-03-14 16:00:00,1.1990091666666667
2006-03-14 20:00:00,1.2018175
2006-03-15 00:00:00,1.2015175
2006-03-15 04:00:00,1.2018933333333335
2006-03-15 08:00:00,1.2025849999999998
2006-03-15 12:00:00,1.2026066666666666
2006-03-15 16:00:00,1.2036375
2006-03-15 20:00:00,1.2058499999999999
2006-03-16 00:00:00,1.20679
2006-03-16 04:00:00,1.2056558333333334
2006-03-16 08:00:00,1.20523
2006-03-16 12:00:00,1.2071991666666666
2006-03-16 16:00:00,1.2136624999999999
2006-03-16 20:00:00,1.2174775
2006-03-17 00:00:00,1.2176275
2006-03-17 04:00:00,1.2170583333333334
2006-03-17 08:00:00,1.2163925
2006-03-17 12:00:00,1.2178283333333333
2006-03-17 16:00:00,1.2175525
2006-03-17 20:00:00,1.2191691666666666
2006-03-20 00:00:00,1.2175966666666667
2006-03-20 04:00:00,1.217305
2006-03-20 08:00:00,1.2172016666666665
2006-03-20 12:00:00,1.217925
2006-03-20 16:00:00,1.2171683333333334
2006-03-20 20:00:00,1.2162449999999998
2006-03-21 00:00:00,1.2157775
2006-03-21 04:00:00,1.2139108333333333
2006-03-21 08:00:00,1.2133966666666667
2006-03-21 12:00:00,1.21394
2006-03-21 16:00:00,1.2110933333333334
2006-03-21 20:00:00,1.2091466666666668
2006-03-22 00:00:00,1.2100266666666666
2006-03-22 04:00:00,1.2088675
2006-03-22 08:00:00,1.2087666666666665
2006-03-22 12:00:00,1.2076850000000001
2006-03-22 16:00:00,1.209285
2006-03-22 20:00:00,1.2079591666666667
2006-03-23 00:00:00,1.207415
2006-03-23 04:00:00,1.2055841666666667
2006-03-23 08:00:00,1.2064316666666668
2006-03-23 12:00:00,1.2061499999999998
2006-03-23 16:00:00,1.2025083333333333
2006-03-23 20:00:00,1.1973025
2006-03-24 00:00:00,1.1969216666666667
2006-03-24 04:00:00,1.1968233333333334
2006-03-24 08:00:00,1.1968949999999998
2006-03-24 12:00:00,1.1968616666666667
2006-03-24 16:00:00,1.1991841666666665
2006-03-24 20:00:00,1.2033733333333334
2006-03-27 00:00:00,1.2029291666666668
2006-03-27 04:00:00,1.2037958333333334
2006-03-27 08:00:00,1.2042225
2006-03-27 12:00:00,1.2027100000000002
2006-03-27 16:00:00,1.2024433333333333
2006-03-27 20:00:00,1.2011441666666667
2006-03-28 00:00:00,1.201185
2006-03-28 04:00:00,1.2003925
2006-03-28 08:00:00,1.202305
2006-03-28 12:00:00,1.206875
2006-03-28 16:00:00,1.2083291666666667
2006-03-28 20:00:00,1.2044833333333334
2006-03-29 00:00:00,1.20023
2006-03-29 04:00:00,1.2001383333333333
2006-03-29 08:00:00,1.2001658333333334
2006-03-29 12:00:00,1.2009124999999998
2006-03-29 16:00:00,1.2010191666666667
2006-03-29 20:00:00,1.2029758333333334
2006-03-30 00:00:00,1.2029066666666666
2006-03-30 04:00:00,1.2055341666666668
2006-03-30 08:00:00,1.20621
2006-03-30 12:00:00,1.2079125
2006-03-30 16:00:00,1.2113733333333334
2006-03-30 20:00:00,1.214595
2006-03-31 00:00:00,1.2164975
2006-03-31 04:00:00,1.216105
2006-03-31 08:00:00,1.213545
2006-03-31 12:00:00,1.2102525000000002
2006-03-31 16:00:00,1.21144
2006-03-31 20:00:00,1.2122166666666665
2006-04-03 00:00:00,1.2107125
2006-04-03 04:00:00,1.2077875
2006-04-03 08:00:00,1.2049333333333334
2006-04-03 12:00:00,1.2061
2006-04-03 16:00:00,1.2102216666666665
2006-04-03 20:00:00,1.2136975
2006-04-04 00:00:00,1.2136066666666667
2006-04-04 04:00:00,1.2139166666666668
2006-04-04 08:00:00,1.2147566666666667
2006-04-04 12:00:00,1.2186116666666666
2006-04-04 16:00:00,1.2257308333333334
2006-04-04 20:00:00,1.2257891666666667
2006-04-05 00:00:00,1.2255933333333333
2006-04-05 04:00:00,1.2268024999999998
2006-04-05 08:00:00,1.2268158333333332
2006-04-05 12:00:00,1.2264541666666666
2006-04-05 16:00:00,1.2280183333333334
2006-04-05 20:00:00,1.2294041666666666
2006-04-06 00:00:00,1.2287149999999998
2006-04-06 04:00:00,1.2284633333333335
2006-04-06 08:00:00,1.2295250000000002
2006-04-06 12:00:00,1.2299924999999998
2006-04-06 16:00:00,1.2220883333333334
2006-04-06 20:00:00,1.2224175000000002
2006-04-07 00:00:00,1.2210633333333334
2006-04-07 04:00:00,1.2199775000000002
2006-04-07 08:00:00,1.2192883333333333
2006-04-07 12:00:00,1.2189025
2006-04-07 16:00:00,1.2128758333333334
2006-04-07 20:00:00,1.2102216666666665
2006-04-10 00:00:00,1.2103916666666665
2006-04-10 04:00:00,1.2109583333333334
2006-04-10 08:00:00,1.2115058333333333
2006-04-10 12:00:00,1.2109725
2006-04-10 16:00:00,1.2100266666666666
2006-04-10 20:00:00,1.2097308333333332
2006-04-11 00:00:00,1.2107091666666667
2006-04-11 04:00:00,1.2104741666666667
2006-04-11 08:00:00,1.2130158333333332
2006-04-11 12:00:00,1.2114441666666667
2006-04-11 16:00:00,1.2126625
2006-04-11 20:00:00,1.2139183333333334
2006-04-12 00:00:00,1.2150758333333334
2006-04-12 04:00:00,1.2159716666666667
2006-04-12 08:00:00,1.215005
2006-04-12 12:00:00,1.2132491666666665
2006-04-12 16:00:00,1.2109616666666665
2006-04-12 20:00:00,1.2102408333333332
2006-04-13 00:00:00,1.21043
2006-04-13 04:00:00,1.21028
2006-04-13 08:00:00,1.2113508333333334
2006-04-13 12:00:00,1.21015
2006-04-13 16:00:00,1.209275
2006-04-13 20:00:00,1.2110816666666666
2006-04-14 00:00:00,1.2110208333333334
2006-04-14 04:00:00,1.2109583333333331
2006-04-14 08:00:00,1.2107275
2006-04-14 12:00:00,1.21076
2006-04-14 16:00:00,1.2108183333333333
2006-04-14 20:00:00,1.210855
2006-04-17 00:00:00,1.2132208333333332
2006-04-17 04:00:00,1.2183208333333333
2006-04-17 08:00:00,1.2177499999999999
2006-04-17 12:00:00,1.2208666666666668
2006-04-17 16:00:00,1.2257883333333335
2006-04-17 20:00:00,1.2262841666666666
2006-04-18 00:00:00,1.22547
2006-04-18 04:00:00,1.2263133333333334
2006-04-18 08:00:00,1.2244125000000001
2006-04-18 12:00:00,1.2262725
2006-04-18 16:00:00,1.2282558333333333
2006-04-18 20:00:00,1.2310666666666665
2006-04-19 00:00:00,1.2359858333333333
2006-04-19 04:00:00,1.23515
2006-04-19 08:00:00,1.2351625
2006-04-19 12:00:00,1.23387
2006-04-19 16:00:00,1.2337233333333333
2006-04-19 20:00:00,1.2383716666666666
2006-04-20 00:00:00,1.237145
2006-04-20 04:00:00,1.2354783333333335
2006-04-20 08:00:00,1.2347191666666666
2006-04-20 12:00:00,1.2334241666666665
2006-04-20 16:00:00,1.2318708333333332
2006-04-20 20:00:00,1.2317174999999998
2006-04-21 00:00:00,1.2305758333333334
2006-04-21 04:00:00,1.23088
2006-04-21 08:00:00,1.2301233333333332
2006-04-21 12:00:00,1.2321658333333332
2006-04-21 16:00:00,1.2334466666666666
2006-04-21 20:00:00,1.23379
2006-04-24 00:00:00,1.2365458333333335
2006-04-24 04:00:00,1.2350333333333334
2006-04-24 08:00:00,1.2375975000000001
2006-04-24 12:00:00,1.2371891666666668
2006-04-24 16:00:00,1.2366925
2006-04-24 20:00:00,1.2399133333333332
2006-04-25 00:00:00,1.23828
2006-04-25 04:00:00,1.2374675000000002
2006-04-25 08:00:00,1.2387833333333333
2006-04-25 12:00:00,1.2395983333333334
2006-04-25 16:00:00,1.240735
2006-04-25 20:00:00,1.2423508333333333
2006-04-26 00:00:00,1.2427841666666666
2006-04-26 04:00:00,1.2420008333333334
2006-04-26 08:00:00,1.2412258333333335
2006-04-26 12:00:00,1.2413175
2006-04-26 16:00:00,1.2447658333333333
2006-04-26 20:00:00,1.2450483333333333
2006-04-27 00:00:00,1.2451008333333333
2006-04-27 04:00:00,1.2456091666666667
2006-04-27 08:00:00,1.2445325
2006-04-27 12:00:00,1.2426025
2006-04-27 16:00:00,1.2498608333333334
2006-04-27 20:00:00,1.2533841666666667
2006-04-28 00:00:00,1.2533508333333332
2006-04-28 04:00:00,1.2526633333333332
2006-04-28 08:00:00,1.2541916666666666
2006-04-28 12:00:00,1.2548125
2006-04-28 16:00:00,1.259793333333333
2006-04-28 20:00:00,1.2619408333333333
2006-05-01 00:00:00,1.2618541666666667
2006-05-01 04:00:00,1.2623516666666665
2006-05-01 08:00:00,1.262505
2006-05-01 12:00:00,1.2628166666666667
2006-05-01 16:00:00,1.2630741666666667
2006-05-01 20:00:00,1.2602308333333334
2006-05-02 00:00:00,1.2572125
2006-05-02 04:00:00,1.2581008333333332
2006-05-02 08:00:00,1.25849
2006-05-02 12:00:00,1.2637883333333333
2006-05-02 16:00:00,1.2635058333333333
2006-05-02 20:00:00,1.2621108333333333
2006-05-03 00:00:00,1.2612941666666666
2006-05-03 04:00:00,1.2639158333333333
2006-05-03 08:00:00,1.2642808333333333
2006-05-03 12:00:00,1.2630225
2006-05-03 16:00:00,1.2626
2006-05-03 20:00:00,1.2629466666666667
2006-05-04 00:00:00,1.2629533333333334
2006-05-04 04:00:00,1.2624708333333334
2006-05-04 08:00:00,1.2604875
2006-05-04 12:00:00,1.2598466666666666
2006-05-04 16:00:00,1.2667141666666668
2006-05-04 20:00:00,1.2699983333333331
2006-05-05 00:00:00,1.2696791666666667
2006-05-05 04:00:00,1.26935
2006-05-05 08:00:00,1.2691091666666667
2006-05-05 12:00:00,1.2697508333333332
2006-05-05 16:00:00,1.2739208333333334
2006-05-05 20:00:00,1.2732166666666667
2006-05-08 00:00:00,1.2733716666666666
2006-05-08 04:00:00,1.2724875
2006-05-08 08:00:00,1.2747683333333333
2006-05-08 12:00:00,1.2763391666666668
2006-05-08 16:00:00,1.2718
2006-05-08 20:00:00,1.270575
2006-05-09 00:00:00,1.2701758333333333
2006-05-09 04:00:00,1.2692966666666665
2006-05-09 08:00:00,1.2684291666666667
2006-05-09 12:00:00,1.2692416666666666
2006-05-09 16:00:00,1.275075
2006-05-09 20:00:00,1.2754141666666667
2006-05-10 00:00:00,1.2760341666666668
2006-05-10 04:00:00,1.2760758333333333
2006-05-10 08:00:00,1.2780341666666668
2006-05-10 12:00:00,1.2786266666666666
2006-05-10 16:00:00,1.2790883333333334
2006-05-10 20:00:00,1.2797425
2006-05-11 00:00:00,1.2769866666666667
2006-05-11 04:00:00,1.2731983333333334
2006-05-11 08:00:00,1.2722558333333334
2006-05-11 12:00:00,1.2720941666666667
2006-05-11 16:00:00,1.2817366666666667
2006-05-11 20:00:00,1.2845908333333333
2006-05-12 00:00:00,1.2847608333333334
2006-05-12 04:00:00,1.2852816666666667
2006-05-12 08:00:00,1.2879783333333332
2006-05-12 12:00:00,1.2913316666666665
2006-05-12 16:00:00,1.2887808333333333
2006-05-12 20:00:00,1.2908233333333334
2006-05-15 00:00:00,1.2944258333333334
2006-05-15 04:00:00,1.2927058333333334
2006-05-15 08:00:00,1.2891583333333334
2006-05-15 12:00:00,1.282735
2006-05-15 16:00:00,1.2822066666666667
2006-05-15 20:00:00,1.2800783333333334
2006-05-16 00:00:00,1.2794699999999999
2006-05-16 04:00:00,1.2820408333333333
2006-05-16 08:00:00,1.2815591666666666
2006-05-16 12:00:00,1.2817591666666666
2006-05-16 16:00:00,1.2836875
2006-05-16 20:00:00,1.2851141666666668
2006-05-17 00:00:00,1.2851408333333334
2006-05-17 04:00:00,1.2861816666666668
2006-05-17 08:00:00,1.2882025000000001
2006-05-17 12:00:00,1.2893024999999998
2006-05-17 16:00:00,1.2781941666666665
2006-05-17 20:00:00,1.2737625000000001
2006-05-18 00:00:00,1.2739116666666666
2006-05-18 04:00:00,1.2758258333333334
2006-05-18 08:00:00,1.2762508333333333
2006-05-18 12:00:00,1.2778399999999999
2006-05-18 16:00:00,1.2807066666666667
2006-05-18 20:00:00,1.2826283333333333
2006-05-19 00:00:00,1.2853308333333335
2006-05-19 04:00:00,1.2836866666666666
2006-05-19 08:00:00,1.2803525000000002
2006-05-19 12:00:00,1.275505
2006-05-19 16:00:00,1.2732975
2006-05-19 20:00:00,1.2769041666666667
2006-05-22 00:00:00,1.2755324999999997
2006-05-22 04:00:00,1.27396
2006-05-22 08:00:00,1.2730208333333333
2006-05-22 12:00:00,1.2762766666666667
2006-05-22 16:00:00,1.2813941666666668
2006-05-22 20:00:00,1.2859841666666667
2006-05-23 00:00:00,1.2854808333333334
2006-05-23 04:00:00,1.28638
2006-05-23 08:00:00,1.2847916666666668
2006-05-23 12:00:00,1.2844733333333331
2006-05-23 16:00:00,1.2839616666666667
2006-05-23 20:00:00,1.2849975
2006-05-24 00:00:00,1.2785183333333334
2006-05-24 04:00:00,1.2787325
2006-05-24 08:00:00,1.2815699999999999
2006-05-24 12:00:00,1.2860091666666666
2006-05-24 16:00:00,1.2781216666666668
2006-05-24 20:00:00,1.2768633333333335
2006-05-25 00:00:00,1.2763808333333333
2006-05-25 04:00:00,1.2754525
2006-05-25 08:00:00,1.2772816666666666
2006-05-25 12:00:00,1.2774741666666667
2006-05-25 16:00:00,1.2775583333333334
2006-05-25 20:00:00,1.2792358333333333
2006-05-26 00:00:00,1.2807383333333333
2006-05-26 04:00:00,1.2776258333333335
2006-05-26 08:00:00,1.2793441666666665
2006-05-26 12:00:00,1.280965
2006-05-26 16:00:00,1.27349
2006-05-26 20:00:00,1.2726925
2006-05-29 00:00:00,1.2734591666666666
2006-05-29 04:00:00,1.2745391666666668
2006-05-29 08:00:00,1.2747741666666665
2006-05-29 12:00:00,1.2761125
2006-05-29 16:00:00,1.2749125
2006-05-29 20:00:00,1.2749341666666667
2006-05-30 00:00:00,1.2749891666666668
2006-05-30 04:00:00,1.2792075
2006-05-30 08:00:00,1.2835866666666667
2006-05-30 12:00:00,1.2853133333333333
2006-05-30 16:00:00,1.2872075
2006-05-30 20:00:00,1.2872525
2006-05-31 00:00:00,1.2862141666666667
2006-05-31 04:00:00,1.2863216666666668
2006-05-31 08:00:00,1.2876100000000001
2006-05-31 12:00:00,1.2867516666666667
2006-05-31 16:00:00,1.2843166666666668
2006-05-31 20:00:00,1.2819733333333332
2006-06-01 00:00:00,1.2809400000000002
2006-06-01 04:00:00,1.2776925000000001
2006-06-01 08:00:00,1.2776399999999999
2006-06-01 12:00:00,1.2757325
2006-06-01 16:00:00,1.2788408333333332
2006-06-01 20:00:00,1.2800966666666667
2006-06-02 00:00:00,1.2811758333333332
2006-06-02 04:00:00,1.2813675
2006-06-02 08:00:00,1.2808758333333334
2006-06-02 12:00:00,1.2833166666666667
2006-06-02 16:00:00,1.2919566666666666
2006-06-02 20:00:00,1.2921116666666668
2006-06-05 00:00:00,1.2924691666666668
2006-06-05 04:00:00,1.2937458333333334
2006-06-05 08:00:00,1.295325
2006-06-05 12:00:00,1.2956241666666666
2006-06-05 16:00:00,1.2945308333333334
2006-06-05 20:00:00,1.2928616666666666
2006-06-06 00:00:00,1.29007
2006-06-06 04:00:00,1.2892275
2006-06-06 08:00:00,1.2909825000000001
2006-06-06 12:00:00,1.2870650000000001
2006-06-06 16:00:00,1.2826791666666666
2006-06-06 20:00:00,1.2831758333333334
2006-06-07 00:00:00,1.2822216666666668
2006-06-07 04:00:00,1.2829449999999998
2006-06-07 08:00:00,1.2809608333333333
2006-06-07 12:00:00,1.2800733333333334
2006-06-07 16:00:00,1.2787099999999998
2006-06-07 20:00:00,1.2793883333333333
2006-06-08 00:00:00,1.2797233333333335
2006-06-08 04:00:00,1.2782458333333333
2006-06-08 08:00:00,1.2772458333333334
2006-06-08 12:00:00,1.2741816666666668
2006-06-08 16:00:00,1.2648816666666667
2006-06-08 20:00:00,1.2646083333333333
2006-06-09 00:00:00,1.2646825
2006-06-09 04:00:00,1.2639825
2006-06-09 08:00:00,1.2646016666666666
2006-06-09 12:00:00,1.2650458333333332
2006-06-09 16:00:00,1.2643583333333333
2006-06-09 20:00:00,1.2639266666666666
2006-06-12 00:00:00,1.261275
2006-06-12 04:00:00,1.2624583333333335
2006-06-12 08:00:00,1.2625
2006-06-12 12:00:00,1.2595633333333334
2006-06-12 16:00:00,1.2589908333333333
2006-06-12 20:00:00,1.2597583333333333
2006-06-13 00:00:00,1.2582391666666668
2006-06-13 04:00:00,1.2578858333333334
2006-06-13 08:00:00,1.2576108333333333
2006-06-13 12:00:00,1.2580550000000001
2006-06-13 16:00:00,1.2578141666666667
2006-06-13 20:00:00,1.2541591666666667
2006-06-14 00:00:00,1.2543058333333335
2006-06-14 04:00:00,1.2552366666666668
2006-06-14 08:00:00,1.25793
2006-06-14 12:00:00,1.2571383333333332
2006-06-14 16:00:00,1.2618658333333332
2006-06-14 20:00:00,1.2600716666666667
2006-06-15 00:00:00,1.2603183333333332
2006-06-15 04:00:00,1.2608725
2006-06-15 08:00:00,1.2616066666666665
2006-06-15 12:00:00,1.2614716666666665
2006-06-15 16:00:00,1.2623625
2006-06-15 20:00:00,1.2618991666666666
2006-06-16 00:00:00,1.2635941666666668
2006-06-16 04:00:00,1.2642324999999999
2006-06-16 08:00:00,1.2654641666666666
2006-06-16 12:00:00,1.2655499999999997
2006-06-16 16:00:00,1.2629408333333334
2006-06-16 20:00:00,1.2637908333333332
2006-06-19 00:00:00,1.2632833333333333
2006-06-19 04:00:00,1.2583258333333334
2006-06-19 08:00:00,1.2593741666666667
2006-06-19 12:00:00,1.2585583333333332
2006-06-19 16:00:00,1.2565983333333333
2006-06-19 20:00:00,1.2574508333333334
2006-06-20 00:00:00,1.2573033333333332
2006-06-20 04:00:00,1.2569816666666667
2006-06-20 08:00:00,1.2581633333333333
2006-06-20 12:00:00,1.2558958333333334
2006-06-20 16:00:00,1.2570899999999998
2006-06-20 20:00:00,1.2588666666666666
2006-06-21 00:00:00,1.2589625
2006-06-21 04:00:00,1.2618616666666667
2006-06-21 08:00:00,1.2620991666666668
2006-06-21 12:00:00,1.2630491666666668
2006-06-21 16:00:00,1.2648033333333333
2006-06-21 20:00:00,1.2663725
2006-06-22 00:00:00,1.2663775
2006-06-22 04:00:00,1.2668658333333334
2006-06-22 08:00:00,1.2654566666666667
2006-06-22 12:00:00,1.260275
2006-06-22 16:00:00,1.257345
2006-06-22 20:00:00,1.2578841666666667
2006-06-23 00:00:00,1.2576225
2006-06-23 04:00:00,1.2568991666666667
2006-06-23 08:00:00,1.2569458333333334
2006-06-23 12:00:00,1.2525825
2006-06-23 16:00:00,1.2518733333333334
2006-06-23 20:00:00,1.2511458333333334
2006-06-26 00:00:00,1.2507583333333332
2006-06-26 04:00:00,1.25163
2006-06-26 08:00:00,1.2539033333333334
2006-06-26 12:00:00,1.255995
2006-06-26 16:00:00,1.2554925
2006-06-26 20:00:00,1.2582175000000002
2006-06-27 00:00:00,1.2595725
2006-06-27 04:00:00,1.2606283333333332
2006-06-27 08:00:00,1.2596408333333335
2006-06-27 12:00:00,1.257625
2006-06-27 16:00:00,1.2591575000000002
2006-06-27 20:00:00,1.258275
2006-06-28 00:00:00,1.2573283333333332
2006-06-28 04:00:00,1.2576675000000002
2006-06-28 08:00:00,1.2569433333333333
2006-06-28 12:00:00,1.2563275
2006-06-28 16:00:00,1.2538741666666666
2006-06-28 20:00:00,1.2548475
2006-06-29 00:00:00,1.2545291666666667
2006-06-29 04:00:00,1.2544508333333333
2006-06-29 08:00:00,1.2544925
2006-06-29 12:00:00,1.2532441666666667
2006-06-29 16:00:00,1.2538558333333334
2006-06-29 20:00:00,1.2615016666666667
2006-06-30 00:00:00,1.2664541666666667
2006-06-30 04:00:00,1.2704508333333333
2006-06-30 08:00:00,1.2713375
2006-06-30 12:00:00,1.2717558333333332
2006-06-30 16:00:00,1.2773808333333334
2006-06-30 20:00:00,1.2784116666666665
2006-07-03 00:00:00,1.27827
2006-07-03 04:00:00,1.2779866666666666
2006-07-03 08:00:00,1.2779558333333334
2006-07-03 12:00:00,1.2785841666666666
2006-07-03 16:00:00,1.279245
2006-07-03 20:00:00,1.28032
2006-07-04 00:00:00,1.2796875
2006-07-04 04:00:00,1.2803725
2006-07-04 08:00:00,1.2811091666666667
2006-07-04 12:00:00,1.2799116666666668
2006-07-04 16:00:00,1.2797625
2006-07-04 20:00:00,1.2802683333333333
2006-07-05 00:00:00,1.2785316666666666
2006-07-05 04:00:00,1.2787141666666666
2006-07-05 08:00:00,1.2785516666666665
2006-07-05 12:00:00,1.2768858333333333
2006-07-05 16:00:00,1.2724449999999998
2006-07-05 20:00:00,1.2727241666666667
2006-07-06 00:00:00,1.2726141666666666
2006-07-06 04:00:00,1.2730033333333333
2006-07-06 08:00:00,1.2735191666666665
2006-07-06 12:00:00,1.2740691666666666
2006-07-06 16:00:00,1.2755258333333335
2006-07-06 20:00:00,1.27731
2006-07-07 00:00:00,1.2775216666666667
2006-07-07 04:00:00,1.2771458333333334
2006-07-07 08:00:00,1.27737
2006-07-07 12:00:00,1.2787058333333334
2006-07-07 16:00:00,1.2820408333333333
2006-07-07 20:00:00,1.2815833333333333
2006-07-10 00:00:00,1.2804674999999999
2006-07-10 04:00:00,1.2796608333333332
2006-07-10 08:00:00,1.2797441666666667
2006-07-10 12:00:00,1.2764225
2006-07-10 16:00:00,1.2737525
2006-07-10 20:00:00,1.2732941666666666
2006-07-11 00:00:00,1.2738708333333333
2006-07-11 04:00:00,1.2741375000000001
2006-07-11 08:00:00,1.2729325
2006-07-11 12:00:00,1.2738516666666668
2006-07-11 16:00:00,1.2744291666666667
2006-07-11 20:00:00,1.2765966666666668
2006-07-12 00:00:00,1.2766175
2006-07-12 04:00:00,1.2761508333333333
2006-07-12 08:00:00,1.2759383333333334
2006-07-12 12:00:00,1.2726066666666667
2006-07-12 16:00:00,1.2698016666666667
2006-07-12 20:00:00,1.2697958333333335
2006-07-13 00:00:00,1.2702966666666669
2006-07-13 04:00:00,1.2711866666666665
2006-07-13 08:00:00,1.2714891666666666
2006-07-13 12:00:00,1.2697683333333334
2006-07-13 16:00:00,1.2690783333333333
2006-07-13 20:00:00,1.2688499999999998
2006-07-14 00:00:00,1.2689983333333332
2006-07-14 04:00:00,1.26793
2006-07-14 08:00:00,1.2673533333333333
2006-07-14 12:00:00,1.2669625
2006-07-14 16:00:00,1.2638666666666667
2006-07-14 20:00:00,1.2645191666666666
2006-07-17 00:00:00,1.2633625
2006-07-17 04:00:00,1.2626975
2006-07-17 08:00:00,1.2614991666666668
2006-07-17 12:00:00,1.2536458333333333
2006-07-17 16:00:00,1.2526175
2006-07-17 20:00:00,1.2520391666666668
2006-07-18 00:00:00,1.2518725
2006-07-18 04:00:00,1.2526558333333333
2006-07-18 08:00:00,1.2531733333333335
2006-07-18 12:00:00,1.2527575
2006-07-18 16:00:00,1.2504783333333331
2006-07-18 20:00:00,1.2502775000000002
2006-07-19 00:00:00,1.2498516666666668
2006-07-19 04:00:00,1.2493
2006-07-19 08:00:00,1.2496016666666667
2006-07-19 12:00:00,1.2491558333333335
2006-07-19 16:00:00,1.2540983333333333
2006-07-19 20:00:00,1.2597466666666668
2006-07-20 00:00:00,1.2596183333333333
2006-07-20 04:00:00,1.260905
2006-07-20 08:00:00,1.2603058333333332
2006-07-20 12:00:00,1.2624008333333334
2006-07-20 16:00:00,1.2635933333333333
2006-07-20 20:00:00,1.2632858333333332
2006-07-21 00:00:00,1.2630966666666665
2006-07-21 04:00:00,1.2644275
2006-07-21 08:00:00,1.2651283333333332
2006-07-21 12:00:00,1.267305
2006-07-21 16:00:00,1.26807
2006-07-21 20:00:00,1.2688433333333333
2006-07-24 00:00:00,1.2693316666666667
2006-07-24 04:00:00,1.2655325
2006-07-24 08:00:00,1.2631216666666665
2006-07-24 12:00:00,1.2626366666666666
2006-07-24 16:00:00,1.2630225
2006-07-24 20:00:00,1.26278
2006-07-25 00:00:00,1.2625066666666667
2006-07-25 04:00:00,1.2622216666666666
2006-07-25 08:00:00,1.2650016666666666
2006-07-25 12:00:00,1.2643091666666666
2006-07-25 16:00:00,1.2612416666666668
2006-07-25 20:00:00,1.25772
2006-07-26 00:00:00,1.2579258333333334
2006-07-26 04:00:00,1.2577341666666666
2006-07-26 08:00:00,1.2576366666666667
2006-07-26 12:00:00,1.2590316666666668
2006-07-26 16:00:00,1.2619458333333333
2006-07-26 20:00:00,1.2688791666666668
2006-07-27 00:00:00,1.2713058333333334
2006-07-27 04:00:00,1.2718466666666668
2006-07-27 08:00:00,1.2731558333333335
2006-07-27 12:00:00,1.2736075
2006-07-27 16:00:00,1.27356
2006-07-27 20:00:00,1.2698408333333333
2006-07-28 00:00:00,1.2691208333333335
2006-07-28 04:00:00,1.26835
2006-07-28 08:00:00,1.2690308333333333
2006-07-28 12:00:00,1.2685875
2006-07-28 16:00:00,1.2747975
2006-07-28 20:00:00,1.2750516666666667
2006-07-31 00:00:00,1.2760075
2006-07-31 04:00:00,1.2756949999999998
2006-07-31 08:00:00,1.2753841666666665
2006-07-31 12:00:00,1.2759916666666666
2006-07-31 16:00:00,1.276275
2006-07-31 20:00:00,1.2769533333333336
2006-08-01 00:00:00,1.2765058333333335
2006-08-01 04:00:00,1.2744991666666667
2006-08-01 08:00:00,1.2733416666666666
2006-08-01 12:00:00,1.2753891666666668
2006-08-01 16:00:00,1.276505
2006-08-01 20:00:00,1.2816425
2006-08-02 00:00:00,1.2821625
2006-08-02 04:00:00,1.28247
2006-08-02 08:00:00,1.2813241666666668
2006-08-02 12:00:00,1.27996
2006-08-02 16:00:00,1.2800133333333332
2006-08-02 20:00:00,1.2792666666666668
2006-08-03 00:00:00,1.2785433333333334
2006-08-03 04:00:00,1.2753916666666667
2006-08-03 08:00:00,1.2760925
2006-08-03 12:00:00,1.2773416666666666
2006-08-03 16:00:00,1.27958
2006-08-03 20:00:00,1.2807216666666665
2006-08-04 00:00:00,1.2798483333333333
2006-08-04 04:00:00,1.2799891666666667
2006-08-04 08:00:00,1.2794258333333333
2006-08-04 12:00:00,1.2801033333333334
2006-08-04 16:00:00,1.2891541666666666
2006-08-04 20:00:00,1.2879325
2006-08-07 00:00:00,1.2879933333333333
2006-08-07 04:00:00,1.2879458333333333
2006-08-07 08:00:00,1.2873833333333333
2006-08-07 12:00:00,1.2860808333333336
2006-08-07 16:00:00,1.2862033333333334
2006-08-07 20:00:00,1.2840316666666665
2006-08-08 00:00:00,1.2820266666666669
2006-08-08 04:00:00,1.2820308333333332
2006-08-08 08:00:00,1.2832116666666666
2006-08-08 12:00:00,1.2841108333333333
2006-08-08 16:00:00,1.2836816666666668
2006-08-08 20:00:00,1.2843158333333333
2006-08-09 00:00:00,1.2793516666666667
2006-08-09 04:00:00,1.2786558333333333
2006-08-09 08:00:00,1.2832358333333334
2006-08-09 12:00:00,1.2881358333333333
2006-08-09 16:00:00,1.2882258333333332
2006-08-09 20:00:00,1.2866191666666666
2006-08-10 00:00:00,1.2867483333333334
2006-08-10 04:00:00,1.2876683333333334
2006-08-10 08:00:00,1.2874158333333334
2006-08-10 12:00:00,1.2854841666666665
2006-08-10 16:00:00,1.2787391666666665
2006-08-10 20:00:00,1.27881
2006-08-11 00:00:00,1.2791616666666668
2006-08-11 04:00:00,1.2772641666666666
2006-08-11 08:00:00,1.2777158333333334
2006-08-11 12:00:00,1.2768708333333334
2006-08-11 16:00:00,1.2752091666666667
2006-08-11 20:00:00,1.2724416666666665
2006-08-14 00:00:00,1.2725083333333334
2006-08-14 04:00:00,1.2746158333333333
2006-08-14 08:00:00,1.2743366666666667
2006-08-14 12:00:00,1.2728483333333334
2006-08-14 16:00:00,1.2738383333333334
2006-08-14 20:00:00,1.2719466666666666
2006-08-15 00:00:00,1.2721458333333333
2006-08-15 04:00:00,1.2725
2006-08-15 08:00:00,1.2731066666666666
2006-08-15 12:00:00,1.2729133333333333
2006-08-15 16:00:00,1.2786033333333333
2006-08-15 20:00:00,1.2785133333333332
2006-08-16 00:00:00,1.2785558333333333
2006-08-16 04:00:00,1.2787099999999998
2006-08-16 08:00:00,1.2787858333333333
2006-08-16 12:00:00,1.2793424999999998
2006-08-16 16:00:00,1.2853375
2006-08-16 20:00:00,1.2842683333333333
2006-08-17 00:00:00,1.2845250000000001
2006-08-17 04:00:00,1.2853150000000002
2006-08-17 08:00:00,1.2858625
2006-08-17 12:00:00,1.2871925
2006-08-17 16:00:00,1.2861049999999998
2006-08-17 20:00:00,1.2825566666666666
2006-08-18 00:00:00,1.2828075
2006-08-18 04:00:00,1.2825891666666667
2006-08-18 08:00:00,1.2833725
2006-08-18 12:00:00,1.2813641666666666
2006-08-18 16:00:00,1.2815633333333332
2006-08-18 20:00:00,1.2820383333333334
2006-08-21 00:00:00,1.2831091666666667
2006-08-21 04:00:00,1.2873533333333333
2006-08-21 08:00:00,1.2885358333333332
2006-08-21 12:00:00,1.2893683333333332
2006-08-21 16:00:00,1.2915375
2006-08-21 20:00:00,1.2897533333333333
2006-08-22 00:00:00,1.2874258333333333
2006-08-22 04:00:00,1.2865975
2006-08-22 08:00:00,1.2871108333333334
2006-08-22 12:00:00,1.282935
2006-08-22 16:00:00,1.2805316666666666
2006-08-22 20:00:00,1.2797174999999998
2006-08-23 00:00:00,1.2804225
2006-08-23 04:00:00,1.2792466666666666
2006-08-23 08:00:00,1.28083
2006-08-23 12:00:00,1.2816800000000002
2006-08-23 16:00:00,1.2802808333333333
2006-08-23 20:00:00,1.2790016666666668
2006-08-24 00:00:00,1.2783
2006-08-24 04:00:00,1.2766308333333334
2006-08-24 08:00:00,1.2778808333333334
2006-08-24 12:00:00,1.2827458333333333
2006-08-24 16:00:00,1.2790249999999999
2006-08-24 20:00:00,1.2762375000000001
2006-08-25 00:00:00,1.2761766666666667
2006-08-25 04:00:00,1.2772175
2006-08-25 08:00:00,1.2765541666666667
2006-08-25 12:00:00,1.2766758333333332
2006-08-25 16:00:00,1.2756583333333333
2006-08-25 20:00:00,1.2754708333333333
2006-08-28 00:00:00,1.2758716666666667
2006-08-28 04:00:00,1.2782633333333333
2006-08-28 08:00:00,1.280095
2006-08-28 12:00:00,1.2807758333333332
2006-08-28 16:00:00,1.2794524999999999
2006-08-28 20:00:00,1.2787575000000002
2006-08-29 00:00:00,1.2790583333333334
2006-08-29 04:00:00,1.28168
2006-08-29 08:00:00,1.2823066666666667
2006-08-29 12:00:00,1.2809408333333334
2006-08-29 16:00:00,1.277195
2006-08-29 20:00:00,1.280533333333333
2006-08-30 00:00:00,1.2829916666666668
2006-08-30 04:00:00,1.2832333333333332
2006-08-30 08:00:00,1.2833975
2006-08-30 12:00:00,1.2822125
2006-08-30 16:00:00,1.2827316666666666
2006-08-30 20:00:00,1.2830475000000001
2006-08-31 00:00:00,1.2836049999999999
2006-08-31 04:00:00,1.2826558333333333
2006-08-31 08:00:00,1.2837466666666668
2006-08-31 12:00:00,1.2854591666666666
2006-08-31 16:00:00,1.2812333333333332
2006-08-31 20:00:00,1.28049
2006-09-01 00:00:00,1.2807925
2006-09-01 04:00:00,1.2803516666666668
2006-09-01 08:00:00,1.2810166666666667
2006-09-01 12:00:00,1.2809725
2006-09-01 16:00:00,1.2804791666666666
2006-09-01 20:00:00,1.2832666666666668
2006-09-04 00:00:00,1.2845333333333333
2006-09-04 04:00:00,1.2860225
2006-09-04 08:00:00,1.2852483333333333
2006-09-04 12:00:00,1.2859091666666667
2006-09-04 16:00:00,1.2862891666666667
2006-09-04 20:00:00,1.2867066666666667
2006-09-05 00:00:00,1.2856049999999999
2006-09-05 04:00:00,1.2837566666666667
2006-09-05 08:00:00,1.2832641666666667
2006-09-05 12:00:00,1.2824591666666667
2006-09-05 16:00:00,1.2808616666666666
2006-09-05 20:00:00,1.2814608333333335
2006-09-06 00:00:00,1.281695
2006-09-06 04:00:00,1.2816225
2006-09-06 08:00:00,1.281905
2006-09-06 12:00:00,1.2806691666666667
2006-09-06 16:00:00,1.2782191666666667
2006-09-06 20:00:00,1.2799825
2006-09-07 00:00:00,1.2813925
2006-09-07 04:00:00,1.2823691666666666
2006-09-07 08:00:00,1.2806125000000002
2006-09-07 12:00:00,1.2753433333333333
2006-09-07 16:00:00,1.2734683333333334
2006-09-07 20:00:00,1.2735375
2006-09-08 00:00:00,1.2729425
2006-09-08 04:00:00,1.2723233333333333
2006-09-08 08:00:00,1.2717033333333334
2006-09-08 12:00:00,1.270495
2006-09-08 16:00:00,1.2670333333333335
2006-09-08 20:00:00,1.2671616666666667
2006-09-11 00:00:00,1.26648
2006-09-11 04:00:00,1.2668875
2006-09-11 08:00:00,1.2691050000000001
2006-09-11 12:00:00,1.2716824999999998
2006-09-11 16:00:00,1.2698891666666667
2006-09-11 20:00:00,1.2698091666666667
2006-09-12 00:00:00,1.2703858333333333
2006-09-12 04:00:00,1.2714025
2006-09-12 08:00:00,1.2714175
2006-09-12 12:00:00,1.2711358333333334
2006-09-12 16:00:00,1.2692741666666665
2006-09-12 20:00:00,1.2688158333333335
2006-09-13 00:00:00,1.2684983333333333
2006-09-13 04:00:00,1.2683658333333332
2006-09-13 08:00:00,1.2688566666666667
2006-09-13 12:00:00,1.2683258333333334
2006-09-13 16:00:00,1.2689416666666666
2006-09-13 20:00:00,1.2693083333333333
2006-09-14 00:00:00,1.2694833333333333
2006-09-14 04:00:00,1.269285
2006-09-14 08:00:00,1.2685641666666667
2006-09-14 12:00:00,1.2709525
2006-09-14 16:00:00,1.2731141666666668
2006-09-14 20:00:00,1.2727825
2006-09-15 00:00:00,1.2719816666666668
2006-09-15 04:00:00,1.2719366666666667
2006-09-15 08:00:00,1.2718225
2006-09-15 12:00:00,1.2683425
2006-09-15 16:00:00,1.2647599999999999
2006-09-15 20:00:00,1.2653325
2006-09-18 00:00:00,1.2635641666666666
2006-09-18 04:00:00,1.2651816666666666
2006-09-18 08:00:00,1.2669933333333334
2006-09-18 12:00:00,1.2659758333333333
2006-09-18 16:00:00,1.2679116666666665
2006-09-18 20:00:00,1.2695983333333334
2006-09-19 00:00:00,1.2705633333333335
2006-09-19 04:00:00,1.2717216666666666
2006-09-19 08:00:00,1.2694283333333334
2006-09-19 12:00:00,1.2665391666666665
2006-09-19 16:00:00,1.2691558333333335
2006-09-19 20:00:00,1.2675675000000002
2006-09-20 00:00:00,1.2674783333333333
2006-09-20 04:00:00,1.267755
2006-09-20 08:00:00,1.2673016666666668
2006-09-20 12:00:00,1.2675966666666665
2006-09-20 16:00:00,1.2695025000000002
2006-09-20 20:00:00,1.2694283333333334
2006-09-21 00:00:00,1.2693266666666667
2006-09-21 04:00:00,1.2719516666666668
2006-09-21 08:00:00,1.2718933333333333
2006-09-21 12:00:00,1.2733066666666666
2006-09-21 16:00:00,1.2737583333333333
2006-09-21 20:00:00,1.278195
2006-09-22 00:00:00,1.2782583333333333
2006-09-22 04:00:00,1.2788633333333332
2006-09-22 08:00:00,1.2805725
2006-09-22 12:00:00,1.2814991666666666
2006-09-22 16:00:00,1.2802516666666666
2006-09-22 20:00:00,1.2786966666666666
2006-09-25 00:00:00,1.2784874999999998
2006-09-25 04:00:00,1.2801658333333334
2006-09-25 08:00:00,1.2799399999999999
2006-09-25 12:00:00,1.2769133333333333
2006-09-25 16:00:00,1.2751191666666668
2006-09-25 20:00:00,1.2754633333333334
2006-09-26 00:00:00,1.2750458333333334
2006-09-26 04:00:00,1.2750141666666666
2006-09-26 08:00:00,1.2741458333333333
2006-09-26 12:00:00,1.2696
2006-09-26 16:00:00,1.2684441666666668
2006-09-26 20:00:00,1.2689425
2006-09-27 00:00:00,1.26891
2006-09-27 04:00:00,1.2694791666666667
2006-09-27 08:00:00,1.2686666666666666
2006-09-27 12:00:00,1.2693333333333334
2006-09-27 16:00:00,1.270025
2006-09-27 20:00:00,1.2703491666666666
2006-09-28 00:00:00,1.2708383333333333
2006-09-28 04:00:00,1.2720758333333333
2006-09-28 08:00:00,1.272055
2006-09-28 12:00:00,1.2711791666666667
2006-09-28 16:00:00,1.2694583333333334
2006-09-28 20:00:00,1.2704225
2006-09-29 00:00:00,1.27023
2006-09-29 04:00:00,1.2704666666666669
2006-09-29 08:00:00,1.2682725000000001
2006-09-29 12:00:00,1.2664108333333333
2006-09-29 16:00:00,1.2672
2006-09-29 20:00:00,1.2678741666666666
2006-10-02 00:00:00,1.2678041666666666
2006-10-02 04:00:00,1.2670041666666667
2006-10-02 08:00:00,1.2673391666666665
2006-10-02 12:00:00,1.2690833333333333
2006-10-02 16:00:00,1.274135
2006-10-02 20:00:00,1.2742316666666667
2006-10-03 00:00:00,1.274045
2006-10-03 04:00:00,1.2745341666666665
2006-10-03 08:00:00,1.2749383333333335
2006-10-03 12:00:00,1.2738625
2006-10-03 16:00:00,1.27312
2006-10-03 20:00:00,1.2727091666666668
2006-10-04 00:00:00,1.2731066666666666
2006-10-04 04:00:00,1.2719716666666665
2006-10-04 08:00:00,1.2716933333333333
2006-10-04 12:00:00,1.2679974999999999
2006-10-04 16:00:00,1.26855
2006-10-04 20:00:00,1.2705250000000001
2006-10-05 00:00:00,1.2712083333333335
2006-10-05 04:00:00,1.2699058333333333
2006-10-05 08:00:00,1.2707091666666668
2006-10-05 12:00:00,1.2706866666666667
2006-10-05 16:00:00,1.2686541666666666
2006-10-05 20:00:00,1.269115
2006-10-06 00:00:00,1.2691183333333333
2006-10-06 04:00:00,1.2685925
2006-10-06 08:00:00,1.2681358333333332
2006-10-06 12:00:00,1.2666250000000001
2006-10-06 16:00:00,1.2593808333333332
2006-10-06 20:00:00,1.259465
2006-10-09 00:00:00,1.2587941666666667
2006-10-09 04:00:00,1.2596225
2006-10-09 08:00:00,1.2597325000000001
2006-10-09 12:00:00,1.2604833333333334
2006-10-09 16:00:00,1.2599558333333334
2006-10-09 20:00:00,1.2599941666666667
2006-10-10 00:00:00,1.2594016666666668
2006-10-10 04:00:00,1.2589866666666667
2006-10-10 08:00:00,1.2592375
2006-10-10 12:00:00,1.2549908333333335
2006-10-10 16:00:00,1.2533233333333333
2006-10-10 20:00:00,1.2534675000000002
2006-10-11 00:00:00,1.2533258333333335
2006-10-11 04:00:00,1.2540241666666667
2006-10-11 08:00:00,1.2541425
2006-10-11 12:00:00,1.2546666666666666
2006-10-11 16:00:00,1.2546691666666665
2006-10-11 20:00:00,1.2527466666666667
2006-10-12 00:00:00,1.2520866666666666
2006-10-12 04:00:00,1.2530291666666666
2006-10-12 08:00:00,1.2543216666666668
2006-10-12 12:00:00,1.2538241666666667
2006-10-12 16:00:00,1.2536608333333334
2006-10-12 20:00:00,1.2549466666666667
2006-10-13 00:00:00,1.2557633333333333
2006-10-13 04:00:00,1.2569516666666667
2006-10-13 08:00:00,1.2564758333333332
2006-10-13 12:00:00,1.2546691666666665
2006-10-13 16:00:00,1.2504516666666667
2006-10-13 20:00:00,1.2510091666666667
2006-10-16 00:00:00,1.2496333333333334
2006-10-16 04:00:00,1.2498466666666666
2006-10-16 08:00:00,1.2510441666666665
2006-10-16 12:00:00,1.251565
2006-10-16 16:00:00,1.2520799999999999
2006-10-16 20:00:00,1.2525116666666665
2006-10-17 00:00:00,1.2534333333333332
2006-10-17 04:00:00,1.2536208333333334
2006-10-17 08:00:00,1.2535524999999998
2006-10-17 12:00:00,1.2525733333333333
2006-10-17 16:00:00,1.2548016666666668
2006-10-17 20:00:00,1.2547191666666666
2006-10-18 00:00:00,1.2541958333333334
2006-10-18 04:00:00,1.2544175
2006-10-18 08:00:00,1.2548225
2006-10-18 12:00:00,1.2537675
2006-10-18 16:00:00,1.2514725
2006-10-18 20:00:00,1.2528433333333333
2006-10-19 00:00:00,1.2535941666666668
2006-10-19 04:00:00,1.253935
2006-10-19 08:00:00,1.254705
2006-10-19 12:00:00,1.2565508333333333
2006-10-19 16:00:00,1.25928
2006-10-19 20:00:00,1.2624758333333332
2006-10-20 00:00:00,1.2627258333333333
2006-10-20 04:00:00,1.2635558333333332
2006-10-20 08:00:00,1.2626958333333334
2006-10-20 12:00:00,1.2613033333333334
2006-10-20 16:00:00,1.2613391666666667
2006-10-20 20:00:00,1.2614441666666665
2006-10-23 00:00:00,1.2612908333333333
2006-10-23 04:00:00,1.2613666666666665
2006-10-23 08:00:00,1.2593683333333334
2006-10-23 12:00:00,1.2553508333333334
2006-10-23 16:00:00,1.2545566666666668
2006-10-23 20:00:00,1.2547575
2006-10-24 00:00:00,1.2547216666666667
2006-10-24 04:00:00,1.2542516666666668
2006-10-24 08:00:00,1.2535791666666667
2006-10-24 12:00:00,1.2541933333333333
2006-10-24 16:00:00,1.2552408333333334
2006-10-24 20:00:00,1.2564558333333333
2006-10-25 00:00:00,1.2557441666666667
2006-10-25 04:00:00,1.2568375
2006-10-25 08:00:00,1.2565316666666666
2006-10-25 12:00:00,1.2579766666666667
2006-10-25 16:00:00,1.2584625000000003
2006-10-25 20:00:00,1.2599991666666668
2006-10-26 00:00:00,1.26119
2006-10-26 04:00:00,1.2632133333333333
2006-10-26 08:00:00,1.2646333333333335
2006-10-26 12:00:00,1.2656825
2006-10-26 16:00:00,1.2669841666666668
2006-10-26 20:00:00,1.2692350000000001
2006-10-27 00:00:00,1.26924
2006-10-27 04:00:00,1.2704833333333334
2006-10-27 08:00:00,1.2685458333333335
2006-10-27 12:00:00,1.2683624999999998
2006-10-27 16:00:00,1.27271
2006-10-27 20:00:00,1.2732533333333333
2006-10-30 00:00:00,1.2729408333333334
2006-10-30 04:00:00,1.2725991666666667
2006-10-30 08:00:00,1.2721891666666667
2006-10-30 12:00:00,1.2723108333333335
2006-10-30 16:00:00,1.2714958333333333
2006-10-30 20:00:00,1.2723783333333334
2006-10-31 00:00:00,1.2718108333333333
2006-10-31 04:00:00,1.2713833333333333
2006-10-31 08:00:00,1.2703933333333333
2006-10-31 12:00:00,1.26922
2006-10-31 16:00:00,1.2734641666666666
2006-10-31 20:00:00,1.2765891666666667
2006-11-01 00:00:00,1.2763550000000001
2006-11-01 04:00:00,1.27627
2006-11-01 08:00:00,1.27549
2006-11-01 12:00:00,1.27554
2006-11-01 16:00:00,1.2765675
2006-11-01 20:00:00,1.2766833333333334
2006-11-02 00:00:00,1.2753758333333334
2006-11-02 04:00:00,1.2751
2006-11-02 08:00:00,1.27509
2006-11-02 12:00:00,1.2765958333333334
2006-11-02 16:00:00,1.2768475000000001
2006-11-02 20:00:00,1.2775724999999998
2006-11-03 00:00:00,1.27769
2006-11-03 04:00:00,1.2776208333333334
2006-11-03 08:00:00,1.2773616666666667
2006-11-03 12:00:00,1.2773091666666665
2006-11-03 16:00:00,1.2705416666666667
2006-11-03 20:00:00,1.2709391666666665
2006-11-06 00:00:00,1.27135
2006-11-06 04:00:00,1.2708233333333334
2006-11-06 08:00:00,1.2706183333333332
2006-11-06 12:00:00,1.2700641666666665
2006-11-06 16:00:00,1.270865
2006-11-06 20:00:00,1.2719958333333334
2006-11-07 00:00:00,1.2725916666666666
2006-11-07 04:00:00,1.2743083333333334
2006-11-07 08:00:00,1.2760166666666668
2006-11-07 12:00:00,1.2757325000000002
2006-11-07 16:00:00,1.2796341666666666
2006-11-07 20:00:00,1.2789208333333333
2006-11-08 00:00:00,1.2777141666666667
2006-11-08 04:00:00,1.2777458333333334
2006-11-08 08:00:00,1.2776716666666668
2006-11-08 12:00:00,1.2792266666666667
2006-11-08 16:00:00,1.2764525
2006-11-08 20:00:00,1.2769158333333333
2006-11-09 00:00:00,1.2756666666666667
2006-11-09 04:00:00,1.27591
2006-11-09 08:00:00,1.2771166666666667
2006-11-09 12:00:00,1.2782075
2006-11-09 16:00:00,1.2793858333333334
2006-11-09 20:00:00,1.2830033333333333
2006-11-10 00:00:00,1.2833358333333333
2006-11-10 04:00:00,1.2854674999999998
2006-11-10 08:00:00,1.2862341666666666
2006-11-10 12:00:00,1.28776
2006-11-10 16:00:00,1.286355
2006-11-10 20:00:00,1.2850674999999998
2006-11-13 00:00:00,1.2846866666666665
2006-11-13 04:00:00,1.2868575
2006-11-13 08:00:00,1.286405
2006-11-13 12:00:00,1.2838958333333332
2006-11-13 16:00:00,1.2820833333333332
2006-11-13 20:00:00,1.280485
2006-11-14 00:00:00,1.2810741666666667
2006-11-14 04:00:00,1.2814583333333334
2006-11-14 08:00:00,1.2826816666666667
2006-11-14 12:00:00,1.2825833333333334
2006-11-14 16:00:00,1.2829683333333333
2006-11-14 20:00:00,1.2819216666666666
2006-11-15 00:00:00,1.2811216666666665
2006-11-15 04:00:00,1.2812408333333332
2006-11-15 08:00:00,1.2815891666666666
2006-11-15 12:00:00,1.2796391666666667
2006-11-15 16:00:00,1.2797399999999999
2006-11-15 20:00:00,1.2815066666666666
2006-11-16 00:00:00,1.2825900000000001
2006-11-16 04:00:00,1.2828875
2006-11-16 08:00:00,1.2819758333333333
2006-11-16 12:00:00,1.280755
2006-11-16 16:00:00,1.280945
2006-11-16 20:00:00,1.2793666666666668
2006-11-17 00:00:00,1.2793691666666667
2006-11-17 04:00:00,1.2783825
2006-11-17 08:00:00,1.2776733333333334
2006-11-17 12:00:00,1.2775241666666668
2006-11-17 16:00:00,1.2805983333333333
2006-11-17 20:00:00,1.2822375
2006-11-20 00:00:00,1.2823266666666666
2006-11-20 04:00:00,1.283645
2006-11-20 08:00:00,1.2836341666666666
2006-11-20 12:00:00,1.2840025000000002
2006-11-20 16:00:00,1.2825516666666668
2006-11-20 20:00:00,1.2811275
2006-11-21 00:00:00,1.2817508333333334
2006-11-21 04:00:00,1.2818566666666666
2006-11-21 08:00:00,1.2818550000000002
2006-11-21 12:00:00,1.2817016666666667
2006-11-21 16:00:00,1.2814625
2006-11-21 20:00:00,1.2832858333333335
2006-11-22 00:00:00,1.2843775
2006-11-22 04:00:00,1.2858016666666665
2006-11-22 08:00:00,1.2864183333333332
2006-11-22 12:00:00,1.2872025
2006-11-22 16:00:00,1.29247
2006-11-22 20:00:00,1.29328
2006-11-23 00:00:00,1.2940491666666667
2006-11-23 04:00:00,1.2934700000000001
2006-11-23 08:00:00,1.2936641666666668
2006-11-23 12:00:00,1.2960166666666666
2006-11-23 16:00:00,1.2954591666666666
2006-11-23 20:00:00,1.2947141666666666
2006-11-24 00:00:00,1.2948433333333333
2006-11-24 04:00:00,1.295655
2006-11-24 08:00:00,1.2981566666666666
2006-11-24 12:00:00,1.3079441666666667
2006-11-24 16:00:00,1.3084016666666667
2006-11-24 20:00:00,1.3092475
2006-11-27 00:00:00,1.3135683333333332
2006-11-27 04:00:00,1.3135341666666667
2006-11-27 08:00:00,1.31193
2006-11-27 12:00:00,1.3118066666666666
2006-11-27 16:00:00,1.3115883333333334
2006-11-27 20:00:00,1.3127383333333333
2006-11-28 00:00:00,1.3133266666666668
2006-11-28 04:00:00,1.3139766666666666
2006-11-28 08:00:00,1.3133258333333333
2006-11-28 12:00:00,1.3142749999999999
2006-11-28 16:00:00,1.3157366666666668
2006-11-28 20:00:00,1.3178216666666667
2006-11-29 00:00:00,1.3200766666666666
2006-11-29 04:00:00,1.3191366666666666
2006-11-29 08:00:00,1.3185633333333333
2006-11-29 12:00:00,1.3157916666666667
2006-11-29 16:00:00,1.3151466666666667
2006-11-29 20:00:00,1.3149841666666666
2006-11-30 00:00:00,1.3150383333333333
2006-11-30 04:00:00,1.3159941666666666
2006-11-30 08:00:00,1.3178408333333334
2006-11-30 12:00:00,1.3196258333333335
2006-11-30 16:00:00,1.3225383333333331
2006-11-30 20:00:00,1.3251433333333333
2006-12-01 00:00:00,1.3244399999999998
2006-12-01 04:00:00,1.3254158333333335
2006-12-01 08:00:00,1.3258425
2006-12-01 12:00:00,1.3237325000000002
2006-12-01 16:00:00,1.3287225
2006-12-01 20:00:00,1.3325725
2006-12-04 00:00:00,1.3345791666666666
2006-12-04 04:00:00,1.3325191666666667
2006-12-04 08:00:00,1.33158
2006-12-04 12:00:00,1.3307525
2006-12-04 16:00:00,1.3312116666666665
2006-12-04 20:00:00,1.3323316666666667
2006-12-05 00:00:00,1.3336516666666665
2006-12-05 04:00:00,1.3326408333333333
2006-12-05 08:00:00,1.3324174999999998
2006-12-05 12:00:00,1.3315991666666667
2006-12-05 16:00:00,1.3325066666666667
2006-12-05 20:00:00,1.3325825
2006-12-06 00:00:00,1.3315908333333333
2006-12-06 04:00:00,1.3319325
2006-12-06 08:00:00,1.3318775
2006-12-06 12:00:00,1.3279508333333334
2006-12-06 16:00:00,1.3290833333333334
2006-12-06 20:00:00,1.329205
2006-12-07 00:00:00,1.3284933333333333
2006-12-07 04:00:00,1.3292791666666668
2006-12-07 08:00:00,1.3309558333333333
2006-12-07 12:00:00,1.3294883333333332
2006-12-07 16:00:00,1.3295116666666666
2006-12-07 20:00:00,1.3287749999999998
2006-12-08 00:00:00,1.3283841666666667
2006-12-08 04:00:00,1.3284583333333333
2006-12-08 08:00:00,1.3280825
2006-12-08 12:00:00,1.3279966666666665
2006-12-08 16:00:00,1.33044
2006-12-08 20:00:00,1.32085
2006-12-11 00:00:00,1.3181125
2006-12-11 04:00:00,1.3150583333333334
2006-12-11 08:00:00,1.3179183333333333
2006-12-11 12:00:00,1.3189608333333334
2006-12-11 16:00:00,1.3202583333333333
2006-12-11 20:00:00,1.3247016666666669
2006-12-12 00:00:00,1.32452
2006-12-12 04:00:00,1.3256091666666667
2006-12-12 08:00:00,1.3246125
2006-12-12 12:00:00,1.3242058333333335
2006-12-12 16:00:00,1.3238641666666666
2006-12-12 20:00:00,1.325275
2006-12-13 00:00:00,1.3280266666666667
2006-12-13 04:00:00,1.3281
2006-12-13 08:00:00,1.3273366666666666
2006-12-13 12:00:00,1.3266475
2006-12-13 16:00:00,1.3217033333333332
2006-12-13 20:00:00,1.3205233333333333
2006-12-14 00:00:00,1.3211358333333332
2006-12-14 04:00:00,1.3210133333333332
2006-12-14 08:00:00,1.3225508333333333
2006-12-14 12:00:00,1.3209691666666667
2006-12-14 16:00:00,1.3173658333333333
2006-12-14 20:00:00,1.3152283333333332
2006-12-15 00:00:00,1.314845
2006-12-15 04:00:00,1.3147758333333335
2006-12-15 08:00:00,1.3152666666666666
2006-12-15 12:00:00,1.3113516666666667
2006-12-15 16:00:00,1.3120383333333334
2006-12-15 20:00:00,1.3076083333333333
2006-12-18 00:00:00,1.3079575
2006-12-18 04:00:00,1.3090866666666665
2006-12-18 08:00:00,1.3100291666666668
2006-12-18 12:00:00,1.3096533333333333
2006-12-18 16:00:00,1.3079116666666668
2006-12-18 20:00:00,1.3086475
2006-12-19 00:00:00,1.3099349999999998
2006-12-19 04:00:00,1.3095966666666665
2006-12-19 08:00:00,1.310589166666667
2006-12-19 12:00:00,1.3163775
2006-12-19 16:00:00,1.3165966666666669
2006-12-19 20:00:00,1.3197825
2006-12-20 00:00:00,1.3203358333333335
2006-12-20 04:00:00,1.3231083333333333
2006-12-20 08:00:00,1.3223916666666666
2006-12-20 12:00:00,1.3220616666666667
2006-12-20 16:00:00,1.3197375
2006-12-20 20:00:00,1.3172091666666668
2006-12-21 00:00:00,1.3179116666666666
2006-12-21 04:00:00,1.3188483333333334
2006-12-21 08:00:00,1.3194233333333334
2006-12-21 12:00:00,1.3183058333333333
2006-12-21 16:00:00,1.316155
2006-12-21 20:00:00,1.3169925
2006-12-22 00:00:00,1.3178450000000002
2006-12-22 04:00:00,1.3186725
2006-12-22 08:00:00,1.3196608333333333
2006-12-22 12:00:00,1.31994
2006-12-22 16:00:00,1.316805
2006-12-22 20:00:00,1.3130041666666665
2006-12-25 00:00:00,1.3124916666666666
2006-12-25 04:00:00,1.3114291666666666
2006-12-25 08:00:00,1.3122091666666666
2006-12-26 00:00:00,1.3132366666666666
2006-12-26 04:00:00,1.3127941666666665
2006-12-26 08:00:00,1.3123075000000002
2006-12-26 12:00:00,1.3134341666666667
2006-12-26 16:00:00,1.3131291666666667
2006-12-26 20:00:00,1.3099358333333333
2006-12-27 00:00:00,1.3103099999999999
2006-12-27 04:00:00,1.3125666666666667
2006-12-27 08:00:00,1.3150308333333334
2006-12-27 12:00:00,1.3157016666666665
2006-12-27 16:00:00,1.3138475
2006-12-27 20:00:00,1.3124541666666665
2006-12-28 00:00:00,1.3119066666666668
2006-12-28 04:00:00,1.3113383333333333
2006-12-28 08:00:00,1.3125225
2006-12-28 12:00:00,1.3148875
2006-12-28 16:00:00,1.316495
2006-12-28 20:00:00,1.3155891666666668
2006-12-29 00:00:00,1.3145275
2006-12-29 04:00:00,1.315033333333333
2006-12-29 08:00:00,1.3169583333333335
2006-12-29 12:00:00,1.31715
2006-12-29 16:00:00,1.3178041666666664
2006-12-29 20:00:00,1.3193575
2007-01-02 00:00:00,1.320484166666667
2007-01-02 04:00:00,1.3233533333333334
2007-01-02 08:00:00,1.3248333333333333
2007-01-02 12:00:00,1.3275000000000001
2007-01-02 16:00:00,1.3281858333333334
2007-01-02 20:00:00,1.3279333333333332
2007-01-03 00:00:00,1.3275691666666667
2007-01-03 04:00:00,1.32843
2007-01-03 08:00:00,1.3277525
2007-01-03 12:00:00,1.3238233333333334
2007-01-03 16:00:00,1.32093
2007-01-03 20:00:00,1.3160391666666669
2007-01-04 00:00:00,1.3165841666666664
2007-01-04 04:00:00,1.3170425
2007-01-04 08:00:00,1.315955
2007-01-04 12:00:00,1.310505
2007-01-04 16:00:00,1.3095666666666665
2007-01-04 20:00:00,1.3089416666666667
2007-01-05 00:00:00,1.3086
2007-01-05 04:00:00,1.3076391666666667
2007-01-05 08:00:00,1.3084625
2007-01-05 12:00:00,1.3091125000000001
2007-01-05 16:00:00,1.3008108333333332
2007-01-05 20:00:00,1.3003733333333334
2007-01-08 00:00:00,1.3000691666666668
2007-01-08 04:00:00,1.2997483333333335
2007-01-08 08:00:00,1.3008958333333331
2007-01-08 12:00:00,1.3011091666666668
2007-01-08 16:00:00,1.3005225
2007-01-08 20:00:00,1.3021408333333333
2007-01-10 00:00:00,1.2991491666666666
2007-01-10 04:00:00,1.29661
2007-01-10 08:00:00,1.2984033333333334
2007-01-10 12:00:00,1.2991841666666666
2007-01-10 16:00:00,1.2958441666666667
2007-01-10 20:00:00,1.29376
2007-01-11 00:00:00,1.294175
2007-01-11 04:00:00,1.2954283333333332
2007-01-11 08:00:00,1.2958191666666665
2007-01-11 12:00:00,1.2971558333333333
2007-01-11 16:00:00,1.2918891666666668
2007-01-11 20:00:00,1.2894991666666666
2007-01-12 00:00:00,1.2891466666666664
2007-01-12 04:00:00,1.2896858333333334
2007-01-12 08:00:00,1.2905391666666668
2007-01-12 12:00:00,1.2903600000000002
2007-01-12 16:00:00,1.2918533333333333
2007-01-12 20:00:00,1.29178
2007-01-15 00:00:00,1.2918391666666666
2007-01-15 04:00:00,1.2928283333333332
2007-01-15 08:00:00,1.2937241666666668
2007-01-15 12:00:00,1.2944933333333333
2007-01-15 16:00:00,1.2936299999999998
2007-01-15 20:00:00,1.2934325
2007-01-16 00:00:00,1.293355
2007-01-16 04:00:00,1.2932658333333333
2007-01-16 08:00:00,1.2954133333333333
2007-01-16 12:00:00,1.2969783333333333
2007-01-16 16:00:00,1.29365
2007-01-16 20:00:00,1.291735
2007-01-17 00:00:00,1.2917108333333334
2007-01-17 04:00:00,1.2922116666666665
2007-01-17 08:00:00,1.2927616666666666
2007-01-17 12:00:00,1.29207
2007-01-17 16:00:00,1.2930216666666667
2007-01-17 20:00:00,1.2938283333333334
2007-01-18 00:00:00,1.2937699999999999
2007-01-18 04:00:00,1.2958008333333333
2007-01-18 08:00:00,1.2962241666666665
2007-01-18 12:00:00,1.2940083333333334
2007-01-18 16:00:00,1.2936375
2007-01-18 20:00:00,1.2952816666666667
2007-01-19 00:00:00,1.2961458333333333
2007-01-19 04:00:00,1.29838
2007-01-19 08:00:00,1.2987891666666667
2007-01-19 12:00:00,1.2963666666666667
2007-01-19 16:00:00,1.2945666666666669
2007-01-19 20:00:00,1.2963558333333334
2007-01-22 00:00:00,1.2957666666666667
2007-01-22 04:00:00,1.2971383333333333
2007-01-22 08:00:00,1.2968725
2007-01-22 12:00:00,1.2947616666666666
2007-01-22 16:00:00,1.2945966666666666
2007-01-22 20:00:00,1.2949066666666667
2007-01-23 00:00:00,1.2946208333333333
2007-01-23 04:00:00,1.2938558333333334
2007-01-23 08:00:00,1.2954675
2007-01-23 12:00:00,1.300885
2007-01-23 16:00:00,1.3029208333333333
2007-01-23 20:00:00,1.3019733333333332
2007-01-24 00:00:00,1.3023741666666666
2007-01-24 04:00:00,1.3028283333333335
2007-01-24 08:00:00,1.30129
2007-01-24 12:00:00,1.3004933333333333
2007-01-24 16:00:00,1.29791
2007-01-24 20:00:00,1.2957466666666666
2007-01-25 00:00:00,1.2962241666666667
2007-01-25 04:00:00,1.2961641666666668
2007-01-25 08:00:00,1.2973758333333334
2007-01-25 12:00:00,1.2981925
2007-01-25 16:00:00,1.2977825
2007-01-25 20:00:00,1.2953758333333334
2007-01-26 00:00:00,1.2933333333333334
2007-01-26 04:00:00,1.2924075
2007-01-26 08:00:00,1.2923783333333334
2007-01-26 12:00:00,1.2910425
2007-01-26 16:00:00,1.29027
2007-01-26 20:00:00,1.2911883333333334
2007-01-29 00:00:00,1.2914283333333332
2007-01-29 04:00:00,1.2904716666666667
2007-01-29 08:00:00,1.2909616666666668
2007-01-29 12:00:00,1.2918391666666666
2007-01-29 16:00:00,1.2929316666666666
2007-01-29 20:00:00,1.2952891666666666
2007-01-30 00:00:00,1.2955916666666667
2007-01-30 04:00:00,1.29636
2007-01-30 08:00:00,1.2961441666666667
2007-01-30 12:00:00,1.2960241666666668
2007-01-30 16:00:00,1.2956958333333333
2007-01-30 20:00:00,1.2960408333333333
2007-01-31 00:00:00,1.2964341666666668
2007-01-31 04:00:00,1.295955
2007-01-31 08:00:00,1.2954166666666667
2007-01-31 12:00:00,1.2938991666666666
2007-01-31 16:00:00,1.2972566666666667
2007-01-31 20:00:00,1.3015583333333334
2007-02-01 00:00:00,1.3027158333333333
2007-02-01 04:00:00,1.30315
2007-02-01 08:00:00,1.3025641666666665
2007-02-01 12:00:00,1.3014108333333334
2007-02-01 16:00:00,1.3024258333333334
2007-02-01 20:00:00,1.3021566666666669
2007-02-02 00:00:00,1.302055
2007-02-02 04:00:00,1.3019641666666666
2007-02-02 08:00:00,1.3018283333333334
2007-02-02 12:00:00,1.3020533333333333
2007-02-02 16:00:00,1.2994216666666665
2007-02-02 20:00:00,1.2959141666666665
2007-02-05 00:00:00,1.2954291666666666
2007-02-05 04:00:00,1.2944316666666666
2007-02-05 08:00:00,1.2946283333333333
2007-02-05 12:00:00,1.2935391666666667
2007-02-05 16:00:00,1.29271
2007-02-05 20:00:00,1.2928733333333333
2007-02-06 00:00:00,1.2929558333333335
2007-02-06 04:00:00,1.2927075
2007-02-06 08:00:00,1.2923933333333335
2007-02-06 12:00:00,1.2943233333333333
2007-02-06 16:00:00,1.2951966666666666
2007-02-06 20:00:00,1.2975816666666666
2007-02-07 00:00:00,1.2981825
2007-02-07 04:00:00,1.2982091666666666
2007-02-07 08:00:00,1.2982041666666666
2007-02-07 12:00:00,1.2986791666666668
2007-02-07 16:00:00,1.30039
2007-02-07 20:00:00,1.3012208333333333
2007-02-08 00:00:00,1.301565
2007-02-08 04:00:00,1.3016341666666666
2007-02-08 08:00:00,1.3010958333333333
2007-02-08 12:00:00,1.2986991666666667
2007-02-08 16:00:00,1.30195
2007-02-08 20:00:00,1.3034475
2007-02-09 00:00:00,1.3037941666666666
2007-02-09 04:00:00,1.3037891666666668
2007-02-09 08:00:00,1.3026
2007-02-09 12:00:00,1.3002408333333335
2007-02-09 16:00:00,1.2997083333333332
2007-02-09 20:00:00,1.30044
2007-02-12 00:00:00,1.3008233333333334
2007-02-12 04:00:00,1.3014433333333333
2007-02-12 08:00:00,1.3020341666666666
2007-02-12 12:00:00,1.2966441666666668
2007-02-12 16:00:00,1.2961025
2007-02-12 20:00:00,1.296145
2007-02-13 00:00:00,1.296235
2007-02-13 04:00:00,1.2959933333333333
2007-02-13 08:00:00,1.2978683333333332
2007-02-13 12:00:00,1.3001783333333334
2007-02-13 16:00:00,1.3020933333333333
2007-02-13 20:00:00,1.3028625
2007-02-14 00:00:00,1.3035383333333335
2007-02-14 04:00:00,1.3036441666666667
2007-02-14 08:00:00,1.3053008333333334
2007-02-14 12:00:00,1.3086933333333333
2007-02-14 16:00:00,1.3110108333333335
2007-02-14 20:00:00,1.3124858333333334
2007-02-15 00:00:00,1.3132774999999999
2007-02-15 04:00:00,1.3134683333333335
2007-02-15 08:00:00,1.3137916666666667
2007-02-15 12:00:00,1.3131300000000001
2007-02-15 16:00:00,1.3141725
2007-02-15 20:00:00,1.3140533333333333
2007-02-16 00:00:00,1.3137183333333333
2007-02-16 04:00:00,1.3134883333333334
2007-02-16 08:00:00,1.3132116666666667
2007-02-16 12:00:00,1.3122500000000001
2007-02-16 16:00:00,1.3118575
2007-02-16 20:00:00,1.3134275
2007-02-19 00:00:00,1.31457
2007-02-19 04:00:00,1.31521
2007-02-19 08:00:00,1.3149466666666667
2007-02-19 12:00:00,1.3135208333333332
2007-02-19 16:00:00,1.313805
2007-02-19 20:00:00,1.3154275
2007-02-20 00:00:00,1.3152816666666667
2007-02-20 04:00:00,1.3173674999999998
2007-02-20 08:00:00,1.3167266666666666
2007-02-20 12:00:00,1.3143941666666668
2007-02-20 16:00:00,1.3143449999999999
2007-02-20 20:00:00,1.3137608333333333
2007-02-21 00:00:00,1.31411
2007-02-21 04:00:00,1.3141708333333333
2007-02-21 08:00:00,1.3146891666666667
2007-02-21 12:00:00,1.3141258333333334
2007-02-21 16:00:00,1.3125891666666667
2007-02-21 20:00:00,1.3134416666666666
2007-02-22 00:00:00,1.3138666666666665
2007-02-22 04:00:00,1.3132933333333332
2007-02-22 08:00:00,1.3113991666666667
2007-02-22 12:00:00,1.3091116666666667
2007-02-22 16:00:00,1.31102
2007-02-22 20:00:00,1.3126600000000002
2007-02-23 00:00:00,1.3125
2007-02-23 04:00:00,1.31209
2007-02-23 08:00:00,1.3120058333333335
2007-02-23 12:00:00,1.3116
2007-02-23 16:00:00,1.3155716666666666
2007-02-23 20:00:00,1.3167775
2007-02-26 00:00:00,1.3173616666666668
2007-02-26 04:00:00,1.3188175
2007-02-26 08:00:00,1.3177141666666667
2007-02-26 12:00:00,1.3162458333333333
2007-02-26 16:00:00,1.3167008333333334
2007-02-26 20:00:00,1.317215
2007-02-27 00:00:00,1.3188291666666667
2007-02-27 04:00:00,1.3182308333333332
2007-02-27 08:00:00,1.3182291666666668
2007-02-27 12:00:00,1.3212725
2007-02-27 16:00:00,1.3238183333333333
2007-02-27 20:00:00,1.3243216666666666
2007-02-28 00:00:00,1.3234775
2007-02-28 04:00:00,1.3218566666666667
2007-02-28 08:00:00,1.3211266666666666
2007-02-28 12:00:00,1.3192300000000001
2007-02-28 16:00:00,1.3213041666666667
2007-02-28 20:00:00,1.3227233333333333
2007-03-01 00:00:00,1.3228891666666667
2007-03-01 04:00:00,1.3226858333333333
2007-03-01 08:00:00,1.3222375
2007-03-01 12:00:00,1.3221383333333332
2007-03-01 16:00:00,1.3195575
2007-03-01 20:00:00,1.318335
2007-03-02 00:00:00,1.3175766666666666
2007-03-02 04:00:00,1.3170258333333333
2007-03-02 08:00:00,1.3171583333333332
2007-03-02 12:00:00,1.315925
2007-03-02 16:00:00,1.3173325
2007-03-02 20:00:00,1.3191375
2007-03-05 00:00:00,1.318845
2007-03-05 04:00:00,1.3141466666666666
2007-03-05 08:00:00,1.3147775
2007-03-05 12:00:00,1.3112391666666665
2007-03-05 16:00:00,1.3093658333333333
2007-03-05 20:00:00,1.30939
2007-03-06 00:00:00,1.3090241666666667
2007-03-06 04:00:00,1.3100375
2007-03-06 08:00:00,1.3111358333333334
2007-03-06 12:00:00,1.3111741666666665
2007-03-06 16:00:00,1.310095
2007-03-06 20:00:00,1.3113308333333333
2007-03-07 00:00:00,1.3129700000000002
2007-03-07 04:00:00,1.3125516666666666
2007-03-07 08:00:00,1.3120983333333331
2007-03-07 12:00:00,1.3124175
2007-03-07 16:00:00,1.3140091666666667
2007-03-07 20:00:00,1.3162666666666667
2007-03-08 00:00:00,1.3174908333333333
2007-03-08 04:00:00,1.317265
2007-03-08 08:00:00,1.3167583333333333
2007-03-08 12:00:00,1.3149875
2007-03-08 16:00:00,1.3133341666666667
2007-03-08 20:00:00,1.3130974999999998
2007-03-09 00:00:00,1.3134108333333332
2007-03-09 04:00:00,1.3148525
2007-03-09 08:00:00,1.3148033333333333
2007-03-09 12:00:00,1.3150216666666665
2007-03-09 16:00:00,1.3109591666666667
2007-03-09 20:00:00,1.311115
2007-03-12 00:00:00,1.3116408333333334
2007-03-12 04:00:00,1.311430833333333
2007-03-12 08:00:00,1.3124066666666667
2007-03-12 12:00:00,1.3169875
2007-03-12 16:00:00,1.3172666666666668
2007-03-12 20:00:00,1.3186983333333333
2007-03-13 00:00:00,1.3188241666666667
2007-03-13 04:00:00,1.3185483333333332
2007-03-13 08:00:00,1.3170858333333335
2007-03-13 12:00:00,1.317695
2007-03-13 16:00:00,1.3201683333333334
2007-03-13 20:00:00,1.3200391666666667
2007-03-14 00:00:00,1.31942
2007-03-14 04:00:00,1.3191808333333332
2007-03-14 08:00:00,1.3197450000000002
2007-03-14 12:00:00,1.3189108333333333
2007-03-14 16:00:00,1.3214733333333333
2007-03-14 20:00:00,1.322315
2007-03-15 00:00:00,1.3222358333333333
2007-03-15 04:00:00,1.3225633333333333
2007-03-15 08:00:00,1.3217525
2007-03-15 12:00:00,1.3210275
2007-03-15 16:00:00,1.3233499999999998
2007-03-15 20:00:00,1.323315
2007-03-16 00:00:00,1.3256375
2007-03-16 04:00:00,1.3296258333333335
2007-03-16 08:00:00,1.3300325
2007-03-16 12:00:00,1.3325966666666667
2007-03-16 16:00:00,1.3316483333333333
2007-03-16 20:00:00,1.3309916666666668
2007-03-19 00:00:00,1.3314875
2007-03-19 04:00:00,1.3308183333333334
2007-03-19 08:00:00,1.3300741666666667
2007-03-19 12:00:00,1.3294133333333331
2007-03-19 16:00:00,1.3297716666666668
2007-03-19 20:00:00,1.3295941666666666
2007-03-20 00:00:00,1.3305716666666667
2007-03-20 04:00:00,1.3290875
2007-03-20 08:00:00,1.3297933333333334
2007-03-20 12:00:00,1.328675
2007-03-20 16:00:00,1.329445
2007-03-20 20:00:00,1.3312608333333333
2007-03-21 00:00:00,1.3316458333333334
2007-03-21 04:00:00,1.3315525
2007-03-21 08:00:00,1.3313033333333333
2007-03-21 12:00:00,1.32996
2007-03-21 16:00:00,1.32999
2007-03-21 20:00:00,1.33544
2007-03-22 00:00:00,1.3391491666666666
2007-03-22 04:00:00,1.3388099999999998
2007-03-22 08:00:00,1.3378125
2007-03-22 12:00:00,1.3357750000000002
2007-03-22 16:00:00,1.3353533333333332
2007-03-22 20:00:00,1.3329291666666667
2007-03-23 00:00:00,1.3328491666666666
2007-03-23 04:00:00,1.3323666666666667
2007-03-23 08:00:00,1.3328008333333332
2007-03-23 12:00:00,1.3318416666666666
2007-03-23 16:00:00,1.3306025
2007-03-23 20:00:00,1.3286716666666667
2007-03-26 00:00:00,1.3272541666666666
2007-03-26 04:00:00,1.3266858333333333
2007-03-26 08:00:00,1.3269066666666667
2007-03-26 12:00:00,1.3267708333333335
2007-03-26 16:00:00,1.3318266666666667
2007-03-26 20:00:00,1.333105
2007-03-27 00:00:00,1.3329041666666668
2007-03-27 04:00:00,1.3327666666666667
2007-03-27 08:00:00,1.33318
2007-03-27 12:00:00,1.3343891666666667
2007-03-27 16:00:00,1.3347416666666667
2007-03-27 20:00:00,1.3347475
2007-03-28 00:00:00,1.3356041666666667
2007-03-28 04:00:00,1.3349683333333333
2007-03-28 08:00:00,1.3342424999999998
2007-03-28 12:00:00,1.3343166666666668
2007-03-28 16:00:00,1.3348833333333334
2007-03-28 20:00:00,1.3322524999999998
2007-03-29 00:00:00,1.3312066666666666
2007-03-29 04:00:00,1.3314491666666668
2007-03-29 08:00:00,1.3323541666666667
2007-03-29 12:00:00,1.3340941666666666
2007-03-29 16:00:00,1.3334283333333332
2007-03-29 20:00:00,1.3334908333333335
2007-03-30 00:00:00,1.3329808333333335
2007-03-30 04:00:00,1.3335525
2007-03-30 08:00:00,1.3330816666666667
2007-03-30 12:00:00,1.3312966666666666
2007-03-30 16:00:00,1.3335616666666668
2007-03-30 20:00:00,1.3358725
2007-04-02 00:00:00,1.3355058333333334
2007-04-02 04:00:00,1.3349616666666668
2007-04-02 08:00:00,1.3350791666666666
2007-04-02 12:00:00,1.3360216666666667
2007-04-02 16:00:00,1.3372058333333332
2007-04-02 20:00:00,1.336665
2007-04-03 00:00:00,1.336805
2007-04-03 04:00:00,1.3366266666666666
2007-04-03 08:00:00,1.3364183333333333
2007-04-03 12:00:00,1.3359416666666666
2007-04-03 16:00:00,1.33648
2007-04-03 20:00:00,1.33314
2007-04-04 00:00:00,1.3328058333333332
2007-04-04 04:00:00,1.33335
2007-04-04 08:00:00,1.3342066666666668
2007-04-04 12:00:00,1.3353316666666666
2007-04-04 16:00:00,1.3364141666666667
2007-04-04 20:00:00,1.3367858333333333
2007-04-05 00:00:00,1.3371358333333334
2007-04-05 04:00:00,1.3369366666666669
2007-04-05 08:00:00,1.3363708333333333
2007-04-05 12:00:00,1.3370075
2007-04-05 16:00:00,1.3425941666666668
2007-04-05 20:00:00,1.3426625
2007-04-06 00:00:00,1.3426125
2007-04-06 04:00:00,1.3421716666666668
2007-04-06 08:00:00,1.3416816666666667
2007-04-06 12:00:00,1.3412441666666666
2007-04-06 16:00:00,1.33715
2007-04-06 20:00:00,1.3372233333333334
2007-04-09 00:00:00,1.3367075
2007-04-09 04:00:00,1.3361874999999999
2007-04-09 08:00:00,1.3362608333333332
2007-04-09 12:00:00,1.3372050000000002
2007-04-09 16:00:00,1.336255
2007-04-09 20:00:00,1.3354916666666667
2007-04-10 00:00:00,1.3358008333333333
2007-04-10 04:00:00,1.3410491666666666
2007-04-10 08:00:00,1.3414841666666666
2007-04-10 12:00:00,1.3420933333333331
2007-04-10 16:00:00,1.3437233333333334
2007-04-10 20:00:00,1.3430716666666664
2007-04-11 00:00:00,1.3429183333333332
2007-04-11 04:00:00,1.3422133333333335
2007-04-11 08:00:00,1.3425666666666665
2007-04-11 12:00:00,1.3423558333333334
2007-04-11 16:00:00,1.3430858333333333
2007-04-11 20:00:00,1.342718333333333
2007-04-12 00:00:00,1.343575
2007-04-12 04:00:00,1.3458958333333333
2007-04-12 08:00:00,1.3462416666666666
2007-04-12 12:00:00,1.3455566666666667
2007-04-12 16:00:00,1.34814
2007-04-12 20:00:00,1.3480641666666666
2007-04-13 00:00:00,1.3489324999999999
2007-04-13 04:00:00,1.3512083333333333
2007-04-13 08:00:00,1.3517983333333334
2007-04-13 12:00:00,1.3535983333333332
2007-04-13 16:00:00,1.352161666666667
2007-04-13 20:00:00,1.3530008333333332
2007-04-16 00:00:00,1.3561991666666668
2007-04-16 04:00:00,1.3558808333333334
2007-04-16 08:00:00,1.355095
2007-04-16 12:00:00,1.3552716666666669
2007-04-16 16:00:00,1.3547641666666668
2007-04-16 20:00:00,1.3544225
2007-04-17 00:00:00,1.3529899999999997
2007-04-17 04:00:00,1.353696666666667
2007-04-17 08:00:00,1.354026666666667
2007-04-17 12:00:00,1.3548491666666667
2007-04-17 16:00:00,1.3571791666666666
2007-04-17 20:00:00,1.3566641666666666
2007-04-18 00:00:00,1.3573125
2007-04-18 04:00:00,1.3585366666666667
2007-04-18 08:00:00,1.35947
2007-04-18 12:00:00,1.3595583333333334
2007-04-18 16:00:00,1.3580233333333336
2007-04-18 20:00:00,1.3585224999999999
2007-04-19 00:00:00,1.3610141666666666
2007-04-19 04:00:00,1.3593316666666668
2007-04-19 08:00:00,1.3583150000000002
2007-04-19 12:00:00,1.3593483333333334
2007-04-19 16:00:00,1.3599308333333333
2007-04-19 20:00:00,1.3603591666666666
2007-04-20 00:00:00,1.3619750000000002
2007-04-20 04:00:00,1.3615691666666667
2007-04-20 08:00:00,1.3615358333333334
2007-04-20 12:00:00,1.3605533333333333
2007-04-20 16:00:00,1.359785
2007-04-20 20:00:00,1.3593783333333334
2007-04-23 00:00:00,1.3597091666666667
2007-04-23 04:00:00,1.359045
2007-04-23 08:00:00,1.3576408333333334
2007-04-23 12:00:00,1.3558408333333334
2007-04-23 16:00:00,1.3566291666666666
2007-04-23 20:00:00,1.3573466666666667
2007-04-24 00:00:00,1.3577499999999998
2007-04-24 04:00:00,1.3559599999999998
2007-04-24 08:00:00,1.3564908333333334
2007-04-24 12:00:00,1.3573925
2007-04-24 16:00:00,1.3609633333333333
2007-04-24 20:00:00,1.3628391666666668
2007-04-25 00:00:00,1.36339
2007-04-25 04:00:00,1.363315
2007-04-25 08:00:00,1.3639491666666668
2007-04-25 12:00:00,1.3646633333333331
2007-04-25 16:00:00,1.364545
2007-04-25 20:00:00,1.3640133333333333
2007-04-26 00:00:00,1.3639858333333332
2007-04-26 04:00:00,1.364545
2007-04-26 08:00:00,1.3644466666666668
2007-04-26 12:00:00,1.3608458333333333
2007-04-26 16:00:00,1.35994
2007-04-26 20:00:00,1.360245
2007-04-27 00:00:00,1.3593333333333333
2007-04-27 04:00:00,1.3600225
2007-04-27 08:00:00,1.3598999999999999
2007-04-27 12:00:00,1.3636333333333335
2007-04-27 16:00:00,1.3643783333333332
2007-04-27 20:00:00,1.3638983333333334
2007-04-30 00:00:00,1.3627516666666666
2007-04-30 04:00:00,1.3638175000000001
2007-04-30 08:00:00,1.3610658333333334
2007-04-30 12:00:00,1.3611449999999998
2007-04-30 16:00:00,1.3649758333333335
2007-04-30 20:00:00,1.3652691666666668
2007-05-01 00:00:00,1.364819166666667
2007-05-01 04:00:00,1.3647541666666665
2007-05-01 08:00:00,1.3645733333333334
2007-05-01 12:00:00,1.3644766666666668
2007-05-01 16:00:00,1.3620666666666668
2007-05-01 20:00:00,1.3607825
2007-05-02 00:00:00,1.3600466666666668
2007-05-02 04:00:00,1.3583083333333332
2007-05-02 08:00:00,1.3580708333333333
2007-05-02 12:00:00,1.3574816666666665
2007-05-02 16:00:00,1.3596508333333333
2007-05-02 20:00:00,1.3596916666666667
2007-05-03 00:00:00,1.3589275
2007-05-03 04:00:00,1.3597099999999998
2007-05-03 08:00:00,1.3606125000000002
2007-05-03 12:00:00,1.3607083333333332
2007-05-03 16:00:00,1.3568308333333334
2007-05-03 20:00:00,1.35562
2007-05-04 00:00:00,1.355185833333333
2007-05-04 04:00:00,1.3544466666666668
2007-05-04 08:00:00,1.3558350000000001
2007-05-04 12:00:00,1.3564975000000001
2007-05-04 16:00:00,1.3590325
2007-05-04 20:00:00,1.359335
2007-05-07 00:00:00,1.359415
2007-05-07 04:00:00,1.3605466666666666
2007-05-07 08:00:00,1.3604425
2007-05-07 12:00:00,1.3612158333333333
2007-05-07 16:00:00,1.3618391666666667
2007-05-07 20:00:00,1.36045
2007-05-08 00:00:00,1.3598549999999998
2007-05-08 04:00:00,1.3608766666666667
2007-05-08 08:00:00,1.3602608333333335
2007-05-08 12:00:00,1.3561233333333331
2007-05-08 16:00:00,1.3538508333333334
2007-05-08 20:00:00,1.3541341666666666
2007-05-09 00:00:00,1.3541066666666668
2007-05-09 04:00:00,1.3543258333333332
2007-05-09 08:00:00,1.3542324999999997
2007-05-09 12:00:00,1.3536899999999998
2007-05-09 16:00:00,1.3550816666666667
2007-05-09 20:00:00,1.3534241666666667
2007-05-10 00:00:00,1.3528299999999998
2007-05-10 04:00:00,1.3530966666666668
2007-05-10 08:00:00,1.3549250000000002
2007-05-10 12:00:00,1.3528275
2007-05-10 16:00:00,1.3504833333333333
2007-05-10 20:00:00,1.3481524999999999
2007-05-11 00:00:00,1.3475358333333336
2007-05-11 04:00:00,1.3477758333333334
2007-05-11 08:00:00,1.3478633333333334
2007-05-11 12:00:00,1.3483316666666667
2007-05-11 16:00:00,1.3514791666666668
2007-05-11 20:00:00,1.3522125
2007-05-14 00:00:00,1.3531749999999998
2007-05-14 04:00:00,1.3542949999999998
2007-05-14 08:00:00,1.3539708333333333
2007-05-14 12:00:00,1.3546241666666667
2007-05-14 16:00:00,1.3543191666666667
2007-05-14 20:00:00,1.3543391666666666
2007-05-15 00:00:00,1.3542341666666666
2007-05-15 04:00:00,1.3544333333333332
2007-05-15 08:00:00,1.3543224999999999
2007-05-15 12:00:00,1.353815
2007-05-15 16:00:00,1.3582833333333335
2007-05-15 20:00:00,1.3592125000000002
2007-05-16 00:00:00,1.3591783333333334
2007-05-16 04:00:00,1.3591825000000002
2007-05-16 08:00:00,1.3601158333333332
2007-05-16 12:00:00,1.3588683333333336
2007-05-16 16:00:00,1.3550466666666665
2007-05-16 20:00:00,1.3516266666666668
2007-05-17 00:00:00,1.3521116666666666
2007-05-17 04:00:00,1.3526016666666667
2007-05-17 08:00:00,1.3533108333333335
2007-05-17 12:00:00,1.3515774999999999
2007-05-17 16:00:00,1.34899
2007-05-17 20:00:00,1.3493266666666668
2007-05-18 00:00:00,1.3494566666666667
2007-05-18 04:00:00,1.3487441666666669
2007-05-18 08:00:00,1.3492783333333334
2007-05-18 12:00:00,1.3480658333333335
2007-05-18 16:00:00,1.3496483333333336
2007-05-18 20:00:00,1.3506283333333333
2007-05-21 00:00:00,1.3516216666666665
2007-05-21 04:00:00,1.3515700000000002
2007-05-21 08:00:00,1.350735
2007-05-21 12:00:00,1.3459658333333333
2007-05-21 16:00:00,1.3452633333333333
2007-05-21 20:00:00,1.3467133333333332
2007-05-22 00:00:00,1.3463125
2007-05-22 04:00:00,1.3455116666666669
2007-05-22 08:00:00,1.3465508333333336
2007-05-22 12:00:00,1.3449900000000001
2007-05-22 16:00:00,1.3456849999999998
2007-05-22 20:00:00,1.3451541666666667
2007-05-23 00:00:00,1.345005
2007-05-23 04:00:00,1.3453108333333332
2007-05-23 08:00:00,1.3442833333333335
2007-05-23 12:00:00,1.3463191666666665
2007-05-23 16:00:00,1.34822
2007-05-23 20:00:00,1.3459150000000002
2007-05-24 00:00:00,1.3456283333333332
2007-05-24 04:00:00,1.3452833333333334
2007-05-24 08:00:00,1.3444375
2007-05-24 12:00:00,1.3439108333333332
2007-05-24 16:00:00,1.3436058333333334
2007-05-24 20:00:00,1.3433558333333333
2007-05-25 00:00:00,1.3425716666666667
2007-05-25 04:00:00,1.3421083333333332
2007-05-25 08:00:00,1.342976666666667
2007-05-25 12:00:00,1.3437899999999998
2007-05-25 16:00:00,1.3451841666666664
2007-05-25 20:00:00,1.3446441666666669
2007-05-28 00:00:00,1.3444083333333336
2007-05-28 04:00:00,1.3452950000000001
2007-05-28 08:00:00,1.3454316666666666
2007-05-28 12:00:00,1.3454325
2007-05-28 16:00:00,1.3453358333333334
2007-05-28 20:00:00,1.3453024999999998
2007-05-29 00:00:00,1.344945
2007-05-29 04:00:00,1.3432483333333334
2007-05-29 08:00:00,1.344985
2007-05-29 12:00:00,1.3493616666666666
2007-05-29 16:00:00,1.3488366666666667
2007-05-29 20:00:00,1.3450508333333333
2007-05-30 00:00:00,1.3446958333333334
2007-05-30 04:00:00,1.3448541666666665
2007-05-30 08:00:00,1.3439133333333333
2007-05-30 12:00:00,1.3423641666666666
2007-05-30 16:00:00,1.3425875
2007-05-30 20:00:00,1.3425633333333333
2007-05-31 00:00:00,1.3430416666666667
2007-05-31 04:00:00,1.342935
2007-05-31 08:00:00,1.3437416666666666
2007-05-31 12:00:00,1.3446075
2007-05-31 16:00:00,1.3452799999999998
2007-05-31 20:00:00,1.3453091666666666
2007-06-01 00:00:00,1.3452449999999998
2007-06-01 04:00:00,1.3451891666666667
2007-06-01 08:00:00,1.344393333333333
2007-06-01 12:00:00,1.3434300000000001
2007-06-01 16:00:00,1.3429183333333334
2007-06-01 20:00:00,1.3441675000000002
2007-06-04 00:00:00,1.3439066666666668
2007-06-04 04:00:00,1.344665
2007-06-04 08:00:00,1.3446916666666666
2007-06-04 12:00:00,1.3468875
2007-06-04 16:00:00,1.3486383333333334
2007-06-04 20:00:00,1.34865
2007-06-05 00:00:00,1.3492716666666666
2007-06-05 04:00:00,1.3498358333333331
2007-06-05 08:00:00,1.3500541666666666
2007-06-05 12:00:00,1.351965
2007-06-05 16:00:00,1.3523583333333336
2007-06-05 20:00:00,1.3523083333333334
2007-06-06 00:00:00,1.3517916666666667
2007-06-06 04:00:00,1.3523166666666668
2007-06-06 08:00:00,1.3524558333333332
2007-06-06 12:00:00,1.351495
2007-06-06 16:00:00,1.3498033333333335
2007-06-06 20:00:00,1.3503625
2007-06-07 00:00:00,1.3497733333333335
2007-06-07 04:00:00,1.3501975
2007-06-07 08:00:00,1.3502116666666666
2007-06-07 12:00:00,1.3477191666666666
2007-06-07 16:00:00,1.3456291666666669
2007-06-07 20:00:00,1.3429875
2007-06-08 00:00:00,1.3425691666666668
2007-06-08 04:00:00,1.3421066666666668
2007-06-08 08:00:00,1.3411391666666668
2007-06-08 12:00:00,1.3350266666666664
2007-06-08 16:00:00,1.3354366666666666
2007-06-08 20:00:00,1.3360391666666667
2007-06-11 00:00:00,1.3354283333333334
2007-06-11 04:00:00,1.3350666666666666
2007-06-11 08:00:00,1.3347525
2007-06-11 12:00:00,1.3345966666666667
2007-06-11 16:00:00,1.3348825
2007-06-11 20:00:00,1.3355333333333335
2007-06-12 00:00:00,1.3355091666666665
2007-06-12 04:00:00,1.3360366666666668
2007-06-12 08:00:00,1.3354216666666665
2007-06-12 12:00:00,1.3342691666666666
2007-06-12 16:00:00,1.3321116666666666
2007-06-12 20:00:00,1.3315908333333333
2007-06-13 00:00:00,1.33007
2007-06-13 04:00:00,1.3299625
2007-06-13 08:00:00,1.3295708333333334
2007-06-13 12:00:00,1.3276441666666667
2007-06-13 16:00:00,1.3295299999999999
2007-06-13 20:00:00,1.3302591666666665
2007-06-14 00:00:00,1.3308291666666667
2007-06-14 04:00:00,1.3309266666666666
2007-06-14 08:00:00,1.3303341666666668
2007-06-14 12:00:00,1.3303525
2007-06-14 16:00:00,1.3309133333333334
2007-06-14 20:00:00,1.3309216666666668
2007-06-15 00:00:00,1.3310908333333333
2007-06-15 04:00:00,1.332088333333333
2007-06-15 08:00:00,1.3316599999999998
2007-06-15 12:00:00,1.3315241666666666
2007-06-15 16:00:00,1.3357016666666668
2007-06-15 20:00:00,1.3379075
2007-06-18 00:00:00,1.3379058333333336
2007-06-18 04:00:00,1.3387908333333336
2007-06-18 08:00:00,1.3394266666666668
2007-06-18 12:00:00,1.3406824999999998
2007-06-18 16:00:00,1.3401550000000002
2007-06-18 20:00:00,1.3410991666666667
2007-06-19 00:00:00,1.3416558333333333
2007-06-19 04:00:00,1.3420275
2007-06-19 08:00:00,1.34165
2007-06-19 12:00:00,1.3397325
2007-06-19 16:00:00,1.34111
2007-06-19 20:00:00,1.3423808333333334
2007-06-20 00:00:00,1.3423983333333331
2007-06-20 04:00:00,1.3430775000000001
2007-06-20 08:00:00,1.3424625
2007-06-20 12:00:00,1.3429075
2007-06-20 16:00:00,1.3422799999999997
2007-06-20 20:00:00,1.3412183333333334
2007-06-21 00:00:00,1.33962
2007-06-21 04:00:00,1.3392624999999998
2007-06-21 08:00:00,1.3391475000000002
2007-06-21 12:00:00,1.3385383333333334
2007-06-21 16:00:00,1.3396408333333332
2007-06-21 20:00:00,1.3390533333333337
2007-06-22 00:00:00,1.3388591666666667
2007-06-22 04:00:00,1.3389099999999998
2007-06-22 08:00:00,1.3407208333333334
2007-06-22 12:00:00,1.3434100000000002
2007-06-22 16:00:00,1.3443800000000001
2007-06-22 20:00:00,1.3461125
2007-06-25 00:00:00,1.3461666666666667
2007-06-25 04:00:00,1.3465916666666666
2007-06-25 08:00:00,1.3453225000000002
2007-06-25 12:00:00,1.3459274999999997
2007-06-25 16:00:00,1.3456158333333332
2007-06-25 20:00:00,1.3462208333333334
2007-06-26 00:00:00,1.3461891666666665
2007-06-26 04:00:00,1.3461775
2007-06-26 08:00:00,1.3453424999999999
2007-06-26 12:00:00,1.3457583333333332
2007-06-26 16:00:00,1.3464958333333334
2007-06-26 20:00:00,1.3463441666666665
2007-06-27 00:00:00,1.3450216666666668
2007-06-27 04:00:00,1.3442841666666667
2007-06-27 08:00:00,1.3430891666666667
2007-06-27 12:00:00,1.34375
2007-06-27 16:00:00,1.34368
2007-06-27 20:00:00,1.3445883333333333
2007-06-28 00:00:00,1.345345
2007-06-28 04:00:00,1.3458116666666666
2007-06-28 08:00:00,1.3459008333333333
2007-06-28 12:00:00,1.3462574999999999
2007-06-28 16:00:00,1.3464333333333334
2007-06-28 20:00:00,1.3442433333333335
2007-06-29 00:00:00,1.3441933333333334
2007-06-29 04:00:00,1.3436966666666668
2007-06-29 08:00:00,1.34508
2007-06-29 12:00:00,1.3494508333333333
2007-06-29 16:00:00,1.3517458333333332
2007-06-29 20:00:00,1.3531916666666666
2007-07-02 00:00:00,1.3537683333333335
2007-07-02 04:00:00,1.3533083333333336
2007-07-02 08:00:00,1.3549566666666668
2007-07-02 12:00:00,1.3586658333333332
2007-07-02 16:00:00,1.36177
2007-07-02 20:00:00,1.3623124999999998
2007-07-03 00:00:00,1.3625633333333333
2007-07-03 04:00:00,1.3620883333333333
2007-07-03 08:00:00,1.3615458333333335
2007-07-03 12:00:00,1.3602741666666667
2007-07-03 16:00:00,1.3612691666666668
2007-07-03 20:00:00,1.3608475
2007-07-04 00:00:00,1.3608500000000001
2007-07-04 04:00:00,1.3612783333333331
2007-07-04 08:00:00,1.3619116666666669
2007-07-04 12:00:00,1.36163
2007-07-04 16:00:00,1.3620991666666664
2007-07-04 20:00:00,1.3613283333333335
2007-07-05 00:00:00,1.3613533333333332
2007-07-05 04:00:00,1.3610591666666667
2007-07-05 08:00:00,1.3625708333333335
2007-07-05 12:00:00,1.3641541666666668
2007-07-05 16:00:00,1.3599383333333332
2007-07-05 20:00:00,1.3598416666666668
2007-07-06 00:00:00,1.3594216666666668
2007-07-06 04:00:00,1.3596141666666666
2007-07-06 08:00:00,1.3588616666666669
2007-07-06 12:00:00,1.3591266666666666
2007-07-06 16:00:00,1.3620225000000001
2007-07-06 20:00:00,1.362215
2007-07-09 00:00:00,1.3624191666666667
2007-07-09 04:00:00,1.3620991666666666
2007-07-09 08:00:00,1.3624033333333334
2007-07-09 12:00:00,1.3627225
2007-07-09 16:00:00,1.3623491666666667
2007-07-09 20:00:00,1.3621991666666664
2007-07-10 00:00:00,1.3623408333333333
2007-07-10 04:00:00,1.3616475000000001
2007-07-10 08:00:00,1.3620775
2007-07-10 12:00:00,1.3655275
2007-07-10 16:00:00,1.37107
2007-07-10 20:00:00,1.3726808333333334
2007-07-11 00:00:00,1.3754658333333334
2007-07-11 04:00:00,1.37389
2007-07-11 08:00:00,1.3745708333333333
2007-07-11 12:00:00,1.3754641666666667
2007-07-11 16:00:00,1.3765308333333335
2007-07-11 20:00:00,1.3755558333333333
2007-07-12 00:00:00,1.3746241666666668
2007-07-12 04:00:00,1.3752633333333333
2007-07-12 08:00:00,1.3771633333333333
2007-07-12 12:00:00,1.3785033333333332
2007-07-12 16:00:00,1.3772575
2007-07-12 20:00:00,1.3783291666666666
2007-07-13 00:00:00,1.3784325000000002
2007-07-13 04:00:00,1.3781549999999998
2007-07-13 08:00:00,1.377725
2007-07-13 12:00:00,1.3779133333333333
2007-07-13 16:00:00,1.3788883333333333
2007-07-13 20:00:00,1.3785133333333333
2007-07-16 00:00:00,1.3773683333333333
2007-07-16 04:00:00,1.3785283333333331
2007-07-16 08:00:00,1.3783983333333332
2007-07-16 12:00:00,1.378989166666667
2007-07-16 16:00:00,1.378055
2007-07-16 20:00:00,1.3778558333333333
2007-07-17 00:00:00,1.3774091666666666
2007-07-17 04:00:00,1.3781183333333331
2007-07-17 08:00:00,1.3787283333333336
2007-07-17 12:00:00,1.3773908333333333
2007-07-17 16:00:00,1.3781766666666666
2007-07-17 20:00:00,1.37809
2007-07-18 00:00:00,1.3793
2007-07-18 04:00:00,1.3817375
2007-07-18 08:00:00,1.3802866666666667
2007-07-18 12:00:00,1.3778041666666667
2007-07-18 16:00:00,1.3797183333333334
2007-07-18 20:00:00,1.3798916666666665
2007-07-19 00:00:00,1.3805241666666668
2007-07-19 04:00:00,1.3797066666666666
2007-07-19 08:00:00,1.3801408333333334
2007-07-19 12:00:00,1.3817225000000002
2007-07-19 16:00:00,1.3816225
2007-07-19 20:00:00,1.3804483333333333
2007-07-20 00:00:00,1.3798316666666668
2007-07-20 04:00:00,1.3796241666666669
2007-07-20 08:00:00,1.3797758333333332
2007-07-20 12:00:00,1.3792733333333334
2007-07-20 16:00:00,1.3822491666666665
2007-07-20 20:00:00,1.382155
2007-07-23 00:00:00,1.3832600000000002
2007-07-23 04:00:00,1.3832016666666664
2007-07-23 08:00:00,1.382815
2007-07-23 12:00:00,1.3808583333333333
2007-07-23 16:00:00,1.3815875000000002
2007-07-23 20:00:00,1.3802325
2007-07-24 00:00:00,1.380866666666667
2007-07-24 04:00:00,1.3822541666666666
2007-07-24 08:00:00,1.3817358333333334
2007-07-24 12:00:00,1.3823041666666667
2007-07-24 16:00:00,1.3826066666666665
2007-07-24 20:00:00,1.3821491666666668
2007-07-25 00:00:00,1.3820608333333333
2007-07-25 04:00:00,1.3809241666666667
2007-07-25 08:00:00,1.3787591666666668
2007-07-25 12:00:00,1.3736575
2007-07-25 16:00:00,1.3715691666666667
2007-07-25 20:00:00,1.3712416666666667
2007-07-26 00:00:00,1.3720208333333335
2007-07-26 04:00:00,1.3708916666666666
2007-07-26 08:00:00,1.3715433333333333
2007-07-26 12:00:00,1.3716658333333331
2007-07-26 16:00:00,1.373005
2007-07-26 20:00:00,1.3746125
2007-07-27 00:00:00,1.3744999999999998
2007-07-27 04:00:00,1.3742491666666665
2007-07-27 08:00:00,1.3712366666666669
2007-07-27 12:00:00,1.3652741666666666
2007-07-27 16:00:00,1.3649775000000002
2007-07-27 20:00:00,1.3640016666666668
2007-07-30 00:00:00,1.3622316666666665
2007-07-30 04:00:00,1.3631625
2007-07-30 08:00:00,1.3652891666666664
2007-07-30 12:00:00,1.36705
2007-07-30 16:00:00,1.3680808333333334
2007-07-30 20:00:00,1.3690816666666665
2007-07-31 00:00:00,1.3708658333333335
2007-07-31 04:00:00,1.3713558333333333
2007-07-31 08:00:00,1.3702825
2007-07-31 12:00:00,1.3704666666666667
2007-07-31 16:00:00,1.3700566666666667
2007-07-31 20:00:00,1.3686533333333333
2007-08-01 00:00:00,1.367085
2007-08-01 04:00:00,1.3662
2007-08-01 08:00:00,1.3651558333333331
2007-08-01 12:00:00,1.3664525
2007-08-01 16:00:00,1.3682475
2007-08-01 20:00:00,1.3662516666666666
2007-08-02 00:00:00,1.3668783333333332
2007-08-02 04:00:00,1.3659508333333334
2007-08-02 08:00:00,1.3664591666666668
2007-08-02 12:00:00,1.3664733333333332
2007-08-02 16:00:00,1.367815
2007-08-02 20:00:00,1.3696625
2007-08-03 00:00:00,1.3701966666666667
2007-08-03 04:00:00,1.3702599999999998
2007-08-03 08:00:00,1.3699066666666666
2007-08-03 12:00:00,1.3696875
2007-08-03 16:00:00,1.3764941666666668
2007-08-03 20:00:00,1.3786200000000002
2007-08-06 00:00:00,1.3816074999999999
2007-08-06 04:00:00,1.38122
2007-08-06 08:00:00,1.3819991666666667
2007-08-06 12:00:00,1.3813491666666669
2007-08-06 16:00:00,1.3796283333333335
2007-08-06 20:00:00,1.379085
2007-08-07 00:00:00,1.3800725000000003
2007-08-07 04:00:00,1.3804716666666668
2007-08-07 08:00:00,1.3799441666666667
2007-08-07 12:00:00,1.3790225
2007-08-07 16:00:00,1.3756975
2007-08-07 20:00:00,1.3748766666666667
2007-08-08 00:00:00,1.3746241666666668
2007-08-08 04:00:00,1.3751616666666666
2007-08-08 08:00:00,1.374165
2007-08-08 12:00:00,1.3772016666666667
2007-08-08 16:00:00,1.3810641666666665
2007-08-08 20:00:00,1.3798733333333333
2007-08-09 00:00:00,1.3798774999999999
2007-08-09 04:00:00,1.38015
2007-08-09 08:00:00,1.3785600000000002
2007-08-09 12:00:00,1.3732425000000001
2007-08-09 16:00:00,1.3693716666666667
2007-08-09 20:00:00,1.3682275
2007-08-10 00:00:00,1.3670833333333334
2007-08-10 04:00:00,1.3661375
2007-08-10 08:00:00,1.3677341666666667
2007-08-10 12:00:00,1.3670749999999998
2007-08-10 16:00:00,1.3684241666666668
2007-08-10 20:00:00,1.3693616666666666
2007-08-13 00:00:00,1.36893
2007-08-13 04:00:00,1.3702175
2007-08-13 08:00:00,1.3677350000000001
2007-08-13 12:00:00,1.3651049999999998
2007-08-13 16:00:00,1.3628716666666667
2007-08-13 20:00:00,1.3615016666666668
2007-08-14 00:00:00,1.3608708333333333
2007-08-14 04:00:00,1.3614199999999999
2007-08-14 08:00:00,1.35944
2007-08-14 12:00:00,1.3581225
2007-08-14 16:00:00,1.3575500000000003
2007-08-14 20:00:00,1.354191666666667
2007-08-15 00:00:00,1.3531133333333332
2007-08-15 04:00:00,1.351745
2007-08-15 08:00:00,1.3493825000000002
2007-08-15 12:00:00,1.3479425
2007-08-15 16:00:00,1.3476866666666667
2007-08-15 20:00:00,1.3458258333333333
2007-08-16 00:00:00,1.3424691666666666
2007-08-16 04:00:00,1.3409725
2007-08-16 08:00:00,1.3423266666666667
2007-08-16 12:00:00,1.3407233333333335
2007-08-16 16:00:00,1.3406633333333333
2007-08-16 20:00:00,1.3407591666666667
2007-08-17 00:00:00,1.3422858333333334
2007-08-17 04:00:00,1.3413766666666667
2007-08-17 08:00:00,1.3414683333333333
2007-08-17 12:00:00,1.3460391666666667
2007-08-17 16:00:00,1.3501008333333333
2007-08-17 20:00:00,1.3481441666666667
2007-08-20 00:00:00,1.3478958333333333
2007-08-20 04:00:00,1.3494491666666666
2007-08-20 08:00:00,1.3496158333333332
2007-08-20 12:00:00,1.3489975
2007-08-20 16:00:00,1.3474733333333333
2007-08-20 20:00:00,1.3476341666666667
2007-08-21 00:00:00,1.3472258333333333
2007-08-21 04:00:00,1.3474991666666667
2007-08-21 08:00:00,1.3474183333333334
2007-08-21 12:00:00,1.3492916666666668
2007-08-21 16:00:00,1.3485308333333332
2007-08-21 20:00:00,1.3466858333333334
2007-08-22 00:00:00,1.3461633333333334
2007-08-22 04:00:00,1.3464483333333332
2007-08-22 08:00:00,1.3484525
2007-08-22 12:00:00,1.3487275
2007-08-22 16:00:00,1.3512816666666667
2007-08-22 20:00:00,1.3535375
2007-08-23 00:00:00,1.3549075
2007-08-23 04:00:00,1.3551483333333334
2007-08-23 08:00:00,1.3546158333333334
2007-08-23 12:00:00,1.3570283333333335
2007-08-23 16:00:00,1.3562366666666668
2007-08-23 20:00:00,1.356075
2007-08-24 00:00:00,1.356135
2007-08-24 04:00:00,1.3565983333333334
2007-08-24 08:00:00,1.3569458333333333
2007-08-24 12:00:00,1.3605066666666668
2007-08-24 16:00:00,1.3640025
2007-08-24 20:00:00,1.3668366666666667
2007-08-27 00:00:00,1.3671075
2007-08-27 04:00:00,1.3669966666666666
2007-08-27 08:00:00,1.3666616666666667
2007-08-27 12:00:00,1.3657
2007-08-27 16:00:00,1.3646150000000001
2007-08-27 20:00:00,1.3648583333333333
2007-08-28 00:00:00,1.3637033333333333
2007-08-28 04:00:00,1.3629833333333332
2007-08-28 08:00:00,1.363235
2007-08-28 12:00:00,1.3661641666666666
2007-08-28 16:00:00,1.3638816666666667
2007-08-28 20:00:00,1.361985
2007-08-29 00:00:00,1.3590308333333334
2007-08-29 04:00:00,1.3580691666666667
2007-08-29 08:00:00,1.3589733333333334
2007-08-29 12:00:00,1.3617941666666664
2007-08-29 16:00:00,1.36557
2007-08-29 20:00:00,1.3665066666666665
2007-08-30 00:00:00,1.366775
2007-08-30 04:00:00,1.3656150000000002
2007-08-30 08:00:00,1.3647733333333334
2007-08-30 12:00:00,1.3613533333333334
2007-08-30 16:00:00,1.3637008333333334
2007-08-30 20:00:00,1.3635241666666666
2007-08-31 00:00:00,1.3648516666666666
2007-08-31 04:00:00,1.3665708333333333
2007-08-31 08:00:00,1.3663058333333336
2007-08-31 12:00:00,1.3681466666666666
2007-08-31 16:00:00,1.3647858333333331
2007-08-31 20:00:00,1.3625308333333335
2007-09-03 00:00:00,1.3627500000000001
2007-09-03 04:00:00,1.3634066666666667
2007-09-03 08:00:00,1.3645858333333332
2007-09-03 12:00:00,1.3635675
2007-09-03 16:00:00,1.3618366666666666
2007-09-03 20:00:00,1.362061666666667
2007-09-04 00:00:00,1.3616099999999998
2007-09-04 04:00:00,1.3612149999999998
2007-09-04 08:00:00,1.3610691666666668
2007-09-04 12:00:00,1.3582524999999999
2007-09-04 16:00:00,1.3587141666666667
2007-09-04 20:00:00,1.3609391666666666
2007-09-05 00:00:00,1.3615358333333334
2007-09-05 04:00:00,1.3614225
2007-09-05 08:00:00,1.3581033333333334
2007-09-05 12:00:00,1.3587133333333332
2007-09-05 16:00:00,1.3635133333333331
2007-09-05 20:00:00,1.3656791666666668
2007-09-06 00:00:00,1.3648533333333333
2007-09-06 04:00:00,1.3645383333333332
2007-09-06 08:00:00,1.3648675
2007-09-06 12:00:00,1.3657575
2007-09-06 16:00:00,1.3682816666666666
2007-09-06 20:00:00,1.3686225
2007-09-07 00:00:00,1.3690041666666668
2007-09-07 04:00:00,1.3671916666666666
2007-09-07 08:00:00,1.3676033333333333
2007-09-07 12:00:00,1.370045
2007-09-07 16:00:00,1.3772558333333333
2007-09-07 20:00:00,1.3768141666666667
2007-09-10 00:00:00,1.3774400000000002
2007-09-10 04:00:00,1.3773416666666667
2007-09-10 08:00:00,1.3784408333333333
2007-09-10 12:00:00,1.3794058333333332
2007-09-10 16:00:00,1.3796066666666666
2007-09-10 20:00:00,1.3801325
2007-09-11 00:00:00,1.37981
2007-09-11 04:00:00,1.3793324999999999
2007-09-11 08:00:00,1.3788983333333336
2007-09-11 12:00:00,1.3815
2007-09-11 16:00:00,1.3832191666666664
2007-09-11 20:00:00,1.3832658333333334
2007-09-12 00:00:00,1.3836266666666668
2007-09-12 04:00:00,1.3837583333333332
2007-09-12 08:00:00,1.3857333333333333
2007-09-12 12:00:00,1.3874308333333334
2007-09-12 16:00:00,1.3890083333333332
2007-09-12 20:00:00,1.3904991666666666
2007-09-13 00:00:00,1.3899741666666667
2007-09-13 04:00:00,1.3894416666666665
2007-09-13 08:00:00,1.3898733333333335
2007-09-13 12:00:00,1.3893441666666666
2007-09-13 16:00:00,1.3882050000000001
2007-09-13 20:00:00,1.3885691666666666
2007-09-14 00:00:00,1.3871216666666666
2007-09-14 04:00:00,1.3873258333333334
2007-09-14 08:00:00,1.3877833333333334
2007-09-14 12:00:00,1.3871191666666667
2007-09-14 16:00:00,1.38619
2007-09-14 20:00:00,1.3870725
2007-09-17 00:00:00,1.3862725
2007-09-17 04:00:00,1.3874300000000002
2007-09-17 08:00:00,1.3873416666666665
2007-09-17 12:00:00,1.3872433333333336
2007-09-17 16:00:00,1.3868975000000001
2007-09-17 20:00:00,1.3866391666666666
2007-09-18 00:00:00,1.3864725
2007-09-18 04:00:00,1.3861883333333331
2007-09-18 08:00:00,1.3853125
2007-09-18 12:00:00,1.3866716666666665
2007-09-18 16:00:00,1.3872925
2007-09-18 20:00:00,1.3944966666666667
2007-09-19 00:00:00,1.3975466666666665
2007-09-19 04:00:00,1.3972641666666665
2007-09-19 08:00:00,1.3976558333333333
2007-09-19 12:00:00,1.3959991666666667
2007-09-19 16:00:00,1.3958375
2007-09-19 20:00:00,1.3961066666666666
2007-09-20 00:00:00,1.396935
2007-09-20 04:00:00,1.3975783333333334
2007-09-20 08:00:00,1.4019841666666668
2007-09-20 12:00:00,1.403585
2007-09-20 16:00:00,1.407210833333333
2007-09-20 20:00:00,1.4072208333333334
2007-09-21 00:00:00,1.4071733333333334
2007-09-21 04:00:00,1.40781
2007-09-21 08:00:00,1.408795
2007-09-21 12:00:00,1.4060508333333335
2007-09-21 16:00:00,1.4079225000000002
2007-09-21 20:00:00,1.40824
2007-09-24 00:00:00,1.408995
2007-09-24 04:00:00,1.4103958333333333
2007-09-24 08:00:00,1.4114008333333334
2007-09-24 12:00:00,1.4109516666666666
2007-09-24 16:00:00,1.4089433333333334
2007-09-24 20:00:00,1.4085816666666666
2007-09-25 00:00:00,1.4075366666666667
2007-09-25 04:00:00,1.4075833333333334
2007-09-25 08:00:00,1.4076775000000001
2007-09-25 12:00:00,1.40985
2007-09-25 16:00:00,1.4131550000000002
2007-09-25 20:00:00,1.4143116666666669
2007-09-26 00:00:00,1.4146441666666665
2007-09-26 04:00:00,1.4141433333333335
2007-09-26 08:00:00,1.4130266666666667
2007-09-26 12:00:00,1.4125941666666666
2007-09-26 16:00:00,1.4122983333333334
2007-09-26 20:00:00,1.4127541666666665
2007-09-27 00:00:00,1.4128958333333335
2007-09-27 04:00:00,1.4136758333333335
2007-09-27 08:00:00,1.4142183333333334
2007-09-27 12:00:00,1.4160724999999998
2007-09-27 16:00:00,1.41541
2007-09-27 20:00:00,1.4151291666666665
2007-09-28 00:00:00,1.4154041666666666
2007-09-28 04:00:00,1.4163133333333333
2007-09-28 08:00:00,1.4168025
2007-09-28 12:00:00,1.4185433333333335
2007-09-28 16:00:00,1.4217458333333335
2007-09-28 20:00:00,1.4261016666666666
2007-10-01 00:00:00,1.4268041666666667
2007-10-01 04:00:00,1.426325
2007-10-01 08:00:00,1.4242608333333333
2007-10-01 12:00:00,1.4230391666666666
2007-10-01 16:00:00,1.4228358333333333
2007-10-01 20:00:00,1.4236066666666667
2007-10-02 00:00:00,1.4233641666666665
2007-10-02 04:00:00,1.4223708333333334
2007-10-02 08:00:00,1.4199533333333334
2007-10-02 12:00:00,1.4162108333333332
2007-10-02 16:00:00,1.4160891666666666
2007-10-02 20:00:00,1.4154091666666666
2007-10-03 00:00:00,1.4152508333333333
2007-10-03 04:00:00,1.4173191666666665
2007-10-03 08:00:00,1.4171916666666666
2007-10-03 12:00:00,1.4184116666666666
2007-10-03 16:00:00,1.4149058333333335
2007-10-03 20:00:00,1.4102791666666668
2007-10-04 00:00:00,1.4094533333333332
2007-10-04 04:00:00,1.4097383333333335
2007-10-04 08:00:00,1.4097925
2007-10-04 12:00:00,1.4109141666666667
2007-10-04 16:00:00,1.4116233333333332
2007-10-04 20:00:00,1.4129475
2007-10-05 00:00:00,1.4135533333333332
2007-10-05 04:00:00,1.4135233333333332
2007-10-05 08:00:00,1.4121183333333334
2007-10-05 12:00:00,1.4110116666666668
2007-10-05 16:00:00,1.4137883333333332
2007-10-05 20:00:00,1.4135533333333334
2007-10-08 00:00:00,1.4141583333333334
2007-10-08 04:00:00,1.4135208333333333
2007-10-08 08:00:00,1.4114741666666666
2007-10-08 12:00:00,1.4088683333333334
2007-10-08 16:00:00,1.4064658333333333
2007-10-08 20:00:00,1.4044116666666666
2007-10-09 00:00:00,1.4047958333333335
2007-10-09 04:00:00,1.4029033333333334
2007-10-09 08:00:00,1.4035591666666667
2007-10-09 12:00:00,1.4031799999999999
2007-10-09 16:00:00,1.4076724999999999
2007-10-09 20:00:00,1.4099925
2007-10-10 00:00:00,1.4106116666666666
2007-10-10 04:00:00,1.4105375000000002
2007-10-10 08:00:00,1.4117883333333332
2007-10-10 12:00:00,1.4144275
2007-10-10 16:00:00,1.4154366666666667
2007-10-10 20:00:00,1.4138
2007-10-11 00:00:00,1.41405
2007-10-11 04:00:00,1.4149399999999999
2007-10-11 08:00:00,1.4184475
2007-10-11 12:00:00,1.4197866666666665
2007-10-11 16:00:00,1.4209366666666667
2007-10-11 20:00:00,1.4205791666666667
2007-10-12 00:00:00,1.4200183333333332
2007-10-12 04:00:00,1.4189658333333333
2007-10-12 08:00:00,1.4185583333333334
2007-10-12 12:00:00,1.4181375
2007-10-12 16:00:00,1.4173633333333333
2007-10-12 20:00:00,1.4174466666666667
2007-10-15 00:00:00,1.4166383333333332
2007-10-15 04:00:00,1.4166141666666667
2007-10-15 08:00:00,1.4194725
2007-10-15 12:00:00,1.4227641666666666
2007-10-15 16:00:00,1.4219800000000002
2007-10-15 20:00:00,1.4201875
2007-10-16 00:00:00,1.4204283333333334
2007-10-16 04:00:00,1.4199816666666667
2007-10-16 08:00:00,1.4195183333333332
2007-10-16 12:00:00,1.4158941666666667
2007-10-16 16:00:00,1.4166241666666668
2007-10-16 20:00:00,1.41642
2007-10-17 00:00:00,1.4172475
2007-10-17 04:00:00,1.4169816666666666
2007-10-17 08:00:00,1.4178358333333334
2007-10-17 12:00:00,1.4183533333333334
2007-10-17 16:00:00,1.4205091666666667
2007-10-17 20:00:00,1.4190925
2007-10-18 00:00:00,1.4209366666666665
2007-10-18 04:00:00,1.4228074999999998
2007-10-18 08:00:00,1.4243391666666667
2007-10-18 12:00:00,1.4267825
2007-10-18 16:00:00,1.4288316666666667
2007-10-18 20:00:00,1.4290841666666667
2007-10-19 00:00:00,1.4289508333333334
2007-10-19 04:00:00,1.4292808333333331
2007-10-19 08:00:00,1.4292008333333333
2007-10-19 12:00:00,1.4286175
2007-10-19 16:00:00,1.4266091666666667
2007-10-19 20:00:00,1.4284783333333333
2007-10-22 00:00:00,1.4329541666666668
2007-10-22 04:00:00,1.4313483333333334
2007-10-22 08:00:00,1.4315808333333333
2007-10-22 12:00:00,1.4218233333333332
2007-10-22 16:00:00,1.4156633333333333
2007-10-22 20:00:00,1.416255
2007-10-23 00:00:00,1.4178933333333334
2007-10-23 04:00:00,1.4193416666666667
2007-10-23 08:00:00,1.4203
2007-10-23 12:00:00,1.4223558333333335
2007-10-23 16:00:00,1.4249566666666666
2007-10-23 20:00:00,1.425295
2007-10-24 00:00:00,1.4257158333333333
2007-10-24 04:00:00,1.4257049999999998
2007-10-24 08:00:00,1.423083333333333
2007-10-24 12:00:00,1.4228658333333333
2007-10-24 16:00:00,1.4239074999999999
2007-10-24 20:00:00,1.4252883333333335
2007-10-25 00:00:00,1.4259516666666665
2007-10-25 04:00:00,1.4263558333333335
2007-10-25 08:00:00,1.4264266666666665
2007-10-25 12:00:00,1.4302833333333334
2007-10-25 16:00:00,1.4306316666666665
2007-10-25 20:00:00,1.4316066666666667
2007-10-26 00:00:00,1.4325333333333334
2007-10-26 04:00:00,1.4327808333333332
2007-10-26 08:00:00,1.4353441666666669
2007-10-26 12:00:00,1.4367424999999998
2007-10-26 16:00:00,1.4381883333333334
2007-10-26 20:00:00,1.4385508333333332
2007-10-29 00:00:00,1.4407116666666666
2007-10-29 04:00:00,1.4408283333333332
2007-10-29 08:00:00,1.4422025
2007-10-29 12:00:00,1.4409108333333334
2007-10-29 16:00:00,1.4399858333333333
2007-10-29 20:00:00,1.442355
2007-10-30 00:00:00,1.4415458333333333
2007-10-30 04:00:00,1.440115
2007-10-30 08:00:00,1.4397833333333332
2007-10-30 12:00:00,1.4395275
2007-10-30 16:00:00,1.4419483333333332
2007-10-30 20:00:00,1.4431866666666666
2007-10-31 00:00:00,1.4436916666666668
2007-10-31 04:00:00,1.4438033333333333
2007-10-31 08:00:00,1.4444483333333336
2007-10-31 12:00:00,1.4441283333333335
2007-10-31 16:00:00,1.4454033333333334
2007-10-31 20:00:00,1.4476933333333333
2007-11-01 00:00:00,1.4473891666666665
2007-11-01 04:00:00,1.4462533333333334
2007-11-01 08:00:00,1.4459191666666666
2007-11-01 12:00:00,1.4425275000000002
2007-11-01 16:00:00,1.4429933333333331
2007-11-01 20:00:00,1.4443291666666667
2007-11-02 00:00:00,1.4426391666666667
2007-11-02 04:00:00,1.4438908333333333
2007-11-02 08:00:00,1.4454150000000001
2007-11-02 12:00:00,1.4480425000000001
2007-11-02 16:00:00,1.4489649999999998
2007-11-02 20:00:00,1.4508766666666668
2007-11-05 00:00:00,1.4506491666666665
2007-11-05 04:00:00,1.4495258333333334
2007-11-05 08:00:00,1.4483191666666668
2007-11-05 12:00:00,1.4464308333333333
2007-11-05 16:00:00,1.4474583333333335
2007-11-05 20:00:00,1.4472800000000003
2007-11-06 00:00:00,1.4473891666666665
2007-11-06 04:00:00,1.4478091666666666
2007-11-06 08:00:00,1.4509
2007-11-06 12:00:00,1.4531125
2007-11-06 16:00:00,1.4555758333333335
2007-11-06 20:00:00,1.45536
2007-11-07 00:00:00,1.4559275
2007-11-07 04:00:00,1.4607458333333332
2007-11-07 08:00:00,1.4638541666666667
2007-11-07 12:00:00,1.4680333333333335
2007-11-07 16:00:00,1.468185
2007-11-07 20:00:00,1.46594
2007-11-08 00:00:00,1.4634083333333334
2007-11-08 04:00:00,1.4641816666666667
2007-11-08 08:00:00,1.4647041666666665
2007-11-08 12:00:00,1.4664708333333332
2007-11-08 16:00:00,1.467506666666667
2007-11-08 20:00:00,1.4676525
2007-11-09 00:00:00,1.4679616666666666
2007-11-09 04:00:00,1.4714958333333334
2007-11-09 08:00:00,1.4709599999999998
2007-11-09 12:00:00,1.4698341666666668
2007-11-09 16:00:00,1.4673458333333333
2007-11-09 20:00:00,1.466955
2007-11-12 00:00:00,1.4655224999999998
2007-11-12 04:00:00,1.4639349999999998
2007-11-12 08:00:00,1.4634983333333333
2007-11-12 12:00:00,1.4575083333333334
2007-11-12 16:00:00,1.4549175
2007-11-12 20:00:00,1.4546575
2007-11-13 00:00:00,1.4533783333333334
2007-11-13 04:00:00,1.4567275
2007-11-13 08:00:00,1.4599891666666667
2007-11-13 12:00:00,1.4590716666666668
2007-11-13 16:00:00,1.4603925000000002
2007-11-13 20:00:00,1.4598608333333334
2007-11-14 00:00:00,1.4614566666666666
2007-11-14 04:00:00,1.4651591666666666
2007-11-14 08:00:00,1.4655583333333335
2007-11-14 12:00:00,1.468490833333333
2007-11-14 16:00:00,1.4694375000000002
2007-11-14 20:00:00,1.4660450000000003
2007-11-15 00:00:00,1.4648675
2007-11-15 04:00:00,1.4670891666666668
2007-11-15 08:00:00,1.467815
2007-11-15 12:00:00,1.4631425
2007-11-15 16:00:00,1.46268
2007-11-15 20:00:00,1.4622433333333333
2007-11-16 00:00:00,1.4618033333333331
2007-11-16 04:00:00,1.461745
2007-11-16 08:00:00,1.4623208333333335
2007-11-16 12:00:00,1.4604483333333331
2007-11-16 16:00:00,1.4644158333333333
2007-11-16 20:00:00,1.4656775
2007-11-19 00:00:00,1.4666116666666666
2007-11-19 04:00:00,1.4670625
2007-11-19 08:00:00,1.4656316666666664
2007-11-19 12:00:00,1.4637691666666668
2007-11-19 16:00:00,1.465965
2007-11-19 20:00:00,1.4662858333333333
2007-11-20 00:00:00,1.4665316666666666
2007-11-20 04:00:00,1.4649100000000002
2007-11-20 08:00:00,1.4701724999999999
2007-11-20 12:00:00,1.4776933333333333
2007-11-20 16:00:00,1.4790341666666666
2007-11-20 20:00:00,1.4796683333333331
2007-11-21 00:00:00,1.4833258333333335
2007-11-21 04:00:00,1.4826333333333332
2007-11-21 08:00:00,1.4825374999999998
2007-11-21 12:00:00,1.4795391666666666
2007-11-21 16:00:00,1.4829633333333332
2007-11-21 20:00:00,1.4845300000000001
2007-11-22 00:00:00,1.4853225
2007-11-22 04:00:00,1.4863
2007-11-22 08:00:00,1.4847016666666666
2007-11-22 12:00:00,1.4828666666666666
2007-11-22 16:00:00,1.4840108333333333
2007-11-22 20:00:00,1.4851266666666665
2007-11-23 00:00:00,1.48505
2007-11-23 04:00:00,1.4928558333333333
2007-11-23 08:00:00,1.4909824999999999
2007-11-23 12:00:00,1.4812158333333332
2007-11-23 16:00:00,1.4807925000000002
2007-11-23 20:00:00,1.4832233333333333
2007-11-26 00:00:00,1.4827808333333332
2007-11-26 04:00:00,1.4822991666666667
2007-11-26 08:00:00,1.4832933333333331
2007-11-26 12:00:00,1.4856775000000002
2007-11-26 16:00:00,1.4845458333333332
2007-11-26 20:00:00,1.486325
2007-11-27 00:00:00,1.4869333333333334
2007-11-27 04:00:00,1.4868433333333333
2007-11-27 08:00:00,1.4852066666666668
2007-11-27 12:00:00,1.4846808333333332
2007-11-27 16:00:00,1.4861541666666667
2007-11-27 20:00:00,1.4831183333333333
2007-11-28 00:00:00,1.4830766666666666
2007-11-28 04:00:00,1.4818816666666668
2007-11-28 08:00:00,1.4790766666666668
2007-11-28 12:00:00,1.4734933333333333
2007-11-28 16:00:00,1.4753941666666668
2007-11-28 20:00:00,1.48065
2007-11-29 00:00:00,1.4834158333333334
2007-11-29 04:00:00,1.4828375
2007-11-29 08:00:00,1.4803275
2007-11-29 12:00:00,1.4739233333333335
2007-11-29 16:00:00,1.4753358333333333
2007-11-29 20:00:00,1.47545
2007-11-30 00:00:00,1.4753158333333334
2007-11-30 04:00:00,1.4746241666666666
2007-11-30 08:00:00,1.4745183333333334
2007-11-30 12:00:00,1.4761758333333335
2007-11-30 16:00:00,1.4731375
2007-11-30 20:00:00,1.466425
2007-12-03 00:00:00,1.4643333333333333
2007-12-03 04:00:00,1.4659458333333333
2007-12-03 08:00:00,1.46734
2007-12-03 12:00:00,1.4649575000000001
2007-12-03 16:00:00,1.4660866666666665
2007-12-03 20:00:00,1.4666791666666668
2007-12-04 00:00:00,1.4665383333333333
2007-12-04 04:00:00,1.46557
2007-12-04 08:00:00,1.4667441666666667
2007-12-04 12:00:00,1.469465
2007-12-04 16:00:00,1.4751066666666666
2007-12-04 20:00:00,1.4760266666666666
2007-12-05 00:00:00,1.476010833333333
2007-12-05 04:00:00,1.4760449999999998
2007-12-05 08:00:00,1.4737375000000001
2007-12-05 12:00:00,1.4717966666666666
2007-12-05 16:00:00,1.4670116666666666
2007-12-05 20:00:00,1.4641933333333332
2007-12-06 00:00:00,1.4609866666666667
2007-12-06 04:00:00,1.4604358333333334
2007-12-06 08:00:00,1.4589349999999999
2007-12-06 12:00:00,1.4559966666666668
2007-12-06 16:00:00,1.46157
2007-12-06 20:00:00,1.4634858333333334
2007-12-07 00:00:00,1.4642
2007-12-07 04:00:00,1.4629291666666668
2007-12-07 08:00:00,1.4610958333333333
2007-12-07 12:00:00,1.4634091666666666
2007-12-07 16:00:00,1.4650733333333332
2007-12-07 20:00:00,1.4654333333333334
2007-12-10 00:00:00,1.4648333333333334
2007-12-10 04:00:00,1.4643841666666666
2007-12-10 08:00:00,1.4648516666666667
2007-12-10 12:00:00,1.4681116666666665
2007-12-10 16:00:00,1.4719208333333333
2007-12-10 20:00:00,1.4710558333333332
2007-12-11 00:00:00,1.4712033333333334
2007-12-11 04:00:00,1.47214
2007-12-11 08:00:00,1.4722441666666666
2007-12-11 12:00:00,1.4686608333333333
2007-12-11 16:00:00,1.4694683333333336
2007-12-11 20:00:00,1.4687375
2007-12-12 00:00:00,1.4658783333333334
2007-12-12 04:00:00,1.4659291666666667
2007-12-12 08:00:00,1.468705
2007-12-12 12:00:00,1.4685625
2007-12-12 16:00:00,1.4691808333333332
2007-12-12 20:00:00,1.470595
2007-12-13 00:00:00,1.4710999999999999
2007-12-13 04:00:00,1.4722916666666668
2007-12-13 08:00:00,1.4718183333333332
2007-12-13 12:00:00,1.4690116666666666
2007-12-13 16:00:00,1.4637325
2007-12-13 20:00:00,1.4613816666666666
2007-12-14 00:00:00,1.4626458333333334
2007-12-14 04:00:00,1.4625075
2007-12-14 08:00:00,1.4630450000000002
2007-12-14 12:00:00,1.4530408333333333
2007-12-14 16:00:00,1.4463716666666668
2007-12-14 20:00:00,1.44304
2007-12-17 00:00:00,1.4413358333333335
2007-12-17 04:00:00,1.4439225
2007-12-17 08:00:00,1.4422466666666667
2007-12-17 12:00:00,1.4365033333333332
2007-12-17 16:00:00,1.4377966666666668
2007-12-17 20:00:00,1.4384058333333334
2007-12-18 00:00:00,1.440430833333333
2007-12-18 04:00:00,1.4397149999999999
2007-12-18 08:00:00,1.439985
2007-12-18 12:00:00,1.4396766666666667
2007-12-18 16:00:00,1.4409525
2007-12-18 20:00:00,1.4403383333333333
2007-12-19 00:00:00,1.4412525
2007-12-19 04:00:00,1.4416399999999998
2007-12-19 08:00:00,1.4399291666666667
2007-12-19 12:00:00,1.4391758333333333
2007-12-19 16:00:00,1.438145
2007-12-19 20:00:00,1.4368941666666666
2007-12-20 00:00:00,1.4380675
2007-12-20 04:00:00,1.4380800000000002
2007-12-20 08:00:00,1.4363933333333332
2007-12-20 12:00:00,1.4334666666666669
2007-12-20 16:00:00,1.4343791666666665
2007-12-20 20:00:00,1.4337075
2007-12-21 00:00:00,1.43283
2007-12-21 04:00:00,1.4352466666666666
2007-12-21 08:00:00,1.4381066666666666
2007-12-21 12:00:00,1.4368341666666666
2007-12-21 16:00:00,1.4374749999999998
2007-12-21 20:00:00,1.435545
2007-12-24 00:00:00,1.4369691666666666
2007-12-24 04:00:00,1.4384533333333334
2007-12-24 08:00:00,1.4382774999999999
2007-12-24 12:00:00,1.4396908333333334
2007-12-24 16:00:00,1.4404366666666668
2007-12-24 20:00:00,1.4398708333333334
2007-12-25 00:00:00,1.43903
2007-12-25 04:00:00,1.4390216666666666
2007-12-25 08:00:00,1.4391833333333335
2007-12-26 00:00:00,1.4395300000000002
2007-12-26 04:00:00,1.4408925
2007-12-26 08:00:00,1.4414025
2007-12-26 12:00:00,1.443425
2007-12-26 16:00:00,1.4483941666666666
2007-12-26 20:00:00,1.4498608333333336
2007-12-27 00:00:00,1.4485074999999998
2007-12-27 04:00:00,1.4481466666666667
2007-12-27 08:00:00,1.4500899999999999
2007-12-27 12:00:00,1.4502791666666668
2007-12-27 16:00:00,1.4569258333333333
2007-12-27 20:00:00,1.4625341666666667
2007-12-28 00:00:00,1.4612391666666666
2007-12-28 04:00:00,1.4605100000000002
2007-12-28 08:00:00,1.4633291666666666
2007-12-28 12:00:00,1.468915
2007-12-28 16:00:00,1.469705
2007-12-28 20:00:00,1.4711025000000002
2007-12-31 00:00:00,1.4720591666666667
2007-12-31 04:00:00,1.4741233333333332
2007-12-31 08:00:00,1.4734558333333334
2007-12-31 12:00:00,1.47141
2007-12-31 16:00:00,1.46659
2007-12-31 20:00:00,1.4591708333333333
2008-01-01 20:00:00,1.4586458333333332
2008-01-02 00:00:00,1.4597808333333333
2008-01-02 04:00:00,1.4612958333333332
2008-01-02 08:00:00,1.4653725
2008-01-02 12:00:00,1.4675041666666666
2008-01-02 16:00:00,1.4691875
2008-01-02 20:00:00,1.4729316666666668
2008-01-03 00:00:00,1.4718775
2008-01-03 04:00:00,1.4710025
2008-01-03 08:00:00,1.4715616666666667
2008-01-03 12:00:00,1.4742349999999997
2008-01-03 16:00:00,1.4726083333333333
2008-01-03 20:00:00,1.4746525000000001
2008-01-04 00:00:00,1.4744724999999999
2008-01-04 04:00:00,1.4743916666666668
2008-01-04 08:00:00,1.472205
2008-01-04 12:00:00,1.4710058333333331
2008-01-04 16:00:00,1.4780733333333334
2008-01-04 20:00:00,1.4765925
2008-01-07 00:00:00,1.4742091666666668
2008-01-07 04:00:00,1.4721766666666665
2008-01-07 08:00:00,1.470215
2008-01-07 12:00:00,1.4690208333333334
2008-01-07 16:00:00,1.4714266666666667
2008-01-07 20:00:00,1.4691424999999998
2008-01-08 00:00:00,1.4688416666666668
2008-01-08 04:00:00,1.4696741666666666
2008-01-08 08:00:00,1.4711108333333334
2008-01-08 12:00:00,1.4713358333333333
2008-01-08 16:00:00,1.4717850000000001
2008-01-08 20:00:00,1.4711866666666669
2008-01-09 00:00:00,1.4709583333333334
2008-01-09 04:00:00,1.4717425
2008-01-09 08:00:00,1.4723775000000001
2008-01-09 12:00:00,1.4705225
2008-01-09 16:00:00,1.4674200000000002
2008-01-09 20:00:00,1.4659916666666666
2008-01-10 00:00:00,1.4662883333333334
2008-01-10 04:00:00,1.4679791666666668
2008-01-10 08:00:00,1.4678116666666665
2008-01-10 12:00:00,1.4675391666666668
2008-01-10 16:00:00,1.4712874999999999
2008-01-10 20:00:00,1.479235
2008-01-11 00:00:00,1.4800716666666667
2008-01-11 04:00:00,1.4800816666666665
2008-01-11 08:00:00,1.4797349999999998
2008-01-11 12:00:00,1.4778566666666666
2008-01-11 16:00:00,1.4790758333333334
2008-01-11 20:00:00,1.4792241666666666
2008-01-14 00:00:00,1.4792008333333333
2008-01-14 04:00:00,1.4807391666666667
2008-01-14 08:00:00,1.4853058333333333
2008-01-14 12:00:00,1.4894016666666667
2008-01-14 16:00:00,1.4884266666666668
2008-01-14 20:00:00,1.4872583333333336
2008-01-15 00:00:00,1.4867441666666665
2008-01-15 04:00:00,1.4874783333333332
2008-01-15 08:00:00,1.4871891666666668
2008-01-15 12:00:00,1.48581
2008-01-15 16:00:00,1.487765
2008-01-15 20:00:00,1.4837716666666665
2008-01-16 00:00:00,1.4799250000000002
2008-01-16 04:00:00,1.4828691666666667
2008-01-16 08:00:00,1.4828425
2008-01-16 12:00:00,1.4788241666666666
2008-01-16 16:00:00,1.4742916666666666
2008-01-16 20:00:00,1.4660900000000001
2008-01-17 00:00:00,1.465965
2008-01-17 04:00:00,1.4662275
2008-01-17 08:00:00,1.46455
2008-01-17 12:00:00,1.4639108333333335
2008-01-17 16:00:00,1.4681966666666666
2008-01-17 20:00:00,1.4677066666666665
2008-01-18 00:00:00,1.463955
2008-01-18 04:00:00,1.4636066666666665
2008-01-18 08:00:00,1.4638433333333334
2008-01-18 12:00:00,1.4634516666666666
2008-01-18 16:00:00,1.4647825
2008-01-18 20:00:00,1.46225
2008-01-21 00:00:00,1.4589508333333334
2008-01-21 04:00:00,1.4545891666666668
2008-01-21 08:00:00,1.4530133333333333
2008-01-21 12:00:00,1.4486141666666668
2008-01-21 16:00:00,1.4478016666666667
2008-01-21 20:00:00,1.4442233333333332
2008-01-22 00:00:00,1.4429633333333334
2008-01-22 04:00:00,1.4435416666666665
2008-01-22 08:00:00,1.4421408333333332
2008-01-22 12:00:00,1.4488716666666666
2008-01-22 16:00:00,1.4578066666666667
2008-01-22 20:00:00,1.4611266666666665
2008-01-23 00:00:00,1.4643416666666669
2008-01-23 04:00:00,1.4629691666666669
2008-01-23 08:00:00,1.4623475
2008-01-23 12:00:00,1.4577466666666667
2008-01-23 16:00:00,1.4556708333333335
2008-01-23 20:00:00,1.4583408333333332
2008-01-24 00:00:00,1.4624808333333332
2008-01-24 04:00:00,1.461545
2008-01-24 08:00:00,1.4613016666666665
2008-01-24 12:00:00,1.4646366666666666
2008-01-24 16:00:00,1.4702583333333332
2008-01-24 20:00:00,1.4753158333333334
2008-01-25 00:00:00,1.4762416666666667
2008-01-25 04:00:00,1.4760683333333333
2008-01-25 08:00:00,1.4751741666666667
2008-01-25 12:00:00,1.4717775
2008-01-25 16:00:00,1.4700125
2008-01-25 20:00:00,1.4669283333333334
2008-01-28 00:00:00,1.467835
2008-01-28 04:00:00,1.4674416666666668
2008-01-28 08:00:00,1.4683116666666667
2008-01-28 12:00:00,1.4714825
2008-01-28 16:00:00,1.4771416666666668
2008-01-28 20:00:00,1.4782358333333332
2008-01-29 00:00:00,1.4784233333333332
2008-01-29 04:00:00,1.4768308333333333
2008-01-29 08:00:00,1.4769783333333333
2008-01-29 12:00:00,1.4775891666666667
2008-01-29 16:00:00,1.4762166666666667
2008-01-29 20:00:00,1.4772683333333334
2008-01-30 00:00:00,1.4769016666666668
2008-01-30 04:00:00,1.4767666666666668
2008-01-30 08:00:00,1.4770733333333332
2008-01-30 12:00:00,1.4799591666666667
2008-01-30 16:00:00,1.4784191666666668
2008-01-30 20:00:00,1.4831966666666667
2008-01-31 00:00:00,1.4848175000000001
2008-01-31 04:00:00,1.4840583333333335
2008-01-31 08:00:00,1.4864991666666667
2008-01-31 12:00:00,1.4859333333333336
2008-01-31 16:00:00,1.4841741666666666
2008-01-31 20:00:00,1.485675
2008-02-01 00:00:00,1.4859300000000002
2008-02-01 04:00:00,1.4867983333333334
2008-02-01 08:00:00,1.4867083333333333
2008-02-01 12:00:00,1.4883816666666667
2008-02-01 16:00:00,1.4856691666666666
2008-02-01 20:00:00,1.4810341666666664
2008-02-04 00:00:00,1.4796116666666668
2008-02-04 04:00:00,1.4803991666666667
2008-02-04 08:00:00,1.4822308333333332
2008-02-04 12:00:00,1.4817083333333334
2008-02-04 16:00:00,1.4823075000000001
2008-02-04 20:00:00,1.4829024999999998
2008-02-05 00:00:00,1.4826341666666667
2008-02-05 04:00:00,1.4813558333333332
2008-02-05 08:00:00,1.4804241666666664
2008-02-05 12:00:00,1.469445
2008-02-05 16:00:00,1.46559
2008-02-05 20:00:00,1.4647050000000001
2008-02-06 00:00:00,1.4641349999999997
2008-02-06 04:00:00,1.4635541666666667
2008-02-06 08:00:00,1.4635383333333334
2008-02-06 12:00:00,1.4615425
2008-02-06 16:00:00,1.464025
2008-02-06 20:00:00,1.46335
2008-02-07 00:00:00,1.4623300000000001
2008-02-07 04:00:00,1.4616508333333333
2008-02-07 08:00:00,1.461895
2008-02-07 12:00:00,1.4618175
2008-02-07 16:00:00,1.4512025
2008-02-07 20:00:00,1.4471250000000002
2008-02-08 00:00:00,1.4482708333333334
2008-02-08 04:00:00,1.4488391666666665
2008-02-08 08:00:00,1.4479158333333333
2008-02-08 12:00:00,1.4487833333333333
2008-02-08 16:00:00,1.4494799999999999
2008-02-08 20:00:00,1.4510224999999999
2008-02-11 00:00:00,1.4518416666666667
2008-02-11 04:00:00,1.4531066666666665
2008-02-11 08:00:00,1.4557583333333335
2008-02-11 12:00:00,1.4550566666666667
2008-02-11 16:00:00,1.4504925
2008-02-11 20:00:00,1.4513825
2008-02-12 00:00:00,1.4512141666666667
2008-02-12 04:00:00,1.4512675
2008-02-12 08:00:00,1.4527725
2008-02-12 12:00:00,1.45213
2008-02-12 16:00:00,1.4577016666666667
2008-02-12 20:00:00,1.4587725
2008-02-13 00:00:00,1.4580541666666667
2008-02-13 04:00:00,1.4576166666666666
2008-02-13 08:00:00,1.4560033333333333
2008-02-13 12:00:00,1.4578133333333332
2008-02-13 16:00:00,1.4561600000000001
2008-02-13 20:00:00,1.4576841666666667
2008-02-14 00:00:00,1.4565858333333332
2008-02-14 04:00:00,1.4566383333333335
2008-02-14 08:00:00,1.4588649999999999
2008-02-14 12:00:00,1.4617058333333333
2008-02-14 16:00:00,1.4611108333333334
2008-02-14 20:00:00,1.4634716666666667
2008-02-15 00:00:00,1.4639116666666667
2008-02-15 04:00:00,1.4634166666666668
2008-02-15 08:00:00,1.4648833333333333
2008-02-15 12:00:00,1.4675125000000002
2008-02-15 16:00:00,1.4680916666666666
2008-02-15 20:00:00,1.4673233333333333
2008-02-18 00:00:00,1.4669116666666666
2008-02-18 04:00:00,1.4676308333333332
2008-02-18 08:00:00,1.4671958333333333
2008-02-18 12:00:00,1.463255
2008-02-18 16:00:00,1.4644575
2008-02-18 20:00:00,1.4655291666666665
2008-02-19 00:00:00,1.4653233333333333
2008-02-19 04:00:00,1.4659266666666666
2008-02-19 08:00:00,1.4710541666666668
2008-02-19 12:00:00,1.4733783333333332
2008-02-19 16:00:00,1.4739658333333334
2008-02-19 20:00:00,1.4733450000000001
2008-02-20 00:00:00,1.472755
2008-02-20 04:00:00,1.4724675
2008-02-20 08:00:00,1.4709808333333334
2008-02-20 12:00:00,1.4689733333333332
2008-02-20 16:00:00,1.4647666666666668
2008-02-20 20:00:00,1.4695083333333332
2008-02-21 00:00:00,1.4714825
2008-02-21 04:00:00,1.4719225000000002
2008-02-21 08:00:00,1.4726516666666667
2008-02-21 12:00:00,1.4730766666666668
2008-02-21 16:00:00,1.4762408333333332
2008-02-21 20:00:00,1.48179
2008-02-22 00:00:00,1.4813616666666667
2008-02-22 04:00:00,1.4801816666666667
2008-02-22 08:00:00,1.4808291666666666
2008-02-22 12:00:00,1.4833033333333334
2008-02-22 16:00:00,1.4829708333333331
2008-02-22 20:00:00,1.4824333333333333
2008-02-25 00:00:00,1.4827191666666666
2008-02-25 04:00:00,1.4818791666666669
2008-02-25 08:00:00,1.4815866666666666
2008-02-25 12:00:00,1.4810108333333334
2008-02-25 16:00:00,1.4826133333333336
2008-02-25 20:00:00,1.4823166666666667
2008-02-26 00:00:00,1.483048333333333
2008-02-26 04:00:00,1.4825274999999998
2008-02-26 08:00:00,1.4805191666666666
2008-02-26 12:00:00,1.4861183333333332
2008-02-26 16:00:00,1.4877175
2008-02-26 20:00:00,1.4940499999999999
2008-02-27 00:00:00,1.4993866666666666
2008-02-27 04:00:00,1.4993166666666669
2008-02-27 08:00:00,1.50247
2008-02-27 12:00:00,1.5049841666666666
2008-02-27 16:00:00,1.5080608333333334
2008-02-27 20:00:00,1.5120616666666666
2008-02-28 00:00:00,1.5119116666666668
2008-02-28 04:00:00,1.5106033333333335
2008-02-28 08:00:00,1.5101549999999997
2008-02-28 12:00:00,1.5098041666666668
2008-02-28 16:00:00,1.515185
2008-02-28 20:00:00,1.5214175
2008-02-29 00:00:00,1.5191225
2008-02-29 04:00:00,1.5177108333333331
2008-02-29 08:00:00,1.5198758333333333
2008-02-29 12:00:00,1.5195141666666667
2008-02-29 16:00:00,1.5181975000000003
2008-02-29 20:00:00,1.5185083333333333
2008-03-03 00:00:00,1.5196174999999998
2008-03-03 04:00:00,1.5202491666666664
2008-03-03 08:00:00,1.5207141666666668
2008-03-03 12:00:00,1.5182266666666666
2008-03-03 16:00:00,1.5212775
2008-03-03 20:00:00,1.5189875000000002
2008-03-04 00:00:00,1.5200183333333332
2008-03-04 04:00:00,1.51946
2008-03-04 08:00:00,1.5186008333333334
2008-03-04 12:00:00,1.5209516666666667
2008-03-04 16:00:00,1.5215
2008-03-04 20:00:00,1.5213783333333333
2008-03-05 00:00:00,1.5207375
2008-03-05 04:00:00,1.5196316666666667
2008-03-05 08:00:00,1.5187891666666666
2008-03-05 12:00:00,1.5184683333333333
2008-03-05 16:00:00,1.5245366666666667
2008-03-05 20:00:00,1.5270666666666668
2008-03-06 00:00:00,1.5274016666666668
2008-03-06 04:00:00,1.5276875
2008-03-06 08:00:00,1.5300066666666667
2008-03-06 12:00:00,1.5326866666666668
2008-03-06 16:00:00,1.5349975
2008-03-06 20:00:00,1.5366825
2008-03-07 00:00:00,1.5382925
2008-03-07 04:00:00,1.5377066666666668
2008-03-07 08:00:00,1.5398975
2008-03-07 12:00:00,1.5408583333333332
2008-03-07 16:00:00,1.5367266666666666
2008-03-07 20:00:00,1.5340983333333336
2008-03-10 00:00:00,1.537865
2008-03-10 04:00:00,1.5382533333333335
2008-03-10 08:00:00,1.538025
2008-03-10 12:00:00,1.5361133333333334
2008-03-10 16:00:00,1.5351658333333331
2008-03-10 20:00:00,1.5344558333333334
2008-03-11 00:00:00,1.5349191666666666
2008-03-11 04:00:00,1.5358308333333333
2008-03-11 08:00:00,1.535875
2008-03-11 12:00:00,1.5428583333333332
2008-03-11 16:00:00,1.5334358333333336
2008-03-11 20:00:00,1.5324433333333332
2008-03-12 00:00:00,1.5341391666666668
2008-03-12 04:00:00,1.5360941666666665
2008-03-12 08:00:00,1.5367641666666667
2008-03-12 12:00:00,1.5439666666666667
2008-03-12 16:00:00,1.5482758333333333
2008-03-12 20:00:00,1.5531041666666665
2008-03-13 00:00:00,1.554275
2008-03-13 04:00:00,1.5555725
2008-03-13 08:00:00,1.5563475
2008-03-13 12:00:00,1.5589175000000002
2008-03-13 16:00:00,1.5586900000000001
2008-03-13 20:00:00,1.5596424999999998
2008-03-14 00:00:00,1.5616558333333335
2008-03-14 04:00:00,1.5607075000000001
2008-03-14 08:00:00,1.560695
2008-03-14 12:00:00,1.5562241666666667
2008-03-14 16:00:00,1.5625533333333332
2008-03-14 20:00:00,1.5655366666666666
2008-03-17 00:00:00,1.57336
2008-03-17 04:00:00,1.5841375
2008-03-17 08:00:00,1.5807158333333333
2008-03-17 12:00:00,1.577245
2008-03-17 16:00:00,1.5747750000000003
2008-03-17 20:00:00,1.5732475
2008-03-18 00:00:00,1.573176666666667
2008-03-18 04:00:00,1.57612
2008-03-18 08:00:00,1.576675
2008-03-18 12:00:00,1.5797958333333333
2008-03-18 16:00:00,1.578225
2008-03-18 20:00:00,1.5707333333333333
2008-03-19 00:00:00,1.56429
2008-03-19 04:00:00,1.5679308333333335
2008-03-19 08:00:00,1.5713391666666665
2008-03-19 12:00:00,1.5730683333333333
2008-03-19 16:00:00,1.5672808333333335
2008-03-19 20:00:00,1.5626483333333332
2008-03-20 00:00:00,1.5627316666666666
2008-03-20 04:00:00,1.5588025
2008-03-20 08:00:00,1.5583958333333334
2008-03-20 12:00:00,1.5461008333333333
2008-03-20 16:00:00,1.5423191666666667
2008-03-20 20:00:00,1.5438391666666667
2008-03-21 00:00:00,1.5432241666666666
2008-03-21 04:00:00,1.541879166666667
2008-03-21 08:00:00,1.5449841666666666
2008-03-21 12:00:00,1.5439108333333331
2008-03-21 16:00:00,1.5447591666666667
2008-03-21 20:00:00,1.5440833333333335
2008-03-24 00:00:00,1.5411833333333331
2008-03-24 04:00:00,1.5360408333333333
2008-03-24 08:00:00,1.537735
2008-03-24 12:00:00,1.5419391666666664
2008-03-24 16:00:00,1.5401258333333334
2008-03-24 20:00:00,1.5421558333333332
2008-03-25 00:00:00,1.5427625000000003
2008-03-25 04:00:00,1.5516649999999998
2008-03-25 08:00:00,1.5546616666666668
2008-03-25 12:00:00,1.5570691666666667
2008-03-25 16:00:00,1.5588441666666666
2008-03-25 20:00:00,1.5611333333333333
2008-03-26 00:00:00,1.562815833333333
2008-03-26 04:00:00,1.5634658333333333
2008-03-26 08:00:00,1.5605149999999999
2008-03-26 12:00:00,1.57186
2008-03-26 16:00:00,1.5740458333333334
2008-03-26 20:00:00,1.5819508333333332
2008-03-27 00:00:00,1.58315
2008-03-27 04:00:00,1.5810158333333333
2008-03-27 08:00:00,1.5781666666666667
2008-03-27 12:00:00,1.5781725
2008-03-27 16:00:00,1.5787525
2008-03-27 20:00:00,1.5783833333333332
2008-03-28 00:00:00,1.5795508333333332
2008-03-28 04:00:00,1.5788758333333335
2008-03-28 08:00:00,1.5773933333333334
2008-03-28 12:00:00,1.5804391666666666
2008-03-28 16:00:00,1.5767583333333333
2008-03-28 20:00:00,1.5777475
2008-03-31 00:00:00,1.5785208333333334
2008-03-31 04:00:00,1.57924
2008-03-31 08:00:00,1.5790600000000001
2008-03-31 12:00:00,1.5810233333333334
2008-03-31 16:00:00,1.5820708333333333
2008-03-31 20:00:00,1.5788366666666667
2008-04-01 00:00:00,1.576445
2008-04-01 04:00:00,1.5774966666666665
2008-04-01 08:00:00,1.5694525000000001
2008-04-01 12:00:00,1.5646624999999998
2008-04-01 16:00:00,1.5604416666666665
2008-04-01 20:00:00,1.560055
2008-04-02 00:00:00,1.5612658333333334
2008-04-02 04:00:00,1.5598416666666668
2008-04-02 08:00:00,1.558965
2008-04-02 12:00:00,1.56379
2008-04-02 16:00:00,1.562314166666667
2008-04-02 20:00:00,1.5675616666666667
2008-04-03 00:00:00,1.5675458333333334
2008-04-03 04:00:00,1.5643749999999998
2008-04-03 08:00:00,1.5624883333333335
2008-04-03 12:00:00,1.5556883333333333
2008-04-03 16:00:00,1.5635691666666667
2008-04-03 20:00:00,1.5670641666666667
2008-04-04 00:00:00,1.5667366666666667
2008-04-04 04:00:00,1.566005
2008-04-04 08:00:00,1.5685708333333332
2008-04-04 12:00:00,1.5723416666666665
2008-04-04 16:00:00,1.5726866666666668
2008-04-04 20:00:00,1.5721924999999999
2008-04-07 00:00:00,1.5720208333333334
2008-04-07 04:00:00,1.56738
2008-04-07 08:00:00,1.566985
2008-04-07 12:00:00,1.5702666666666667
2008-04-07 16:00:00,1.5709675
2008-04-07 20:00:00,1.5705649999999998
2008-04-08 00:00:00,1.5717966666666667
2008-04-08 04:00:00,1.5767933333333333
2008-04-08 08:00:00,1.5748799999999998
2008-04-08 12:00:00,1.5729250000000001
2008-04-08 16:00:00,1.5706908333333334
2008-04-08 20:00:00,1.571075
2008-04-09 00:00:00,1.5699883333333333
2008-04-09 04:00:00,1.5701808333333334
2008-04-09 08:00:00,1.5717775
2008-04-09 12:00:00,1.5725933333333333
2008-04-09 16:00:00,1.5788108333333333
2008-04-09 20:00:00,1.5833183333333334
2008-04-10 00:00:00,1.5828633333333333
2008-04-10 04:00:00,1.5838183333333333
2008-04-10 08:00:00,1.5843174999999998
2008-04-10 12:00:00,1.5876350000000001
2008-04-10 16:00:00,1.5786291666666665
2008-04-10 20:00:00,1.5740733333333332
2008-04-11 00:00:00,1.5749366666666669
2008-04-11 04:00:00,1.5764933333333333
2008-04-11 08:00:00,1.5808775000000002
2008-04-11 12:00:00,1.5821875
2008-04-11 16:00:00,1.5814650000000001
2008-04-11 20:00:00,1.5815041666666667
2008-04-14 00:00:00,1.5703783333333332
2008-04-14 04:00:00,1.5708433333333334
2008-04-14 08:00:00,1.5759366666666665
2008-04-14 12:00:00,1.5830616666666666
2008-04-14 16:00:00,1.5835691666666667
2008-04-14 20:00:00,1.5815391666666665
2008-04-15 00:00:00,1.5828700000000002
2008-04-15 04:00:00,1.5823308333333335
2008-04-15 08:00:00,1.584385
2008-04-15 12:00:00,1.5832708333333334
2008-04-15 16:00:00,1.5798725
2008-04-15 20:00:00,1.5779791666666667
2008-04-16 00:00:00,1.5785516666666668
2008-04-16 04:00:00,1.5794683333333333
2008-04-16 08:00:00,1.58351
2008-04-16 12:00:00,1.59374
2008-04-16 16:00:00,1.5955816666666665
2008-04-16 20:00:00,1.5954291666666667
2008-04-17 00:00:00,1.5940816666666666
2008-04-17 04:00:00,1.5935225
2008-04-17 08:00:00,1.5943900000000002
2008-04-17 12:00:00,1.5916283333333334
2008-04-17 16:00:00,1.5915008333333334
2008-04-17 20:00:00,1.5890108333333335
2008-04-18 00:00:00,1.5898958333333333
2008-04-18 04:00:00,1.5895533333333334
2008-04-18 08:00:00,1.5929408333333335
2008-04-18 12:00:00,1.582215
2008-04-18 16:00:00,1.5738316666666667
2008-04-18 20:00:00,1.5792041666666665
2008-04-21 00:00:00,1.5805675
2008-04-21 04:00:00,1.5822641666666668
2008-04-21 08:00:00,1.5840216666666667
2008-04-21 12:00:00,1.5893558333333333
2008-04-21 16:00:00,1.590545
2008-04-21 20:00:00,1.5906766666666665
2008-04-22 00:00:00,1.5910616666666668
2008-04-22 04:00:00,1.59081
2008-04-22 08:00:00,1.5881475
2008-04-22 12:00:00,1.5934675
2008-04-22 16:00:00,1.5971875
2008-04-22 20:00:00,1.5989033333333333
2008-04-23 00:00:00,1.5984275000000001
2008-04-23 04:00:00,1.5982108333333334
2008-04-23 08:00:00,1.5972133333333334
2008-04-23 12:00:00,1.5951733333333333
2008-04-23 16:00:00,1.589055
2008-04-23 20:00:00,1.5892066666666667
2008-04-24 00:00:00,1.5880183333333333
2008-04-24 04:00:00,1.5852033333333333
2008-04-24 08:00:00,1.5829491666666666
2008-04-24 12:00:00,1.5744166666666666
2008-04-24 16:00:00,1.5685875
2008-04-24 20:00:00,1.5673074999999999
2008-04-25 00:00:00,1.5680741666666667
2008-04-25 04:00:00,1.56915
2008-04-25 08:00:00,1.5631683333333335
2008-04-25 12:00:00,1.560135
2008-04-25 16:00:00,1.563435
2008-04-25 20:00:00,1.5604283333333333
2008-04-28 00:00:00,1.5610749999999998
2008-04-28 04:00:00,1.56361
2008-04-28 08:00:00,1.5650333333333333
2008-04-28 12:00:00,1.5651991666666667
2008-04-28 16:00:00,1.5630516666666665
2008-04-28 20:00:00,1.5642408333333333
2008-04-29 00:00:00,1.5653150000000002
2008-04-29 04:00:00,1.5645825
2008-04-29 08:00:00,1.5597425
2008-04-29 12:00:00,1.55673
2008-04-29 16:00:00,1.559165
2008-04-29 20:00:00,1.5569458333333333
2008-04-30 00:00:00,1.5568841666666666
2008-04-30 04:00:00,1.5569549999999999
2008-04-30 08:00:00,1.5576858333333332
2008-04-30 12:00:00,1.5547983333333333
2008-04-30 16:00:00,1.5566433333333334
2008-04-30 20:00:00,1.5603383333333332
2008-05-01 00:00:00,1.5624125000000002
2008-05-01 04:00:00,1.5637266666666667
2008-05-01 08:00:00,1.5587541666666667
2008-05-01 12:00:00,1.5514858333333332
2008-05-01 16:00:00,1.5461516666666666
2008-05-01 20:00:00,1.545665
2008-05-02 00:00:00,1.5471808333333332
2008-05-02 04:00:00,1.5462266666666666
2008-05-02 08:00:00,1.5467308333333336
2008-05-02 12:00:00,1.545390833333333
2008-05-02 16:00:00,1.5412075
2008-05-02 20:00:00,1.5414725
2008-05-05 00:00:00,1.54321
2008-05-05 04:00:00,1.5460041666666666
2008-05-05 08:00:00,1.54688
2008-05-05 12:00:00,1.54663
2008-05-05 16:00:00,1.5478874999999999
2008-05-05 20:00:00,1.5498108333333334
2008-05-06 00:00:00,1.5502525
2008-05-06 04:00:00,1.5524375000000001
2008-05-06 08:00:00,1.5492416666666666
2008-05-06 12:00:00,1.5521991666666668
2008-05-06 16:00:00,1.5551308333333334
2008-05-06 20:00:00,1.5530216666666665
2008-05-07 00:00:00,1.55251
2008-05-07 04:00:00,1.5502866666666668
2008-05-07 08:00:00,1.5488758333333332
2008-05-07 12:00:00,1.5437408333333333
2008-05-07 16:00:00,1.538738333333333
2008-05-07 20:00:00,1.5397216666666667
2008-05-08 00:00:00,1.5370691666666667
2008-05-08 04:00:00,1.531415
2008-05-08 08:00:00,1.5328816666666667
2008-05-08 12:00:00,1.5353225
2008-05-08 16:00:00,1.5411375
2008-05-08 20:00:00,1.5401533333333335
2008-05-09 00:00:00,1.5401441666666666
2008-05-09 04:00:00,1.5408891666666666
2008-05-09 08:00:00,1.5453616666666665
2008-05-09 12:00:00,1.5458766666666668
2008-05-09 16:00:00,1.5445458333333333
2008-05-09 20:00:00,1.5472725
2008-05-12 00:00:00,1.5458316666666667
2008-05-12 04:00:00,1.5426416666666667
2008-05-12 08:00:00,1.54015
2008-05-12 12:00:00,1.5445583333333335
2008-05-12 16:00:00,1.5506266666666666
2008-05-12 20:00:00,1.5546941666666667
2008-05-13 00:00:00,1.5533975
2008-05-13 04:00:00,1.5523925
2008-05-13 08:00:00,1.5523274999999999
2008-05-13 12:00:00,1.5465491666666666
2008-05-13 16:00:00,1.5481083333333334
2008-05-13 20:00:00,1.5483058333333333
2008-05-14 00:00:00,1.5468825000000002
2008-05-14 04:00:00,1.5455241666666666
2008-05-14 08:00:00,1.5437366666666668
2008-05-14 12:00:00,1.5438108333333334
2008-05-14 16:00:00,1.5462141666666667
2008-05-14 20:00:00,1.5462483333333332
2008-05-15 00:00:00,1.5467866666666665
2008-05-15 04:00:00,1.5464333333333333
2008-05-15 08:00:00,1.55165
2008-05-15 12:00:00,1.54915
2008-05-15 16:00:00,1.5475766666666666
2008-05-15 20:00:00,1.5447308333333334
2008-05-16 00:00:00,1.5451033333333335
2008-05-16 04:00:00,1.5473633333333332
2008-05-16 08:00:00,1.5490516666666667
2008-05-16 12:00:00,1.54758
2008-05-16 16:00:00,1.5546008333333332
2008-05-16 20:00:00,1.5583208333333334
2008-05-19 00:00:00,1.5581183333333335
2008-05-19 04:00:00,1.5566583333333333
2008-05-19 08:00:00,1.5587841666666666
2008-05-19 12:00:00,1.5587274999999998
2008-05-19 16:00:00,1.5527066666666667
2008-05-19 20:00:00,1.5508083333333333
2008-05-20 00:00:00,1.5522616666666667
2008-05-20 04:00:00,1.5528849999999998
2008-05-20 08:00:00,1.5571208333333335
2008-05-20 12:00:00,1.5640133333333335
2008-05-20 16:00:00,1.5657799999999997
2008-05-20 20:00:00,1.5660716666666668
2008-05-21 00:00:00,1.5652808333333335
2008-05-21 04:00:00,1.5668925000000002
2008-05-21 08:00:00,1.5666858333333336
2008-05-21 12:00:00,1.5749433333333334
2008-05-21 16:00:00,1.5758958333333335
2008-05-21 20:00:00,1.5778
2008-05-22 00:00:00,1.57883
2008-05-22 04:00:00,1.5780249999999998
2008-05-22 08:00:00,1.5774366666666664
2008-05-22 12:00:00,1.5755758333333336
2008-05-22 16:00:00,1.571995
2008-05-22 20:00:00,1.5711058333333332
2008-05-23 00:00:00,1.5728125000000002
2008-05-23 04:00:00,1.5727458333333333
2008-05-23 08:00:00,1.57247
2008-05-23 12:00:00,1.5736066666666666
2008-05-23 16:00:00,1.5772225
2008-05-23 20:00:00,1.5772974999999998
2008-05-26 00:00:00,1.5767708333333332
2008-05-26 04:00:00,1.5764616666666667
2008-05-26 08:00:00,1.5763158333333331
2008-05-26 12:00:00,1.575345
2008-05-26 16:00:00,1.5772175
2008-05-26 20:00:00,1.57691
2008-05-27 00:00:00,1.577845
2008-05-27 04:00:00,1.5789683333333333
2008-05-27 08:00:00,1.5769266666666666
2008-05-27 12:00:00,1.57536
2008-05-27 16:00:00,1.5725466666666668
2008-05-27 20:00:00,1.5704841666666665
2008-05-28 00:00:00,1.5683833333333332
2008-05-28 04:00:00,1.5695908333333333
2008-05-28 08:00:00,1.57274
2008-05-28 12:00:00,1.5665991666666665
2008-05-28 16:00:00,1.5635625000000002
2008-05-28 20:00:00,1.5635033333333332
2008-05-29 00:00:00,1.56507
2008-05-29 04:00:00,1.5644241666666667
2008-05-29 08:00:00,1.5591991666666667
2008-05-29 12:00:00,1.5562641666666668
2008-05-29 16:00:00,1.5527008333333334
2008-05-29 20:00:00,1.5503125
2008-05-30 00:00:00,1.5514133333333335
2008-05-30 04:00:00,1.551914166666667
2008-05-30 08:00:00,1.5498366666666665
2008-05-30 12:00:00,1.5507275
2008-05-30 16:00:00,1.5535900000000002
2008-05-30 20:00:00,1.5553525
2008-06-02 00:00:00,1.5555941666666666
2008-06-02 04:00:00,1.5537633333333334
2008-06-02 08:00:00,1.5532791666666668
2008-06-02 12:00:00,1.5533299999999999
2008-06-02 16:00:00,1.5532141666666666
2008-06-02 20:00:00,1.5544208333333334
2008-06-03 00:00:00,1.5540675
2008-06-03 04:00:00,1.5527941666666667
2008-06-03 08:00:00,1.5572825
2008-06-03 12:00:00,1.5596058333333334
2008-06-03 16:00:00,1.5458141666666667
2008-06-03 20:00:00,1.5457408333333333
2008-06-04 00:00:00,1.5444941666666665
2008-06-04 04:00:00,1.5449983333333335
2008-06-04 08:00:00,1.5446208333333333
2008-06-04 12:00:00,1.5464241666666667
2008-06-04 16:00:00,1.5446658333333334
2008-06-04 20:00:00,1.5442383333333334
2008-06-05 00:00:00,1.5430741666666667
2008-06-05 04:00:00,1.5397991666666668
2008-06-05 08:00:00,1.5431333333333332
2008-06-05 12:00:00,1.5408675
2008-06-05 16:00:00,1.5543274999999999
2008-06-05 20:00:00,1.5587066666666667
2008-06-06 00:00:00,1.5589241666666667
2008-06-06 04:00:00,1.5584125000000002
2008-06-06 08:00:00,1.5598874999999999
2008-06-06 12:00:00,1.560565
2008-06-06 16:00:00,1.5716108333333334
2008-06-06 20:00:00,1.5759433333333333
2008-06-09 00:00:00,1.5779475
2008-06-09 04:00:00,1.5783150000000001
2008-06-09 08:00:00,1.5800658333333333
2008-06-09 12:00:00,1.5789591666666665
2008-06-09 16:00:00,1.5706716666666667
2008-06-09 20:00:00,1.5644416666666667
2008-06-10 00:00:00,1.5632108333333332
2008-06-10 04:00:00,1.5587408333333335
2008-06-10 08:00:00,1.5575575
2008-06-10 12:00:00,1.5515733333333332
2008-06-10 16:00:00,1.549105
2008-06-10 20:00:00,1.5456349999999999
2008-06-11 00:00:00,1.5459366666666667
2008-06-11 04:00:00,1.5476141666666667
2008-06-11 08:00:00,1.5486141666666664
2008-06-11 12:00:00,1.5499983333333331
2008-06-11 16:00:00,1.5540900000000002
2008-06-11 20:00:00,1.5558641666666668
2008-06-12 00:00:00,1.5553016666666668
2008-06-12 04:00:00,1.5486816666666667
2008-06-12 08:00:00,1.5440958333333332
2008-06-12 12:00:00,1.5422983333333333
2008-06-12 16:00:00,1.5413541666666668
2008-06-12 20:00:00,1.5423133333333334
2008-06-13 00:00:00,1.5450916666666665
2008-06-13 04:00:00,1.5448475
2008-06-13 08:00:00,1.541435
2008-06-13 12:00:00,1.5332808333333332
2008-06-13 16:00:00,1.5353483333333333
2008-06-13 20:00:00,1.5362433333333334
2008-06-16 00:00:00,1.5388408333333332
2008-06-16 04:00:00,1.5395808333333334
2008-06-16 08:00:00,1.5391100000000002
2008-06-16 12:00:00,1.545445
2008-06-16 16:00:00,1.5480491666666665
2008-06-16 20:00:00,1.5481616666666667
2008-06-17 00:00:00,1.5468374999999999
2008-06-17 04:00:00,1.5523525
2008-06-17 08:00:00,1.5521383333333332
2008-06-17 12:00:00,1.5492258333333335
2008-06-17 16:00:00,1.5507125
2008-06-17 20:00:00,1.5511558333333333
2008-06-18 00:00:00,1.5515066666666666
2008-06-18 04:00:00,1.5503483333333334
2008-06-18 08:00:00,1.5498325
2008-06-18 12:00:00,1.5483608333333334
2008-06-18 16:00:00,1.5500608333333332
2008-06-18 20:00:00,1.5528075000000001
2008-06-19 00:00:00,1.5543058333333335
2008-06-19 04:00:00,1.55668
2008-06-19 08:00:00,1.5549399999999998
2008-06-19 12:00:00,1.5486191666666667
2008-06-19 16:00:00,1.5493566666666665
2008-06-19 20:00:00,1.5501666666666667
2008-06-20 00:00:00,1.5501133333333332
2008-06-20 04:00:00,1.551204166666667
2008-06-20 08:00:00,1.5542766666666668
2008-06-20 12:00:00,1.5602800000000001
2008-06-20 16:00:00,1.5624633333333335
2008-06-20 20:00:00,1.5619916666666667
2008-06-23 00:00:00,1.5609383333333335
2008-06-23 04:00:00,1.5611416666666666
2008-06-23 08:00:00,1.5561725
2008-06-23 12:00:00,1.5516216666666667
2008-06-23 16:00:00,1.5493316666666666
2008-06-23 20:00:00,1.5517433333333333
2008-06-24 00:00:00,1.5519641666666666
2008-06-24 04:00:00,1.5510941666666667
2008-06-24 08:00:00,1.5547616666666668
2008-06-24 12:00:00,1.5560708333333333
2008-06-24 16:00:00,1.5587033333333333
2008-06-24 20:00:00,1.5576699999999999
2008-06-25 00:00:00,1.5569208333333333
2008-06-25 04:00:00,1.5570333333333335
2008-06-25 08:00:00,1.5565008333333332
2008-06-25 12:00:00,1.558575
2008-06-25 16:00:00,1.5580458333333334
2008-06-25 20:00:00,1.5638233333333331
2008-06-26 00:00:00,1.5668741666666666
2008-06-26 04:00:00,1.5673108333333334
2008-06-26 08:00:00,1.5661749999999999
2008-06-26 12:00:00,1.5717491666666665
2008-06-26 16:00:00,1.5731775000000001
2008-06-26 20:00:00,1.5750716666666666
2008-06-27 00:00:00,1.5752525
2008-06-27 04:00:00,1.5734733333333333
2008-06-27 08:00:00,1.5741225
2008-06-27 12:00:00,1.5753041666666667
2008-06-27 16:00:00,1.575015
2008-06-27 20:00:00,1.5778383333333332
2008-06-30 00:00:00,1.5782958333333332
2008-06-30 04:00:00,1.5786241666666667
2008-06-30 08:00:00,1.5801675
2008-06-30 12:00:00,1.5783258333333332
2008-06-30 16:00:00,1.5755883333333334
2008-06-30 20:00:00,1.5749366666666667
2008-07-01 00:00:00,1.5753808333333332
2008-07-01 04:00:00,1.5747383333333334
2008-07-01 08:00:00,1.5751933333333334
2008-07-01 12:00:00,1.5786558333333334
2008-07-01 16:00:00,1.5779008333333333
2008-07-01 20:00:00,1.5789116666666665
2008-07-02 00:00:00,1.5794175000000001
2008-07-02 04:00:00,1.5805433333333334
2008-07-02 08:00:00,1.5819291666666668
2008-07-02 12:00:00,1.5806291666666665
2008-07-02 16:00:00,1.5864308333333335
2008-07-02 20:00:00,1.5875658333333331
2008-07-03 00:00:00,1.5881325
2008-07-03 04:00:00,1.5870083333333334
2008-07-03 08:00:00,1.5873241666666669
2008-07-03 12:00:00,1.586410833333333
2008-07-03 16:00:00,1.5721366666666667
2008-07-03 20:00:00,1.5697275
2008-07-04 00:00:00,1.5694566666666667
2008-07-04 04:00:00,1.571445
2008-07-04 08:00:00,1.57099
2008-07-04 12:00:00,1.5682758333333333
2008-07-04 16:00:00,1.5693283333333334
2008-07-04 20:00:00,1.5696916666666667
2008-07-07 00:00:00,1.5686358333333335
2008-07-07 04:00:00,1.564255
2008-07-07 08:00:00,1.5631258333333333
2008-07-07 12:00:00,1.5654183333333334
2008-07-07 16:00:00,1.5659058333333333
2008-07-07 20:00:00,1.5728775
2008-07-08 00:00:00,1.572284166666667
2008-07-08 04:00:00,1.5703833333333332
2008-07-08 08:00:00,1.5710575
2008-07-08 12:00:00,1.5702158333333331
2008-07-08 16:00:00,1.5664233333333333
2008-07-08 20:00:00,1.5660466666666666
2008-07-09 00:00:00,1.5665625
2008-07-09 04:00:00,1.5668775
2008-07-09 08:00:00,1.569678333333333
2008-07-09 12:00:00,1.5701291666666666
2008-07-09 16:00:00,1.57322
2008-07-09 20:00:00,1.5735783333333333
2008-07-10 00:00:00,1.5734074999999998
2008-07-10 04:00:00,1.5726683333333333
2008-07-10 08:00:00,1.5724966666666669
2008-07-10 12:00:00,1.5706366666666667
2008-07-10 16:00:00,1.5760766666666666
2008-07-10 20:00:00,1.5778533333333333
2008-07-11 00:00:00,1.5785908333333334
2008-07-11 04:00:00,1.5784241666666665
2008-07-11 08:00:00,1.5779225000000001
2008-07-11 12:00:00,1.5816716666666666
2008-07-11 16:00:00,1.5903583333333333
2008-07-11 20:00:00,1.5905091666666666
2008-07-14 00:00:00,1.5921291666666666
2008-07-14 04:00:00,1.5900866666666666
2008-07-14 08:00:00,1.5875983333333334
2008-07-14 12:00:00,1.5860416666666666
2008-07-14 16:00:00,1.5901183333333333
2008-07-14 20:00:00,1.5911325
2008-07-15 00:00:00,1.5896191666666666
2008-07-15 04:00:00,1.5929958333333334
2008-07-15 08:00:00,1.5956983333333334
2008-07-15 12:00:00,1.5996099999999998
2008-07-15 16:00:00,1.5951050000000002
2008-07-15 20:00:00,1.589945
2008-07-16 00:00:00,1.5909516666666668
2008-07-16 04:00:00,1.5905058333333333
2008-07-16 08:00:00,1.5915341666666667
2008-07-16 12:00:00,1.5918141666666665
2008-07-16 16:00:00,1.5851475000000002
2008-07-16 20:00:00,1.5822991666666668
2008-07-17 00:00:00,1.5823266666666667
2008-07-17 04:00:00,1.5850441666666666
2008-07-17 08:00:00,1.5857325000000002
2008-07-17 12:00:00,1.585335
2008-07-17 16:00:00,1.586505
2008-07-17 20:00:00,1.5831925
2008-07-18 00:00:00,1.5849366666666669
2008-07-18 04:00:00,1.5839208333333334
2008-07-18 08:00:00,1.5860908333333332
2008-07-18 12:00:00,1.5846916666666666
2008-07-18 16:00:00,1.5847058333333333
2008-07-18 20:00:00,1.5840349999999999
2008-07-21 00:00:00,1.5837400000000001
2008-07-21 04:00:00,1.5867966666666664
2008-07-21 08:00:00,1.5870475000000002
2008-07-21 12:00:00,1.5871733333333333
2008-07-21 16:00:00,1.5860416666666666
2008-07-21 20:00:00,1.5894166666666667
2008-07-22 00:00:00,1.5919699999999999
2008-07-22 04:00:00,1.5924791666666667
2008-07-22 08:00:00,1.5924933333333333
2008-07-22 12:00:00,1.5914125
2008-07-22 16:00:00,1.5826783333333334
2008-07-22 20:00:00,1.57788
2008-07-23 00:00:00,1.5784483333333332
2008-07-23 04:00:00,1.5789091666666666
2008-07-23 08:00:00,1.5765183333333332
2008-07-23 12:00:00,1.57405
2008-07-23 16:00:00,1.5714766666666669
2008-07-23 20:00:00,1.5689724999999999
2008-07-24 00:00:00,1.56854
2008-07-24 04:00:00,1.5694141666666668
2008-07-24 08:00:00,1.5678341666666666
2008-07-24 12:00:00,1.5675966666666667
2008-07-24 16:00:00,1.5666316666666666
2008-07-24 20:00:00,1.5663933333333333
2008-07-25 00:00:00,1.5680866666666666
2008-07-25 04:00:00,1.5680816666666668
2008-07-25 08:00:00,1.5709116666666667
2008-07-25 12:00:00,1.572845
2008-07-25 16:00:00,1.5688408333333332
2008-07-25 20:00:00,1.5696483333333333
2008-07-28 00:00:00,1.56926
2008-07-28 04:00:00,1.5707166666666665
2008-07-28 08:00:00,1.5712191666666668
2008-07-28 12:00:00,1.5748725000000001
2008-07-28 16:00:00,1.5743158333333334
2008-07-28 20:00:00,1.5745066666666667
2008-07-29 00:00:00,1.5741508333333334
2008-07-29 04:00:00,1.5745274999999999
2008-07-29 08:00:00,1.5744575
2008-07-29 12:00:00,1.5720941666666668
2008-07-29 16:00:00,1.5616591666666666
2008-07-29 20:00:00,1.5578391666666667
2008-07-30 00:00:00,1.5585849999999999
2008-07-30 04:00:00,1.5590075
2008-07-30 08:00:00,1.5589375
2008-07-30 12:00:00,1.55826
2008-07-30 16:00:00,1.555445
2008-07-30 20:00:00,1.5578758333333333
2008-07-31 00:00:00,1.5576466666666668
2008-07-31 04:00:00,1.5580733333333332
2008-07-31 08:00:00,1.5609108333333335
2008-07-31 12:00:00,1.5623441666666666
2008-07-31 16:00:00,1.5613766666666666
2008-07-31 20:00:00,1.5593891666666666
2008-08-01 00:00:00,1.5586741666666668
2008-08-01 04:00:00,1.5563241666666667
2008-08-01 08:00:00,1.5566449999999998
2008-08-01 12:00:00,1.5561608333333332
2008-08-01 16:00:00,1.55624
2008-08-01 20:00:00,1.5550525000000002
2008-08-04 00:00:00,1.5567541666666664
2008-08-04 04:00:00,1.5583908333333332
2008-08-04 08:00:00,1.5582841666666667
2008-08-04 12:00:00,1.5578750000000001
2008-08-04 16:00:00,1.5587291666666667
2008-08-04 20:00:00,1.5581675000000001
2008-08-05 00:00:00,1.5565341666666668
2008-08-05 04:00:00,1.5534350000000001
2008-08-05 08:00:00,1.5520291666666666
2008-08-05 12:00:00,1.5489166666666667
2008-08-05 16:00:00,1.5476025
2008-08-05 20:00:00,1.5462225000000003
2008-08-06 00:00:00,1.5461008333333335
2008-08-06 04:00:00,1.5484508333333333
2008-08-06 08:00:00,1.5497058333333333
2008-08-06 12:00:00,1.5473491666666668
2008-08-06 16:00:00,1.5420533333333335
2008-08-06 20:00:00,1.5414916666666667
2008-08-07 00:00:00,1.5417333333333334
2008-08-07 04:00:00,1.54328
2008-08-07 08:00:00,1.5460266666666667
2008-08-07 12:00:00,1.5461891666666665
2008-08-07 16:00:00,1.5360483333333335
2008-08-07 20:00:00,1.5323858333333333
2008-08-08 00:00:00,1.5308966666666666
2008-08-08 04:00:00,1.5223366666666667
2008-08-08 08:00:00,1.5196633333333334
2008-08-08 12:00:00,1.5110083333333333
2008-08-08 16:00:00,1.5038958333333334
2008-08-08 20:00:00,1.5017708333333333
2008-08-11 00:00:00,1.4940441666666666
2008-08-11 04:00:00,1.4975333333333332
2008-08-11 08:00:00,1.5002383333333333
2008-08-11 12:00:00,1.5017825
2008-08-11 16:00:00,1.4975883333333333
2008-08-11 20:00:00,1.4911108333333334
2008-08-12 00:00:00,1.4902358333333334
2008-08-12 04:00:00,1.4883275
2008-08-12 08:00:00,1.4869933333333332
2008-08-12 12:00:00,1.4900725
2008-08-12 16:00:00,1.491075
2008-08-12 20:00:00,1.4918933333333333
2008-08-13 00:00:00,1.4910725
2008-08-13 04:00:00,1.4922825
2008-08-13 08:00:00,1.4931425
2008-08-13 12:00:00,1.4901733333333333
2008-08-13 16:00:00,1.4888333333333332
2008-08-13 20:00:00,1.4928591666666666
2008-08-14 00:00:00,1.4912958333333335
2008-08-14 04:00:00,1.4887458333333332
2008-08-14 08:00:00,1.4893933333333331
2008-08-14 12:00:00,1.4908766666666668
2008-08-14 16:00:00,1.4866641666666665
2008-08-14 20:00:00,1.4810724999999998
2008-08-15 00:00:00,1.4782791666666668
2008-08-15 04:00:00,1.4775866666666666
2008-08-15 08:00:00,1.4744608333333333
2008-08-15 12:00:00,1.4728575000000002
2008-08-15 16:00:00,1.469215
2008-08-15 20:00:00,1.467235
2008-08-18 00:00:00,1.4690050000000001
2008-08-18 04:00:00,1.4740383333333331
2008-08-18 08:00:00,1.4746508333333335
2008-08-18 12:00:00,1.4715008333333333
2008-08-18 16:00:00,1.4716266666666669
2008-08-18 20:00:00,1.4708433333333333
2008-08-19 00:00:00,1.4684975
2008-08-19 04:00:00,1.4689225
2008-08-19 08:00:00,1.4660325
2008-08-19 12:00:00,1.4676375
2008-08-19 16:00:00,1.4717691666666666
2008-08-19 20:00:00,1.477358333333333
2008-08-20 00:00:00,1.4783933333333334
2008-08-20 04:00:00,1.476595
2008-08-20 08:00:00,1.4755358333333333
2008-08-20 12:00:00,1.4717324999999999
2008-08-20 16:00:00,1.4719908333333334
2008-08-20 20:00:00,1.4728933333333334
2008-08-21 00:00:00,1.4749116666666668
2008-08-21 04:00:00,1.4774033333333332
2008-08-21 08:00:00,1.4796233333333333
2008-08-21 12:00:00,1.478795
2008-08-21 16:00:00,1.4864825000000002
2008-08-21 20:00:00,1.4880575
2008-08-22 00:00:00,1.4889141666666665
2008-08-22 04:00:00,1.4873375
2008-08-22 08:00:00,1.4870875
2008-08-22 12:00:00,1.4825025
2008-08-22 16:00:00,1.4811816666666666
2008-08-22 20:00:00,1.4780983333333333
2008-08-25 00:00:00,1.4770491666666667
2008-08-25 04:00:00,1.472665
2008-08-25 08:00:00,1.4731458333333334
2008-08-25 12:00:00,1.4767658333333333
2008-08-25 16:00:00,1.4788483333333333
2008-08-25 20:00:00,1.4754458333333333
2008-08-26 00:00:00,1.473946666666667
2008-08-26 04:00:00,1.4714241666666665
2008-08-26 08:00:00,1.4677341666666663
2008-08-26 12:00:00,1.4595041666666666
2008-08-26 16:00:00,1.4647933333333332
2008-08-26 20:00:00,1.4641075
2008-08-27 00:00:00,1.4652508333333336
2008-08-27 04:00:00,1.4710233333333331
2008-08-27 08:00:00,1.4707583333333334
2008-08-27 12:00:00,1.4739633333333335
2008-08-27 16:00:00,1.4700875
2008-08-27 20:00:00,1.4711308333333335
2008-08-28 00:00:00,1.4733216666666666
2008-08-28 04:00:00,1.4780575
2008-08-28 08:00:00,1.4776241666666667
2008-08-28 12:00:00,1.4771041666666664
2008-08-28 16:00:00,1.4728291666666666
2008-08-28 20:00:00,1.4698408333333333
2008-08-29 00:00:00,1.4702591666666665
2008-08-29 04:00:00,1.4739433333333334
2008-08-29 08:00:00,1.474115833333333
2008-08-29 12:00:00,1.4731225
2008-08-29 16:00:00,1.4692516666666666
2008-08-29 20:00:00,1.4664424999999999
2008-09-01 00:00:00,1.4684041666666667
2008-09-01 04:00:00,1.4633825
2008-09-01 08:00:00,1.4642825
2008-09-01 12:00:00,1.4628791666666667
2008-09-01 16:00:00,1.4600891666666667
2008-09-01 20:00:00,1.46049
2008-09-02 00:00:00,1.4583266666666665
2008-09-02 04:00:00,1.4578958333333332
2008-09-02 08:00:00,1.4530458333333334
2008-09-02 12:00:00,1.4492075
2008-09-02 16:00:00,1.4513191666666667
2008-09-02 20:00:00,1.4516508333333333
2008-09-03 00:00:00,1.4507566666666667
2008-09-03 04:00:00,1.4486191666666666
2008-09-03 08:00:00,1.4429058333333333
2008-09-03 12:00:00,1.4420066666666664
2008-09-03 16:00:00,1.447144166666667
2008-09-03 20:00:00,1.4492525
2008-09-04 00:00:00,1.4499966666666666
2008-09-04 04:00:00,1.4494625
2008-09-04 08:00:00,1.4515233333333333
2008-09-04 12:00:00,1.4484991666666667
2008-09-04 16:00:00,1.4397266666666668
2008-09-04 20:00:00,1.433635
2008-09-05 00:00:00,1.4258108333333332
2008-09-05 04:00:00,1.4275258333333334
2008-09-05 08:00:00,1.4281125000000001
2008-09-05 12:00:00,1.4241533333333332
2008-09-05 16:00:00,1.4278716666666667
2008-09-05 20:00:00,1.4247216666666667
2008-09-08 00:00:00,1.4353591666666667
2008-09-08 04:00:00,1.4404283333333332
2008-09-08 08:00:00,1.4335208333333334
2008-09-08 12:00:00,1.4215833333333332
2008-09-08 16:00:00,1.4172441666666669
2008-09-08 20:00:00,1.4112291666666665
2008-09-09 00:00:00,1.4126891666666666
2008-09-09 04:00:00,1.4077558333333335
2008-09-09 08:00:00,1.4115183333333332
2008-09-09 12:00:00,1.4158041666666668
2008-09-09 16:00:00,1.4142216666666667
2008-09-09 20:00:00,1.4152974999999999
2008-09-10 00:00:00,1.4117166666666667
2008-09-10 04:00:00,1.41316
2008-09-10 08:00:00,1.4154733333333331
2008-09-10 12:00:00,1.4115783333333334
2008-09-10 16:00:00,1.4070591666666667
2008-09-10 20:00:00,1.4028850000000002
2008-09-11 00:00:00,1.3961141666666665
2008-09-11 04:00:00,1.3965241666666668
2008-09-11 08:00:00,1.3943716666666666
2008-09-11 12:00:00,1.3930708333333335
2008-09-11 16:00:00,1.39228
2008-09-11 20:00:00,1.3951425
2008-09-12 00:00:00,1.4006950000000002
2008-09-12 04:00:00,1.3996375
2008-09-12 08:00:00,1.4053641666666667
2008-09-12 12:00:00,1.4094366666666667
2008-09-12 16:00:00,1.4154808333333333
2008-09-12 20:00:00,1.4203841666666666
2008-09-15 00:00:00,1.4311491666666667
2008-09-15 04:00:00,1.4382866666666667
2008-09-15 08:00:00,1.4338783333333334
2008-09-15 12:00:00,1.4185833333333335
2008-09-15 16:00:00,1.4187925000000001
2008-09-15 20:00:00,1.4228049999999999
2008-09-16 00:00:00,1.425415833333333
2008-09-16 04:00:00,1.4225291666666666
2008-09-16 08:00:00,1.42478
2008-09-16 12:00:00,1.4208049999999999
2008-09-16 16:00:00,1.4162608333333333
2008-09-16 20:00:00,1.4136416666666667
2008-09-17 00:00:00,1.4141116666666669
2008-09-17 04:00:00,1.4172366666666667
2008-09-17 08:00:00,1.42143
2008-09-17 12:00:00,1.4207708333333333
2008-09-17 16:00:00,1.4168316666666667
2008-09-17 20:00:00,1.4320708333333332
2008-09-18 00:00:00,1.4329033333333332
2008-09-18 04:00:00,1.4348333333333334
2008-09-18 08:00:00,1.4352691666666666
2008-09-18 12:00:00,1.4470783333333335
2008-09-18 16:00:00,1.4393658333333335
2008-09-18 20:00:00,1.436351666666667
2008-09-19 00:00:00,1.4298383333333335
2008-09-19 04:00:00,1.4214216666666668
2008-09-19 08:00:00,1.4206941666666668
2008-09-19 12:00:00,1.4235608333333332
2008-09-19 16:00:00,1.4392633333333333
2008-09-19 20:00:00,1.4454683333333334
2008-09-22 00:00:00,1.4475874999999998
2008-09-22 04:00:00,1.4505375
2008-09-22 08:00:00,1.4528083333333333
2008-09-22 12:00:00,1.4582283333333335
2008-09-22 16:00:00,1.4662041666666668
2008-09-22 20:00:00,1.4797991666666666
2008-09-23 00:00:00,1.4797658333333334
2008-09-23 04:00:00,1.4784075
2008-09-23 08:00:00,1.4749066666666666
2008-09-23 12:00:00,1.4760466666666665
2008-09-23 16:00:00,1.4726816666666667
2008-09-23 20:00:00,1.4681108333333333
2008-09-24 00:00:00,1.46776
2008-09-24 04:00:00,1.4679100000000003
2008-09-24 08:00:00,1.4666499999999998
2008-09-24 12:00:00,1.4679600000000002
2008-09-24 16:00:00,1.4679183333333332
2008-09-24 20:00:00,1.46438
2008-09-25 00:00:00,1.4634558333333334
2008-09-25 04:00:00,1.4709041666666667
2008-09-25 08:00:00,1.4723466666666667
2008-09-25 12:00:00,1.4687816666666667
2008-09-25 16:00:00,1.4659225
2008-09-25 20:00:00,1.4612608333333332
2008-09-26 00:00:00,1.4640558333333333
2008-09-26 04:00:00,1.4667566666666667
2008-09-26 08:00:00,1.4617016666666667
2008-09-26 12:00:00,1.4603883333333334
2008-09-26 16:00:00,1.4609725
2008-09-26 20:00:00,1.4611025
2008-09-29 00:00:00,1.4524841666666664
2008-09-29 04:00:00,1.4500483333333332
2008-09-29 08:00:00,1.4398383333333333
2008-09-29 12:00:00,1.435155
2008-09-29 16:00:00,1.4402316666666668
2008-09-29 20:00:00,1.4458958333333332
2008-09-30 00:00:00,1.4391933333333333
2008-09-30 04:00:00,1.4363283333333334
2008-09-30 08:00:00,1.4376308333333332
2008-09-30 12:00:00,1.4326591666666668
2008-09-30 16:00:00,1.4105516666666666
2008-09-30 20:00:00,1.4075175
2008-10-01 00:00:00,1.4109833333333333
2008-10-01 04:00:00,1.4111616666666666
2008-10-01 08:00:00,1.4115675
2008-10-01 12:00:00,1.4108325
2008-10-01 16:00:00,1.4024641666666668
2008-10-01 20:00:00,1.4038658333333334
2008-10-02 00:00:00,1.3996408333333332
2008-10-02 04:00:00,1.39721
2008-10-02 08:00:00,1.3921266666666667
2008-10-02 12:00:00,1.38772
2008-10-02 16:00:00,1.3815416666666667
2008-10-02 20:00:00,1.3819241666666666
2008-10-03 00:00:00,1.3798658333333333
2008-10-03 04:00:00,1.3842325
2008-10-03 08:00:00,1.3856249999999999
2008-10-03 12:00:00,1.3842766666666666
2008-10-03 16:00:00,1.378795
2008-10-03 20:00:00,1.3819466666666667
2008-10-06 00:00:00,1.3646808333333333
2008-10-06 04:00:00,1.3633091666666668
2008-10-06 08:00:00,1.3591058333333335
2008-10-06 12:00:00,1.3588
2008-10-06 16:00:00,1.352936666666667
2008-10-06 20:00:00,1.3491974999999998
2008-10-07 00:00:00,1.3505341666666666
2008-10-07 04:00:00,1.3532858333333335
2008-10-07 08:00:00,1.3567458333333333
2008-10-07 12:00:00,1.3582683333333332
2008-10-07 16:00:00,1.3646158333333334
2008-10-07 20:00:00,1.3611641666666665
2008-10-08 00:00:00,1.3590683333333335
2008-10-08 04:00:00,1.3595808333333335
2008-10-08 08:00:00,1.3598075
2008-10-08 12:00:00,1.3647883333333333
2008-10-08 16:00:00,1.3663091666666667
2008-10-08 20:00:00,1.3684541666666665
2008-10-09 00:00:00,1.362195
2008-10-09 04:00:00,1.3658341666666667
2008-10-09 08:00:00,1.3702591666666666
2008-10-09 12:00:00,1.3712341666666665
2008-10-09 16:00:00,1.3649033333333334
2008-10-09 20:00:00,1.3642175
2008-10-10 00:00:00,1.3581625
2008-10-10 04:00:00,1.35642
2008-10-10 08:00:00,1.3571816666666665
2008-10-10 12:00:00,1.3552841666666668
2008-10-10 16:00:00,1.3507175
2008-10-10 20:00:00,1.3374383333333333
2008-10-13 00:00:00,1.3585916666666669
2008-10-13 04:00:00,1.3523616666666665
2008-10-13 08:00:00,1.3605874999999998
2008-10-13 12:00:00,1.3613125000000001
2008-10-13 16:00:00,1.3577675
2008-10-13 20:00:00,1.3548858333333331
2008-10-14 00:00:00,1.3622716666666668
2008-10-14 04:00:00,1.3668624999999999
2008-10-14 08:00:00,1.3656183333333336
2008-10-14 12:00:00,1.3716275
2008-10-14 16:00:00,1.3666133333333332
2008-10-14 20:00:00,1.365390833333333
2008-10-15 00:00:00,1.3597933333333336
2008-10-15 04:00:00,1.3566166666666666
2008-10-15 08:00:00,1.35972
2008-10-15 12:00:00,1.3631825000000002
2008-10-15 16:00:00,1.3574766666666664
2008-10-15 20:00:00,1.3508733333333334
2008-10-16 00:00:00,1.3457333333333334
2008-10-16 04:00:00,1.3462916666666664
2008-10-16 08:00:00,1.3405733333333334
2008-10-16 12:00:00,1.3480425
2008-10-16 16:00:00,1.3423983333333331
2008-10-16 20:00:00,1.3432825
2008-10-17 00:00:00,1.3484858333333332
2008-10-17 04:00:00,1.3463258333333332
2008-10-17 08:00:00,1.3468675
2008-10-17 12:00:00,1.3418666666666668
2008-10-17 16:00:00,1.3453449999999998
2008-10-17 20:00:00,1.3434749999999998
2008-10-20 00:00:00,1.3425425
2008-10-20 04:00:00,1.346175
2008-10-20 08:00:00,1.3489325
2008-10-20 12:00:00,1.3446475
2008-10-20 16:00:00,1.3328883333333332
2008-10-20 20:00:00,1.3322575
2008-10-21 00:00:00,1.3329791666666666
2008-10-21 04:00:00,1.3327466666666665
2008-10-21 08:00:00,1.3270383333333333
2008-10-21 12:00:00,1.3215141666666668
2008-10-21 16:00:00,1.3156941666666668
2008-10-21 20:00:00,1.3090683333333333
2008-10-22 00:00:00,1.3040641666666666
2008-10-22 04:00:00,1.2936508333333334
2008-10-22 08:00:00,1.2860891666666667
2008-10-22 12:00:00,1.2877433333333332
2008-10-22 16:00:00,1.286350833333333
2008-10-22 20:00:00,1.2850341666666667
2008-10-23 00:00:00,1.2810983333333332
2008-10-23 04:00:00,1.2793766666666668
2008-10-23 08:00:00,1.2813633333333334
2008-10-23 12:00:00,1.2811883333333334
2008-10-23 16:00:00,1.2843066666666667
2008-10-23 20:00:00,1.287225
2008-10-24 00:00:00,1.2920625000000001
2008-10-24 04:00:00,1.28017
2008-10-24 08:00:00,1.268675
2008-10-24 12:00:00,1.2585991666666667
2008-10-24 16:00:00,1.2692958333333335
2008-10-24 20:00:00,1.2616483333333333
2008-10-27 00:00:00,1.2582983333333333
2008-10-27 04:00:00,1.2579066666666667
2008-10-27 08:00:00,1.248465
2008-10-27 12:00:00,1.2433291666666666
2008-10-27 16:00:00,1.2456366666666665
2008-10-27 20:00:00,1.2534666666666667
2008-10-28 00:00:00,1.2456408333333333
2008-10-28 04:00:00,1.2409541666666666
2008-10-28 08:00:00,1.2516475
2008-10-28 12:00:00,1.2516916666666669
2008-10-28 16:00:00,1.24964
2008-10-28 20:00:00,1.2600766666666665
2008-10-29 00:00:00,1.27799
2008-10-29 04:00:00,1.27129
2008-10-29 08:00:00,1.2720233333333333
2008-10-29 12:00:00,1.2781291666666668
2008-10-29 16:00:00,1.2872516666666667
2008-10-29 20:00:00,1.29055
2008-10-30 00:00:00,1.2977
2008-10-30 04:00:00,1.3196249999999998
2008-10-30 08:00:00,1.3191641666666667
2008-10-30 12:00:00,1.308676666666667
2008-10-30 16:00:00,1.2918891666666668
2008-10-30 20:00:00,1.2937508333333332
2008-10-31 00:00:00,1.2853508333333334
2008-10-31 04:00:00,1.282375
2008-10-31 08:00:00,1.2739466666666668
2008-10-31 12:00:00,1.2741833333333332
2008-10-31 16:00:00,1.2718150000000001
2008-10-31 20:00:00,1.27383
2008-11-03 00:00:00,1.2758408333333333
2008-11-03 04:00:00,1.2835333333333334
2008-11-03 08:00:00,1.2844291666666665
2008-11-03 12:00:00,1.2843225
2008-11-03 16:00:00,1.2758908333333334
2008-11-03 20:00:00,1.2643616666666666
2008-11-04 00:00:00,1.2613600000000003
2008-11-04 04:00:00,1.2583583333333332
2008-11-04 08:00:00,1.2621891666666665
2008-11-04 12:00:00,1.2760741666666666
2008-11-04 16:00:00,1.2901216666666666
2008-11-04 20:00:00,1.2979741666666667
2008-11-05 00:00:00,1.29861
2008-11-05 04:00:00,1.2923883333333333
2008-11-05 08:00:00,1.2859775
2008-11-05 12:00:00,1.2893908333333335
2008-11-05 16:00:00,1.2965091666666666
2008-11-05 20:00:00,1.2984091666666666
2008-11-06 00:00:00,1.2928291666666667
2008-11-06 04:00:00,1.2868425000000001
2008-11-06 08:00:00,1.287115
2008-11-06 12:00:00,1.2874566666666665
2008-11-06 16:00:00,1.2795183333333333
2008-11-06 20:00:00,1.2732
2008-11-07 00:00:00,1.2691566666666667
2008-11-07 04:00:00,1.2718866666666666
2008-11-07 08:00:00,1.2764233333333335
2008-11-07 12:00:00,1.2797399999999999
2008-11-07 16:00:00,1.2774983333333334
2008-11-07 20:00:00,1.2751775
2008-11-10 00:00:00,1.2798983333333334
2008-11-10 04:00:00,1.2874266666666667
2008-11-10 08:00:00,1.2845108333333333
2008-11-10 12:00:00,1.2887058333333332
2008-11-10 16:00:00,1.2838325
2008-11-10 20:00:00,1.2762241666666667
2008-11-11 00:00:00,1.2741125
2008-11-11 04:00:00,1.2721383333333334
2008-11-11 08:00:00,1.272885
2008-11-11 12:00:00,1.2742033333333331
2008-11-11 16:00:00,1.2635450000000001
2008-11-11 20:00:00,1.254405
2008-11-12 00:00:00,1.2517708333333333
2008-11-12 04:00:00,1.2561025
2008-11-12 08:00:00,1.2582633333333333
2008-11-12 12:00:00,1.2542833333333332
2008-11-12 16:00:00,1.2519983333333333
2008-11-12 20:00:00,1.2527324999999998
2008-11-13 00:00:00,1.2471525
2008-11-13 04:00:00,1.2469883333333334
2008-11-13 08:00:00,1.2457991666666666
2008-11-13 12:00:00,1.2511833333333333
2008-11-13 16:00:00,1.2525783333333336
2008-11-13 20:00:00,1.2607733333333333
2008-11-14 00:00:00,1.2777141666666667
2008-11-14 04:00:00,1.2751166666666665
2008-11-14 08:00:00,1.2725458333333333
2008-11-14 12:00:00,1.2692966666666665
2008-11-14 16:00:00,1.269025
2008-11-14 20:00:00,1.2731583333333332
2008-11-17 00:00:00,1.2558741666666668
2008-11-17 04:00:00,1.2563925
2008-11-17 08:00:00,1.25885
2008-11-17 12:00:00,1.2662183333333332
2008-11-17 16:00:00,1.2665766666666665
2008-11-17 20:00:00,1.2700541666666667
2008-11-18 00:00:00,1.2641275
2008-11-18 04:00:00,1.2616283333333334
2008-11-18 08:00:00,1.2617399999999999
2008-11-18 12:00:00,1.2613033333333332
2008-11-18 16:00:00,1.26534
2008-11-18 20:00:00,1.2622816666666667
2008-11-19 00:00:00,1.2627433333333333
2008-11-19 04:00:00,1.2619108333333333
2008-11-19 08:00:00,1.26281
2008-11-19 12:00:00,1.2621658333333332
2008-11-19 16:00:00,1.2672041666666667
2008-11-19 20:00:00,1.2576483333333333
2008-11-20 00:00:00,1.2499633333333333
2008-11-20 04:00:00,1.2505366666666666
2008-11-20 08:00:00,1.2507283333333332
2008-11-20 12:00:00,1.2529866666666665
2008-11-20 16:00:00,1.25244
2008-11-20 20:00:00,1.2524458333333333
2008-11-21 00:00:00,1.2448666666666668
2008-11-21 04:00:00,1.2464166666666667
2008-11-21 08:00:00,1.2522408333333332
2008-11-21 12:00:00,1.2588016666666666
2008-11-21 16:00:00,1.2548750000000002
2008-11-21 20:00:00,1.2536025
2008-11-24 00:00:00,1.2604616666666666
2008-11-24 04:00:00,1.261345
2008-11-24 08:00:00,1.2621691666666666
2008-11-24 12:00:00,1.2675
2008-11-24 16:00:00,1.2812333333333332
2008-11-24 20:00:00,1.2882283333333333
2008-11-25 00:00:00,1.2923558333333334
2008-11-25 04:00:00,1.2858316666666667
2008-11-25 08:00:00,1.2864816666666667
2008-11-25 12:00:00,1.2851625
2008-11-25 16:00:00,1.2996933333333334
2008-11-25 20:00:00,1.3016008333333333
2008-11-26 00:00:00,1.3044183333333335
2008-11-26 04:00:00,1.2993358333333334
2008-11-26 08:00:00,1.2973816666666667
2008-11-26 12:00:00,1.2964516666666666
2008-11-26 16:00:00,1.2915991666666666
2008-11-26 20:00:00,1.2883833333333332
2008-11-27 00:00:00,1.2886341666666667
2008-11-27 04:00:00,1.2917841666666665
2008-11-27 08:00:00,1.291035
2008-11-27 12:00:00,1.2920691666666666
2008-11-27 16:00:00,1.2896716666666665
2008-11-27 20:00:00,1.2893383333333333
2008-11-28 00:00:00,1.289425
2008-11-28 04:00:00,1.2900833333333335
2008-11-28 08:00:00,1.2926
2008-11-28 12:00:00,1.2820966666666667
2008-11-28 16:00:00,1.2713816666666666
2008-11-28 20:00:00,1.2699275
2008-12-01 00:00:00,1.2682516666666666
2008-12-01 04:00:00,1.2662941666666665
2008-12-01 08:00:00,1.2678016666666667
2008-12-01 12:00:00,1.2654216666666667
2008-12-01 16:00:00,1.2615991666666666
2008-12-01 20:00:00,1.2641291666666667
2008-12-02 00:00:00,1.2609658333333333
2008-12-02 04:00:00,1.2630758333333334
2008-12-02 08:00:00,1.2610166666666667
2008-12-02 12:00:00,1.2645325
2008-12-02 16:00:00,1.2716358333333333
2008-12-02 20:00:00,1.2705449999999998
2008-12-03 00:00:00,1.27089
2008-12-03 04:00:00,1.2712091666666665
2008-12-03 08:00:00,1.2687175
2008-12-03 12:00:00,1.26348
2008-12-03 16:00:00,1.2648758333333334
2008-12-03 20:00:00,1.26678
2008-12-04 00:00:00,1.2706250000000001
2008-12-04 04:00:00,1.270049166666667
2008-12-04 08:00:00,1.2656933333333336
2008-12-04 12:00:00,1.261045
2008-12-04 16:00:00,1.2701566666666666
2008-12-04 20:00:00,1.2798716666666667
2008-12-05 00:00:00,1.2768258333333335
2008-12-05 04:00:00,1.2755233333333333
2008-12-05 08:00:00,1.2765958333333334
2008-12-05 12:00:00,1.272325
2008-12-05 16:00:00,1.2672066666666666
2008-12-05 20:00:00,1.2673866666666667
2008-12-08 00:00:00,1.27288
2008-12-08 04:00:00,1.2763141666666669
2008-12-08 08:00:00,1.2827341666666667
2008-12-08 12:00:00,1.2875525
2008-12-08 16:00:00,1.2907091666666668
2008-12-08 20:00:00,1.2929466666666667
2008-12-09 00:00:00,1.2932574999999997
2008-12-09 04:00:00,1.2874233333333334
2008-12-09 08:00:00,1.2867041666666668
2008-12-09 12:00:00,1.2860983333333333
2008-12-09 16:00:00,1.2868825
2008-12-09 20:00:00,1.2936558333333332
2008-12-10 00:00:00,1.2925733333333334
2008-12-10 04:00:00,1.2941216666666666
2008-12-10 08:00:00,1.2958716666666668
2008-12-10 12:00:00,1.29355
2008-12-10 16:00:00,1.2986241666666667
2008-12-10 20:00:00,1.3022808333333333
2008-12-11 00:00:00,1.3016266666666665
2008-12-11 04:00:00,1.3045075
2008-12-11 08:00:00,1.3116875000000001
2008-12-11 12:00:00,1.3169275
2008-12-11 16:00:00,1.3252175000000002
2008-12-11 20:00:00,1.3341233333333333
2008-12-12 00:00:00,1.3335291666666667
2008-12-12 04:00:00,1.3346375
2008-12-12 08:00:00,1.3294391666666665
2008-12-12 12:00:00,1.3325666666666667
2008-12-12 16:00:00,1.3370575
2008-12-12 20:00:00,1.3361333333333334
2008-12-15 00:00:00,1.340585
2008-12-15 04:00:00,1.3460316666666667
2008-12-15 08:00:00,1.3465899999999997
2008-12-15 12:00:00,1.3474483333333334
2008-12-15 16:00:00,1.3606975000000001
2008-12-15 20:00:00,1.3670675
2008-12-16 00:00:00,1.3697783333333333
2008-12-16 04:00:00,1.3712449999999998
2008-12-16 08:00:00,1.3703125
2008-12-16 12:00:00,1.366045
2008-12-16 16:00:00,1.3752925
2008-12-16 20:00:00,1.3902083333333333
2008-12-17 00:00:00,1.4047833333333335
2008-12-17 04:00:00,1.4089691666666666
2008-12-17 08:00:00,1.4087666666666667
2008-12-17 12:00:00,1.4097225
2008-12-17 16:00:00,1.4255191666666667
2008-12-17 20:00:00,1.4357
2008-12-18 00:00:00,1.4411733333333334
2008-12-18 04:00:00,1.4423783333333333
2008-12-18 08:00:00,1.4435158333333333
2008-12-18 12:00:00,1.4611316666666667
2008-12-18 16:00:00,1.4459291666666667
2008-12-18 20:00:00,1.4275166666666665
2008-12-19 00:00:00,1.4261525
2008-12-19 04:00:00,1.4273741666666666
2008-12-19 08:00:00,1.4231425
2008-12-19 12:00:00,1.4016933333333332
2008-12-19 16:00:00,1.392069166666667
2008-12-19 20:00:00,1.3874916666666668
2008-12-22 00:00:00,1.3948425000000002
2008-12-22 04:00:00,1.3982191666666668
2008-12-22 08:00:00,1.4029516666666666
2008-12-22 12:00:00,1.4022716666666666
2008-12-22 16:00:00,1.3969433333333334
2008-12-22 20:00:00,1.3940958333333333
2008-12-23 00:00:00,1.3951725000000001
2008-12-23 04:00:00,1.3991858333333331
2008-12-23 08:00:00,1.3988791666666667
2008-12-23 12:00:00,1.3981241666666666
2008-12-23 16:00:00,1.3968116666666668
2008-12-23 20:00:00,1.3962058333333331
2008-12-24 00:00:00,1.3934199999999999
2008-12-24 04:00:00,1.3960641666666667
2008-12-24 08:00:00,1.39677
2008-12-24 12:00:00,1.3992550000000001
2008-12-24 16:00:00,1.3990916666666666
2008-12-24 20:00:00,1.3983566666666667
2008-12-25 00:00:00,1.3999241666666666
2008-12-25 04:00:00,1.3993791666666666
2008-12-25 08:00:00,1.4008891666666667
2008-12-26 00:00:00,1.4008883333333335
2008-12-26 04:00:00,1.4023816666666666
2008-12-26 08:00:00,1.40578
2008-12-26 12:00:00,1.4067616666666667
2008-12-26 16:00:00,1.4068591666666668
2008-12-26 20:00:00,1.4068033333333334
2008-12-29 00:00:00,1.4078600000000001
2008-12-29 04:00:00,1.4150716666666667
2008-12-29 08:00:00,1.4211083333333334
2008-12-29 12:00:00,1.43099
2008-12-29 16:00:00,1.4263450000000002
2008-12-29 20:00:00,1.4090733333333334
2008-12-30 00:00:00,1.3991408333333335
2008-12-30 04:00:00,1.4102258333333333
2008-12-30 08:00:00,1.4081591666666666
2008-12-30 12:00:00,1.4167366666666665
2008-12-30 16:00:00,1.4127916666666667
2008-12-30 20:00:00,1.4101866666666667
2008-12-31 00:00:00,1.4104774999999998
2008-12-31 04:00:00,1.4084141666666665
2008-12-31 08:00:00,1.4097075000000001
2008-12-31 12:00:00,1.4030333333333331
2008-12-31 16:00:00,1.3923825
2008-12-31 20:00:00,1.3944508333333334
2009-01-01 20:00:00,1.3973849999999999
2009-01-02 00:00:00,1.400825
2009-01-02 04:00:00,1.3914058333333335
2009-01-02 08:00:00,1.3883866666666667
2009-01-02 12:00:00,1.3928908333333334
2009-01-02 16:00:00,1.3918983333333335
2009-01-02 20:00:00,1.3869416666666665
2009-01-05 00:00:00,1.3914699999999998
2009-01-05 04:00:00,1.3890541666666667
2009-01-05 08:00:00,1.3872491666666666
2009-01-05 12:00:00,1.3650550000000001
2009-01-05 16:00:00,1.3606408333333333
2009-01-05 20:00:00,1.3588325
2009-01-06 00:00:00,1.3620683333333332
2009-01-06 04:00:00,1.3584675000000002
2009-01-06 08:00:00,1.3494075
2009-01-06 12:00:00,1.3380425
2009-01-06 16:00:00,1.339855
2009-01-06 20:00:00,1.349285
2009-01-07 00:00:00,1.3506733333333334
2009-01-07 04:00:00,1.3497716666666666
2009-01-07 08:00:00,1.35364
2009-01-07 12:00:00,1.3605658333333333
2009-01-07 16:00:00,1.367345
2009-01-07 20:00:00,1.3647658333333332
2009-01-08 00:00:00,1.3627383333333336
2009-01-08 04:00:00,1.3596516666666665
2009-01-08 08:00:00,1.3605541666666665
2009-01-08 12:00:00,1.3581466666666668
2009-01-08 16:00:00,1.3724016666666667
2009-01-08 20:00:00,1.370824166666667
2009-01-09 00:00:00,1.369608333333333
2009-01-09 04:00:00,1.3656641666666667
2009-01-09 08:00:00,1.3666458333333333
2009-01-09 12:00:00,1.3695866666666667
2009-01-09 16:00:00,1.3546974999999999
2009-01-09 20:00:00,1.3448916666666668
2009-01-12 00:00:00,1.343675
2009-01-12 04:00:00,1.3407741666666666
2009-01-12 08:00:00,1.3395183333333334
2009-01-12 12:00:00,1.3398333333333334
2009-01-12 16:00:00,1.3378866666666667
2009-01-12 20:00:00,1.3390116666666665
2009-01-13 00:00:00,1.3352575
2009-01-13 04:00:00,1.3324566666666666
2009-01-13 08:00:00,1.326395
2009-01-13 12:00:00,1.329229166666667
2009-01-13 16:00:00,1.321115
2009-01-13 20:00:00,1.3182758333333333
2009-01-14 00:00:00,1.3192341666666667
2009-01-14 04:00:00,1.32569
2009-01-14 08:00:00,1.3282583333333333
2009-01-14 12:00:00,1.3222908333333332
2009-01-14 16:00:00,1.31418
2009-01-14 20:00:00,1.3162691666666668
2009-01-15 00:00:00,1.3182325
2009-01-15 04:00:00,1.3169141666666666
2009-01-15 08:00:00,1.316935
2009-01-15 12:00:00,1.3159791666666667
2009-01-15 16:00:00,1.3105266666666668
2009-01-15 20:00:00,1.3118641666666666
2009-01-16 00:00:00,1.3142275
2009-01-16 04:00:00,1.3211716666666666
2009-01-16 08:00:00,1.3230983333333333
2009-01-16 12:00:00,1.326165
2009-01-16 16:00:00,1.3273774999999999
2009-01-16 20:00:00,1.3264108333333333
2009-01-19 00:00:00,1.3330324999999998
2009-01-19 04:00:00,1.3347716666666665
2009-01-19 08:00:00,1.33187
2009-01-19 12:00:00,1.325205
2009-01-19 16:00:00,1.31581
2009-01-19 20:00:00,1.3134891666666668
2009-01-20 00:00:00,1.3065691666666668
2009-01-20 04:00:00,1.3019558333333332
2009-01-20 08:00:00,1.2984341666666666
2009-01-20 12:00:00,1.2958716666666668
2009-01-20 16:00:00,1.2925816666666667
2009-01-20 20:00:00,1.2903541666666667
2009-01-21 00:00:00,1.2877450000000001
2009-01-21 04:00:00,1.2953833333333333
2009-01-21 08:00:00,1.293845
2009-01-21 12:00:00,1.2927575
2009-01-21 16:00:00,1.2906991666666667
2009-01-21 20:00:00,1.2915258333333333
2009-01-22 00:00:00,1.3023225
2009-01-22 04:00:00,1.3013425
2009-01-22 08:00:00,1.3015441666666667
2009-01-22 12:00:00,1.3013541666666666
2009-01-22 16:00:00,1.2957458333333334
2009-01-22 20:00:00,1.2990650000000001
2009-01-23 00:00:00,1.3004183333333332
2009-01-23 04:00:00,1.29652
2009-01-23 08:00:00,1.2902316666666667
2009-01-23 12:00:00,1.2804383333333333
2009-01-23 16:00:00,1.2818716666666667
2009-01-23 20:00:00,1.2962141666666667
2009-01-26 00:00:00,1.2922941666666667
2009-01-26 04:00:00,1.2907308333333334
2009-01-26 08:00:00,1.2922708333333333
2009-01-26 12:00:00,1.29622
2009-01-26 16:00:00,1.3111533333333334
2009-01-26 20:00:00,1.314789166666667
2009-01-27 00:00:00,1.3185975
2009-01-27 04:00:00,1.3206858333333333
2009-01-27 08:00:00,1.3232083333333333
2009-01-27 12:00:00,1.3226133333333334
2009-01-27 16:00:00,1.3178508333333334
2009-01-27 20:00:00,1.3180641666666668
2009-01-28 00:00:00,1.3188083333333334
2009-01-28 04:00:00,1.3237308333333333
2009-01-28 08:00:00,1.3256725
2009-01-28 12:00:00,1.3264866666666666
2009-01-28 16:00:00,1.32555
2009-01-28 20:00:00,1.3201766666666668
2009-01-29 00:00:00,1.3147866666666668
2009-01-29 04:00:00,1.3113375
2009-01-29 08:00:00,1.3087833333333334
2009-01-29 12:00:00,1.3090491666666666
2009-01-29 16:00:00,1.3094058333333334
2009-01-29 20:00:00,1.2963125
2009-01-30 00:00:00,1.2933141666666668
2009-01-30 04:00:00,1.2902066666666667
2009-01-30 08:00:00,1.2895183333333333
2009-01-30 12:00:00,1.2845141666666668
2009-01-30 16:00:00,1.2837216666666666
2009-01-30 20:00:00,1.2806466666666667
2009-02-02 00:00:00,1.2763200000000001
2009-02-02 04:00:00,1.2724891666666667
2009-02-02 08:00:00,1.2725575
2009-02-02 12:00:00,1.2753333333333334
2009-02-02 16:00:00,1.2792141666666665
2009-02-02 20:00:00,1.28489
2009-02-03 00:00:00,1.2828733333333333
2009-02-03 04:00:00,1.2868016666666666
2009-02-03 08:00:00,1.28475
2009-02-03 12:00:00,1.2839025
2009-02-03 16:00:00,1.293725
2009-02-03 20:00:00,1.2987433333333334
2009-02-04 00:00:00,1.3014808333333334
2009-02-04 04:00:00,1.299518333333333
2009-02-04 08:00:00,1.3009958333333334
2009-02-04 12:00:00,1.2902858333333334
2009-02-04 16:00:00,1.2868366666666666
2009-02-04 20:00:00,1.2852233333333334
2009-02-05 00:00:00,1.2837966666666667
2009-02-05 04:00:00,1.2831283333333334
2009-02-05 08:00:00,1.2836983333333332
2009-02-05 12:00:00,1.2861808333333333
2009-02-05 16:00:00,1.2812283333333334
2009-02-05 20:00:00,1.2830141666666668
2009-02-06 00:00:00,1.2791366666666666
2009-02-06 04:00:00,1.2781783333333332
2009-02-06 08:00:00,1.2780858333333334
2009-02-06 12:00:00,1.2804783333333334
2009-02-06 16:00:00,1.2852158333333334
2009-02-06 20:00:00,1.2932608333333333
2009-02-09 00:00:00,1.29581
2009-02-09 04:00:00,1.2938458333333334
2009-02-09 08:00:00,1.2908083333333333
2009-02-09 12:00:00,1.2948775
2009-02-09 16:00:00,1.3051416666666666
2009-02-09 20:00:00,1.3032441666666668
2009-02-10 00:00:00,1.2974783333333333
2009-02-10 04:00:00,1.2845541666666667
2009-02-10 08:00:00,1.288136666666667
2009-02-10 12:00:00,1.2952308333333333
2009-02-10 16:00:00,1.2993275
2009-02-10 20:00:00,1.2903725
2009-02-11 00:00:00,1.29021
2009-02-11 04:00:00,1.2878383333333334
2009-02-11 08:00:00,1.2928816666666667
2009-02-11 12:00:00,1.2946891666666667
2009-02-11 16:00:00,1.2929950000000001
2009-02-11 20:00:00,1.2875008333333333
2009-02-12 00:00:00,1.2888908333333333
2009-02-12 04:00:00,1.2909175
2009-02-12 08:00:00,1.2903908333333334
2009-02-12 12:00:00,1.2835108333333334
2009-02-12 16:00:00,1.2799166666666666
2009-02-12 20:00:00,1.2819808333333333
2009-02-13 00:00:00,1.2876566666666667
2009-02-13 04:00:00,1.2902941666666665
2009-02-13 08:00:00,1.2918858333333334
2009-02-13 12:00:00,1.2879225
2009-02-13 16:00:00,1.2865241666666667
2009-02-13 20:00:00,1.2891916666666667
2009-02-16 00:00:00,1.2798349999999998
2009-02-16 04:00:00,1.2774766666666668
2009-02-16 08:00:00,1.2749208333333333
2009-02-16 12:00:00,1.2765916666666666
2009-02-16 16:00:00,1.2792233333333334
2009-02-16 20:00:00,1.2771075
2009-02-17 00:00:00,1.2788599999999999
2009-02-17 04:00:00,1.2662466666666667
2009-02-17 08:00:00,1.2634866666666666
2009-02-17 12:00:00,1.2632266666666667
2009-02-17 16:00:00,1.2594216666666667
2009-02-17 20:00:00,1.2595683333333332
2009-02-18 00:00:00,1.2582525
2009-02-18 04:00:00,1.2595083333333335
2009-02-18 08:00:00,1.2604791666666668
2009-02-18 12:00:00,1.2587658333333334
2009-02-18 16:00:00,1.2560316666666667
2009-02-18 20:00:00,1.2556808333333334
2009-02-19 00:00:00,1.2552533333333336
2009-02-19 04:00:00,1.2580325
2009-02-19 08:00:00,1.2594016666666668
2009-02-19 12:00:00,1.2671425
2009-02-19 16:00:00,1.2709908333333333
2009-02-19 20:00:00,1.2678058333333333
2009-02-20 00:00:00,1.2664275
2009-02-20 04:00:00,1.2618083333333334
2009-02-20 08:00:00,1.2589225
2009-02-20 12:00:00,1.2616541666666667
2009-02-20 16:00:00,1.2622375
2009-02-20 20:00:00,1.281345
2009-02-23 00:00:00,1.2806608333333334
2009-02-23 04:00:00,1.2908208333333333
2009-02-23 08:00:00,1.2920633333333336
2009-02-23 12:00:00,1.2836633333333334
2009-02-23 16:00:00,1.2773625000000002
2009-02-23 20:00:00,1.2729108333333334
2009-02-24 00:00:00,1.2690925000000002
2009-02-24 04:00:00,1.2712825
2009-02-24 08:00:00,1.2735691666666666
2009-02-24 12:00:00,1.27904
2009-02-24 16:00:00,1.274095
2009-02-24 20:00:00,1.2824033333333333
2009-02-25 00:00:00,1.2856558333333334
2009-02-25 04:00:00,1.284245
2009-02-25 08:00:00,1.2845941666666665
2009-02-25 12:00:00,1.2809916666666668
2009-02-25 16:00:00,1.2766783333333334
2009-02-25 20:00:00,1.2734566666666667
2009-02-26 00:00:00,1.2721991666666668
2009-02-26 04:00:00,1.2738666666666667
2009-02-26 08:00:00,1.2717325
2009-02-26 12:00:00,1.2769366666666668
2009-02-26 16:00:00,1.2765058333333332
2009-02-26 20:00:00,1.2755241666666666
2009-02-27 00:00:00,1.2723925
2009-02-27 04:00:00,1.2719141666666665
2009-02-27 08:00:00,1.27084
2009-02-27 12:00:00,1.2664483333333334
2009-02-27 16:00:00,1.2655783333333332
2009-02-27 20:00:00,1.2695208333333332
2009-03-02 00:00:00,1.2613425
2009-03-02 04:00:00,1.2578575
2009-03-02 08:00:00,1.258715
2009-03-02 12:00:00,1.2594266666666667
2009-03-02 16:00:00,1.2596658333333333
2009-03-02 20:00:00,1.2581491666666667
2009-03-03 00:00:00,1.2565108333333332
2009-03-03 04:00:00,1.2603383333333333
2009-03-03 08:00:00,1.2644566666666668
2009-03-03 12:00:00,1.2618816666666668
2009-03-03 16:00:00,1.25895
2009-03-03 20:00:00,1.2575041666666666
2009-03-04 00:00:00,1.2534125
2009-03-04 04:00:00,1.2490966666666665
2009-03-04 08:00:00,1.2508358333333334
2009-03-04 12:00:00,1.2520891666666665
2009-03-04 16:00:00,1.2572416666666668
2009-03-04 20:00:00,1.2624358333333334
2009-03-05 00:00:00,1.2639958333333332
2009-03-05 04:00:00,1.2606941666666667
2009-03-05 08:00:00,1.2600808333333333
2009-03-05 12:00:00,1.2564491666666668
2009-03-05 16:00:00,1.2533275000000001
2009-03-05 20:00:00,1.2551125
2009-03-06 00:00:00,1.2547333333333335
2009-03-06 04:00:00,1.2565791666666666
2009-03-06 08:00:00,1.2655616666666667
2009-03-06 12:00:00,1.26746
2009-03-06 16:00:00,1.2689491666666666
2009-03-06 20:00:00,1.2659950000000002
2009-03-09 00:00:00,1.2687933333333334
2009-03-09 04:00:00,1.2678816666666668
2009-03-09 08:00:00,1.2646758333333334
2009-03-09 12:00:00,1.2596791666666667
2009-03-09 16:00:00,1.2623625
2009-03-09 20:00:00,1.2619941666666668
2009-03-10 00:00:00,1.2608366666666666
2009-03-10 04:00:00,1.2655891666666665
2009-03-10 08:00:00,1.2704033333333333
2009-03-10 12:00:00,1.2717325000000002
2009-03-10 16:00:00,1.2772025
2009-03-10 20:00:00,1.2672908333333335
2009-03-11 00:00:00,1.2699224999999998
2009-03-11 04:00:00,1.2685833333333334
2009-03-11 08:00:00,1.2657041666666666
2009-03-11 12:00:00,1.2726358333333332
2009-03-11 16:00:00,1.2775316666666667
2009-03-11 20:00:00,1.2811625000000002
2009-03-12 00:00:00,1.2826858333333333
2009-03-12 04:00:00,1.2836425
2009-03-12 08:00:00,1.2785416666666667
2009-03-12 12:00:00,1.2797166666666666
2009-03-12 16:00:00,1.2783766666666667
2009-03-12 20:00:00,1.2875299999999998
2009-03-13 00:00:00,1.2903408333333333
2009-03-13 04:00:00,1.2917458333333334
2009-03-13 08:00:00,1.2906758333333332
2009-03-13 12:00:00,1.2897466666666666
2009-03-13 16:00:00,1.2899191666666667
2009-03-13 20:00:00,1.2905950000000002
2009-03-16 00:00:00,1.2873725
2009-03-16 04:00:00,1.2900516666666668
2009-03-16 08:00:00,1.2932216666666665
2009-03-16 12:00:00,1.3016841666666665
2009-03-16 16:00:00,1.3012575
2009-03-16 20:00:00,1.2981491666666667
2009-03-17 00:00:00,1.2972058333333334
2009-03-17 04:00:00,1.3002799999999999
2009-03-17 08:00:00,1.2989866666666667
2009-03-17 12:00:00,1.2983816666666665
2009-03-17 16:00:00,1.2966891666666667
2009-03-17 20:00:00,1.3005358333333332
2009-03-18 00:00:00,1.3023491666666667
2009-03-18 04:00:00,1.3032975
2009-03-18 08:00:00,1.3022958333333334
2009-03-18 12:00:00,1.305025
2009-03-18 16:00:00,1.312345833333333
2009-03-18 20:00:00,1.3347200000000001
2009-03-19 00:00:00,1.3486333333333334
2009-03-19 04:00:00,1.3442741666666667
2009-03-19 08:00:00,1.3463025
2009-03-19 12:00:00,1.354985
2009-03-19 16:00:00,1.3687775
2009-03-19 20:00:00,1.3662591666666666
2009-03-20 00:00:00,1.3660441666666665
2009-03-20 04:00:00,1.3647166666666668
2009-03-20 08:00:00,1.3669624999999999
2009-03-20 12:00:00,1.3611666666666666
2009-03-20 16:00:00,1.3581866666666669
2009-03-20 20:00:00,1.3563408333333333
2009-03-23 00:00:00,1.3633608333333331
2009-03-23 04:00:00,1.365814166666667
2009-03-23 08:00:00,1.367841666666667
2009-03-23 12:00:00,1.3630333333333333
2009-03-23 16:00:00,1.3546858333333334
2009-03-23 20:00:00,1.3627875
2009-03-24 00:00:00,1.3628841666666665
2009-03-24 04:00:00,1.3658
2009-03-24 08:00:00,1.3628025000000001
2009-03-24 12:00:00,1.3553991666666667
2009-03-24 16:00:00,1.3539333333333332
2009-03-24 20:00:00,1.3490433333333334
2009-03-25 00:00:00,1.3475591666666666
2009-03-25 04:00:00,1.3469208333333333
2009-03-25 08:00:00,1.3460216666666667
2009-03-25 12:00:00,1.3492058333333332
2009-03-25 16:00:00,1.35513
2009-03-25 20:00:00,1.3579308333333335
2009-03-26 00:00:00,1.3580533333333333
2009-03-26 04:00:00,1.35742
2009-03-26 08:00:00,1.3577275
2009-03-26 12:00:00,1.3588233333333335
2009-03-26 16:00:00,1.3557825000000001
2009-03-26 20:00:00,1.35242
2009-03-27 00:00:00,1.3534108333333332
2009-03-27 04:00:00,1.3564008333333333
2009-03-27 08:00:00,1.3567833333333335
2009-03-27 12:00:00,1.339115
2009-03-27 16:00:00,1.3295625
2009-03-27 20:00:00,1.3293958333333333
2009-03-30 00:00:00,1.3251875
2009-03-30 04:00:00,1.3257075
2009-03-30 08:00:00,1.3201683333333334
2009-03-30 12:00:00,1.318225
2009-03-30 16:00:00,1.3148916666666668
2009-03-30 20:00:00,1.31713
2009-03-31 00:00:00,1.3194691666666667
2009-03-31 04:00:00,1.324265
2009-03-31 08:00:00,1.3250491666666666
2009-03-31 12:00:00,1.3309241666666667
2009-03-31 16:00:00,1.327665
2009-03-31 20:00:00,1.326925
2009-04-01 00:00:00,1.3237308333333333
2009-04-01 04:00:00,1.3209508333333333
2009-04-01 08:00:00,1.3191933333333334
2009-04-01 12:00:00,1.324595
2009-04-01 16:00:00,1.3234
2009-04-01 20:00:00,1.3224258333333334
2009-04-02 00:00:00,1.324295
2009-04-02 04:00:00,1.3272708333333334
2009-04-02 08:00:00,1.3272899999999999
2009-04-02 12:00:00,1.3359541666666668
2009-04-02 16:00:00,1.3450258333333331
2009-04-02 20:00:00,1.3456074999999998
2009-04-03 00:00:00,1.3464266666666667
2009-04-03 04:00:00,1.34377
2009-04-03 08:00:00,1.3429324999999999
2009-04-03 12:00:00,1.343355
2009-04-03 16:00:00,1.3424333333333331
2009-04-03 20:00:00,1.34656
2009-04-06 00:00:00,1.3526541666666667
2009-04-06 04:00:00,1.3563675000000002
2009-04-06 08:00:00,1.3540575000000001
2009-04-06 12:00:00,1.3506675000000001
2009-04-06 16:00:00,1.3408008333333334
2009-04-06 20:00:00,1.3404816666666666
2009-04-07 00:00:00,1.33733
2009-04-07 04:00:00,1.3361891666666668
2009-04-07 08:00:00,1.3361708333333335
2009-04-07 12:00:00,1.326435
2009-04-07 16:00:00,1.3272724999999999
2009-04-07 20:00:00,1.3264141666666667
2009-04-08 00:00:00,1.3258066666666668
2009-04-08 04:00:00,1.3195516666666667
2009-04-08 08:00:00,1.3180758333333333
2009-04-08 12:00:00,1.3232483333333334
2009-04-08 16:00:00,1.3263224999999998
2009-04-08 20:00:00,1.3259733333333332
2009-04-09 00:00:00,1.325375
2009-04-09 04:00:00,1.3254275
2009-04-09 08:00:00,1.3290966666666666
2009-04-09 12:00:00,1.3276833333333333
2009-04-09 16:00:00,1.3200216666666666
2009-04-09 20:00:00,1.3160683333333334
2009-04-10 00:00:00,1.3139933333333333
2009-04-10 04:00:00,1.3128758333333335
2009-04-10 08:00:00,1.3133483333333333
2009-04-10 12:00:00,1.3141208333333334
2009-04-10 16:00:00,1.3139575
2009-04-10 20:00:00,1.3159741666666667
2009-04-13 00:00:00,1.3165258333333334
2009-04-13 04:00:00,1.3160058333333333
2009-04-13 08:00:00,1.3194166666666667
2009-04-13 12:00:00,1.3219925
2009-04-13 16:00:00,1.3319908333333335
2009-04-13 20:00:00,1.3367983333333333
2009-04-14 00:00:00,1.3359508333333332
2009-04-14 04:00:00,1.3324908333333334
2009-04-14 08:00:00,1.3307916666666668
2009-04-14 12:00:00,1.3276175
2009-04-14 16:00:00,1.3269175
2009-04-14 20:00:00,1.3276558333333335
2009-04-15 00:00:00,1.3261425
2009-04-15 04:00:00,1.3243258333333334
2009-04-15 08:00:00,1.3234308333333333
2009-04-15 12:00:00,1.3227558333333334
2009-04-15 16:00:00,1.3185325
2009-04-15 20:00:00,1.3208283333333333
2009-04-16 00:00:00,1.3225900000000002
2009-04-16 04:00:00,1.3221475
2009-04-16 08:00:00,1.3176533333333333
2009-04-16 12:00:00,1.3177566666666667
2009-04-16 16:00:00,1.3197033333333332
2009-04-16 20:00:00,1.3169483333333334
2009-04-17 00:00:00,1.317755
2009-04-17 04:00:00,1.3122216666666666
2009-04-17 08:00:00,1.3091691666666667
2009-04-17 12:00:00,1.3066216666666666
2009-04-17 16:00:00,1.3042966666666667
2009-04-17 20:00:00,1.303305
2009-04-20 00:00:00,1.3020316666666667
2009-04-20 04:00:00,1.2995758333333334
2009-04-20 08:00:00,1.2988858333333335
2009-04-20 12:00:00,1.2966058333333335
2009-04-20 16:00:00,1.29211
2009-04-20 20:00:00,1.2923216666666666
2009-04-21 00:00:00,1.2917416666666668
2009-04-21 04:00:00,1.2932475
2009-04-21 08:00:00,1.2935575
2009-04-21 12:00:00,1.2943391666666666
2009-04-21 16:00:00,1.2963516666666668
2009-04-21 20:00:00,1.2945341666666665
2009-04-22 00:00:00,1.2936299999999998
2009-04-22 04:00:00,1.2928300000000001
2009-04-22 08:00:00,1.2923225
2009-04-22 12:00:00,1.2946916666666666
2009-04-22 16:00:00,1.3001399999999999
2009-04-22 20:00:00,1.3007283333333333
2009-04-23 00:00:00,1.3000958333333335
2009-04-23 04:00:00,1.299445
2009-04-23 08:00:00,1.3024
2009-04-23 12:00:00,1.3054483333333335
2009-04-23 16:00:00,1.3041508333333334
2009-04-23 20:00:00,1.3119291666666666
2009-04-24 00:00:00,1.3133291666666667
2009-04-24 04:00:00,1.3143066666666667
2009-04-24 08:00:00,1.3190183333333334
2009-04-24 12:00:00,1.3237783333333333
2009-04-24 16:00:00,1.3269008333333332
2009-04-24 20:00:00,1.324965
2009-04-27 00:00:00,1.322165
2009-04-27 04:00:00,1.3172858333333333
2009-04-27 08:00:00,1.3155708333333331
2009-04-27 12:00:00,1.3134991666666667
2009-04-27 16:00:00,1.3121533333333333
2009-04-27 20:00:00,1.3030316666666668
2009-04-28 00:00:00,1.30196
2009-04-28 04:00:00,1.3013091666666667
2009-04-28 08:00:00,1.3012225
2009-04-28 12:00:00,1.300865
2009-04-28 16:00:00,1.3069841666666666
2009-04-28 20:00:00,1.3137908333333335
2009-04-29 00:00:00,1.3136291666666666
2009-04-29 04:00:00,1.3165491666666667
2009-04-29 08:00:00,1.3193891666666666
2009-04-29 12:00:00,1.3246333333333333
2009-04-29 16:00:00,1.3283958333333334
2009-04-29 20:00:00,1.3286258333333334
2009-04-30 00:00:00,1.3268875
2009-04-30 04:00:00,1.3303458333333333
2009-04-30 08:00:00,1.3340450000000001
2009-04-30 12:00:00,1.3281075
2009-04-30 16:00:00,1.32302
2009-04-30 20:00:00,1.3238124999999998
2009-05-01 00:00:00,1.3235441666666667
2009-05-01 04:00:00,1.3255191666666666
2009-05-01 08:00:00,1.3274608333333333
2009-05-01 12:00:00,1.3277666666666665
2009-05-01 16:00:00,1.3260716666666665
2009-05-01 20:00:00,1.3263908333333334
2009-05-04 00:00:00,1.3285741666666666
2009-05-04 04:00:00,1.3328783333333334
2009-05-04 08:00:00,1.3306666666666667
2009-05-04 12:00:00,1.324925
2009-05-04 16:00:00,1.3338691666666667
2009-05-04 20:00:00,1.3390083333333336
2009-05-05 00:00:00,1.3410925000000002
2009-05-05 04:00:00,1.3384166666666666
2009-05-05 08:00:00,1.3356291666666666
2009-05-05 12:00:00,1.3393133333333334
2009-05-05 16:00:00,1.3373283333333332
2009-05-05 20:00:00,1.3324958333333334
2009-05-06 00:00:00,1.3307233333333333
2009-05-06 04:00:00,1.3267516666666666
2009-05-06 08:00:00,1.3295066666666666
2009-05-06 12:00:00,1.3320941666666668
2009-05-06 16:00:00,1.33069
2009-05-06 20:00:00,1.3323425
2009-05-07 00:00:00,1.3305908333333334
2009-05-07 04:00:00,1.3299025000000002
2009-05-07 08:00:00,1.3281808333333334
2009-05-07 12:00:00,1.3330283333333333
2009-05-07 16:00:00,1.3409083333333331
2009-05-07 20:00:00,1.3377608333333333
2009-05-08 00:00:00,1.3382683333333334
2009-05-08 04:00:00,1.3366641666666665
2009-05-08 08:00:00,1.3408408333333333
2009-05-08 12:00:00,1.3421258333333335
2009-05-08 16:00:00,1.3500825
2009-05-08 20:00:00,1.3608408333333333
2009-05-11 00:00:00,1.3633041666666665
2009-05-11 04:00:00,1.3647866666666668
2009-05-11 08:00:00,1.3623941666666666
2009-05-11 12:00:00,1.3585358333333333
2009-05-11 16:00:00,1.3605508333333334
2009-05-11 20:00:00,1.3589325
2009-05-12 00:00:00,1.3582225
2009-05-12 04:00:00,1.3591208333333333
2009-05-12 08:00:00,1.3627375
2009-05-12 12:00:00,1.3662025
2009-05-12 16:00:00,1.3638508333333335
2009-05-12 20:00:00,1.3634141666666664
2009-05-13 00:00:00,1.3664441666666667
2009-05-13 04:00:00,1.3684858333333332
2009-05-13 08:00:00,1.3691341666666665
2009-05-13 12:00:00,1.3640466666666664
2009-05-13 16:00:00,1.360880833333333
2009-05-13 20:00:00,1.3593608333333334
2009-05-14 00:00:00,1.3572516666666667
2009-05-14 04:00:00,1.3562958333333333
2009-05-14 08:00:00,1.3578525000000001
2009-05-14 12:00:00,1.35713
2009-05-14 16:00:00,1.3599391666666667
2009-05-14 20:00:00,1.3637875
2009-05-15 00:00:00,1.3634083333333333
2009-05-15 04:00:00,1.36313
2009-05-15 08:00:00,1.3600474999999999
2009-05-15 12:00:00,1.3546941666666668
2009-05-15 16:00:00,1.356695
2009-05-15 20:00:00,1.348555
2009-05-18 00:00:00,1.346145
2009-05-18 04:00:00,1.3438066666666668
2009-05-18 08:00:00,1.3457875
2009-05-18 12:00:00,1.347965
2009-05-18 16:00:00,1.35041
2009-05-18 20:00:00,1.3540075
2009-05-19 00:00:00,1.3551608333333334
2009-05-19 04:00:00,1.3556808333333334
2009-05-19 08:00:00,1.3591233333333335
2009-05-19 12:00:00,1.3622633333333334
2009-05-19 16:00:00,1.3598183333333334
2009-05-19 20:00:00,1.3635766666666667
2009-05-20 00:00:00,1.3629624999999999
2009-05-20 04:00:00,1.3604991666666666
2009-05-20 08:00:00,1.3618583333333334
2009-05-20 12:00:00,1.3667725
2009-05-20 16:00:00,1.3767033333333334
2009-05-20 20:00:00,1.3788008333333335
2009-05-21 00:00:00,1.3772333333333333
2009-05-21 04:00:00,1.3785883333333335
2009-05-21 08:00:00,1.377905
2009-05-21 12:00:00,1.3774316666666666
2009-05-21 16:00:00,1.3792875
2009-05-21 20:00:00,1.389255
2009-05-22 00:00:00,1.3918483333333331
2009-05-22 04:00:00,1.3930825
2009-05-22 08:00:00,1.3936000000000002
2009-05-22 12:00:00,1.3968175
2009-05-22 16:00:00,1.4003391666666667
2009-05-22 20:00:00,1.4012433333333334
2009-05-25 00:00:00,1.4021816666666667
2009-05-25 04:00:00,1.3992291666666667
2009-05-25 08:00:00,1.3993991666666665
2009-05-25 12:00:00,1.3988475
2009-05-25 16:00:00,1.4000383333333333
2009-05-25 20:00:00,1.4013441666666666
2009-05-26 00:00:00,1.4004425
2009-05-26 04:00:00,1.3973941666666667
2009-05-26 08:00:00,1.3948225
2009-05-26 12:00:00,1.3891466666666665
2009-05-26 16:00:00,1.39649
2009-05-26 20:00:00,1.3983666666666668
2009-05-27 00:00:00,1.3988875
2009-05-27 04:00:00,1.3968966666666665
2009-05-27 08:00:00,1.3958683333333333
2009-05-27 12:00:00,1.3937708333333334
2009-05-27 16:00:00,1.3931749999999998
2009-05-27 20:00:00,1.3895283333333333
2009-05-28 00:00:00,1.383406666666667
2009-05-28 04:00:00,1.3831166666666665
2009-05-28 08:00:00,1.3844066666666666
2009-05-28 12:00:00,1.3873633333333333
2009-05-28 16:00:00,1.3933175
2009-05-28 20:00:00,1.3944524999999999
2009-05-29 00:00:00,1.3939958333333333
2009-05-29 04:00:00,1.3982533333333333
2009-05-29 08:00:00,1.4002599999999998
2009-05-29 12:00:00,1.4090316666666665
2009-05-29 16:00:00,1.4125108333333334
2009-05-29 20:00:00,1.41329
2009-06-01 00:00:00,1.4119433333333333
2009-06-01 04:00:00,1.4144866666666664
2009-06-01 08:00:00,1.4184358333333336
2009-06-01 12:00:00,1.4219783333333331
2009-06-01 16:00:00,1.4185158333333336
2009-06-01 20:00:00,1.4177666666666668
2009-06-02 00:00:00,1.4159833333333331
2009-06-02 04:00:00,1.4161358333333331
2009-06-02 08:00:00,1.4128816666666666
2009-06-02 12:00:00,1.4213266666666668
2009-06-02 16:00:00,1.4271824999999998
2009-06-02 20:00:00,1.4312441666666669
2009-06-03 00:00:00,1.4298633333333335
2009-06-03 04:00:00,1.4296833333333332
2009-06-03 08:00:00,1.4285158333333334
2009-06-03 12:00:00,1.4214008333333332
2009-06-03 16:00:00,1.4175608333333334
2009-06-03 20:00:00,1.4142516666666665
2009-06-04 00:00:00,1.4152391666666668
2009-06-04 04:00:00,1.4170183333333335
2009-06-04 08:00:00,1.420269166666667
2009-06-04 12:00:00,1.4153666666666664
2009-06-04 16:00:00,1.416955
2009-06-04 20:00:00,1.4183133333333333
2009-06-05 00:00:00,1.4177308333333334
2009-06-05 04:00:00,1.4198758333333332
2009-06-05 08:00:00,1.4196358333333334
2009-06-05 12:00:00,1.4172549999999997
2009-06-05 16:00:00,1.4015866666666668
2009-06-05 20:00:00,1.3971508333333333
2009-06-08 00:00:00,1.3952991666666668
2009-06-08 04:00:00,1.3987033333333332
2009-06-08 08:00:00,1.3926916666666667
2009-06-08 12:00:00,1.3843908333333332
2009-06-08 16:00:00,1.3871883333333332
2009-06-08 20:00:00,1.3900325
2009-06-09 00:00:00,1.3911133333333334
2009-06-09 04:00:00,1.3880875
2009-06-09 08:00:00,1.3916191666666666
2009-06-09 12:00:00,1.3925575000000001
2009-06-09 16:00:00,1.4008633333333331
2009-06-09 20:00:00,1.4060350000000001
2009-06-10 00:00:00,1.4064824999999999
2009-06-10 04:00:00,1.40738
2009-06-10 08:00:00,1.4104641666666666
2009-06-10 12:00:00,1.4090858333333334
2009-06-10 16:00:00,1.4009075
2009-06-10 20:00:00,1.3967958333333332
2009-06-11 00:00:00,1.398205
2009-06-11 04:00:00,1.4030041666666664
2009-06-11 08:00:00,1.4021858333333335
2009-06-11 12:00:00,1.400245
2009-06-11 16:00:00,1.4067541666666667
2009-06-11 20:00:00,1.4120458333333332
2009-06-12 00:00:00,1.4108216666666666
2009-06-12 04:00:00,1.4100141666666668
2009-06-12 08:00:00,1.4078925
2009-06-12 12:00:00,1.4013641666666665
2009-06-12 16:00:00,1.3998808333333332
2009-06-12 20:00:00,1.4011283333333333
2009-06-15 00:00:00,1.3980516666666667
2009-06-15 04:00:00,1.3959758333333334
2009-06-15 08:00:00,1.3893908333333334
2009-06-15 12:00:00,1.3864166666666666
2009-06-15 16:00:00,1.3815658333333332
2009-06-15 20:00:00,1.3785116666666668
2009-06-16 00:00:00,1.3778608333333333
2009-06-16 04:00:00,1.3798875000000002
2009-06-16 08:00:00,1.3848991666666668
2009-06-16 12:00:00,1.3895766666666667
2009-06-16 16:00:00,1.3878108333333334
2009-06-16 20:00:00,1.3840625
2009-06-17 00:00:00,1.3828358333333335
2009-06-17 04:00:00,1.385055
2009-06-17 08:00:00,1.3890475000000002
2009-06-17 12:00:00,1.3859483333333333
2009-06-17 16:00:00,1.3864291666666668
2009-06-17 20:00:00,1.3936916666666668
2009-06-18 00:00:00,1.3948533333333333
2009-06-18 04:00:00,1.3949941666666665
2009-06-18 08:00:00,1.394415
2009-06-18 12:00:00,1.393505
2009-06-18 16:00:00,1.3972416666666667
2009-06-18 20:00:00,1.3904524999999999
2009-06-19 00:00:00,1.3905591666666668
2009-06-19 04:00:00,1.3913283333333335
2009-06-19 08:00:00,1.3922466666666669
2009-06-19 12:00:00,1.3922641666666666
2009-06-19 16:00:00,1.3948183333333333
2009-06-19 20:00:00,1.3956191666666666
2009-06-22 00:00:00,1.393264166666667
2009-06-22 04:00:00,1.390675
2009-06-22 08:00:00,1.3880366666666668
2009-06-22 12:00:00,1.3846508333333334
2009-06-22 16:00:00,1.3857591666666667
2009-06-22 20:00:00,1.3866616666666667
2009-06-23 00:00:00,1.3852716666666667
2009-06-23 04:00:00,1.3853375
2009-06-23 08:00:00,1.3871233333333333
2009-06-23 12:00:00,1.3960491666666668
2009-06-23 16:00:00,1.4030241666666665
2009-06-23 20:00:00,1.4082175000000001
2009-06-24 00:00:00,1.4074358333333334
2009-06-24 04:00:00,1.4086108333333331
2009-06-24 08:00:00,1.4103308333333333
2009-06-24 12:00:00,1.4067183333333333
2009-06-24 16:00:00,1.4018958333333333
2009-06-24 20:00:00,1.3946025
2009-06-25 00:00:00,1.3940641666666667
2009-06-25 04:00:00,1.3958291666666667
2009-06-25 08:00:00,1.3962658333333335
2009-06-25 12:00:00,1.3936266666666666
2009-06-25 16:00:00,1.3929174999999998
2009-06-25 20:00:00,1.3986441666666665
2009-06-26 00:00:00,1.4001608333333335
2009-06-26 04:00:00,1.4042891666666666
2009-06-26 08:00:00,1.403855
2009-06-26 12:00:00,1.4080274999999998
2009-06-26 16:00:00,1.4070449999999999
2009-06-26 20:00:00,1.4070091666666666
2009-06-29 00:00:00,1.4056083333333333
2009-06-29 04:00:00,1.4021424999999998
2009-06-29 08:00:00,1.4012108333333333
2009-06-29 12:00:00,1.4044516666666667
2009-06-29 16:00:00,1.4057883333333332
2009-06-29 20:00:00,1.4085791666666667
2009-06-30 00:00:00,1.4090958333333334
2009-06-30 04:00:00,1.4115166666666668
2009-06-30 08:00:00,1.4111591666666667
2009-06-30 12:00:00,1.4121116666666667
2009-06-30 16:00:00,1.4043200000000002
2009-06-30 20:00:00,1.4032308333333332
2009-07-01 00:00:00,1.4036633333333333
2009-07-01 04:00:00,1.4027416666666668
2009-07-01 08:00:00,1.4057083333333333
2009-07-01 12:00:00,1.4076491666666668
2009-07-01 16:00:00,1.4156416666666667
2009-07-01 20:00:00,1.415365
2009-07-02 00:00:00,1.4139950000000001
2009-07-02 04:00:00,1.4116691666666668
2009-07-02 08:00:00,1.410155
2009-07-02 12:00:00,1.406915
2009-07-02 16:00:00,1.4017458333333335
2009-07-02 20:00:00,1.4013099999999998
2009-07-03 00:00:00,1.3959291666666669
2009-07-03 04:00:00,1.3986599999999998
2009-07-03 08:00:00,1.4004491666666667
2009-07-03 12:00:00,1.3998291666666667
2009-07-03 16:00:00,1.3996566666666665
2009-07-03 20:00:00,1.3976866666666665
2009-07-06 00:00:00,1.3960241666666668
2009-07-06 04:00:00,1.3972358333333332
2009-07-06 08:00:00,1.3948308333333332
2009-07-06 12:00:00,1.3902308333333333
2009-07-06 16:00:00,1.3925699999999999
2009-07-06 20:00:00,1.3966233333333333
2009-07-07 00:00:00,1.3977183333333334
2009-07-07 04:00:00,1.3967216666666666
2009-07-07 08:00:00,1.394435
2009-07-07 12:00:00,1.4006641666666666
2009-07-07 16:00:00,1.3976766666666667
2009-07-07 20:00:00,1.39286
2009-07-08 00:00:00,1.3907133333333332
2009-07-08 04:00:00,1.3905216666666664
2009-07-08 08:00:00,1.3897925
2009-07-08 12:00:00,1.3912583333333333
2009-07-08 16:00:00,1.3881725
2009-07-08 20:00:00,1.3863383333333332
2009-07-09 00:00:00,1.3874741666666666
2009-07-09 04:00:00,1.3902333333333332
2009-07-09 08:00:00,1.3936441666666668
2009-07-09 12:00:00,1.3976666666666668
2009-07-09 16:00:00,1.3999191666666668
2009-07-09 20:00:00,1.4035775000000001
2009-07-10 00:00:00,1.4014716666666667
2009-07-10 04:00:00,1.3980225000000002
2009-07-10 08:00:00,1.3938708333333334
2009-07-10 12:00:00,1.3904566666666667
2009-07-10 16:00:00,1.3930416666666665
2009-07-10 20:00:00,1.3947349999999998
2009-07-13 00:00:00,1.3961283333333332
2009-07-13 04:00:00,1.39412
2009-07-13 08:00:00,1.3930716666666667
2009-07-13 12:00:00,1.3964766666666666
2009-07-13 16:00:00,1.3953091666666668
2009-07-13 20:00:00,1.3979241666666666
2009-07-14 00:00:00,1.3989250000000002
2009-07-14 04:00:00,1.3975366666666666
2009-07-14 08:00:00,1.3988183333333333
2009-07-14 12:00:00,1.39816
2009-07-14 16:00:00,1.3964041666666667
2009-07-14 20:00:00,1.3938458333333335
2009-07-15 00:00:00,1.3972458333333333
2009-07-15 04:00:00,1.39824
2009-07-15 08:00:00,1.4033408333333335
2009-07-15 12:00:00,1.4071908333333334
2009-07-15 16:00:00,1.4096733333333336
2009-07-15 20:00:00,1.4113674999999999
2009-07-16 00:00:00,1.4095616666666666
2009-07-16 04:00:00,1.407345
2009-07-16 08:00:00,1.4078091666666666
2009-07-16 12:00:00,1.4114558333333336
2009-07-16 16:00:00,1.4119991666666667
2009-07-16 20:00:00,1.4136724999999999
2009-07-17 00:00:00,1.4133158333333333
2009-07-17 04:00:00,1.4110866666666666
2009-07-17 08:00:00,1.4099858333333333
2009-07-17 12:00:00,1.409459166666667
2009-07-17 16:00:00,1.4116583333333332
2009-07-17 20:00:00,1.4119141666666666
2009-07-20 00:00:00,1.4124891666666668
2009-07-20 04:00:00,1.4164366666666668
2009-07-20 08:00:00,1.4185291666666666
2009-07-20 12:00:00,1.4226874999999999
2009-07-20 16:00:00,1.4219641666666667
2009-07-20 20:00:00,1.4224258333333335
2009-07-21 00:00:00,1.4220591666666667
2009-07-21 04:00:00,1.4205925000000001
2009-07-21 08:00:00,1.4206383333333332
2009-07-21 12:00:00,1.4219625000000002
2009-07-21 16:00:00,1.4217983333333333
2009-07-21 20:00:00,1.4194558333333336
2009-07-22 00:00:00,1.420674166666667
2009-07-22 04:00:00,1.4190591666666665
2009-07-22 08:00:00,1.4193708333333332
2009-07-22 12:00:00,1.4195033333333331
2009-07-22 16:00:00,1.420695
2009-07-22 20:00:00,1.4227216666666667
2009-07-23 00:00:00,1.4209216666666666
2009-07-23 04:00:00,1.4230825
2009-07-23 08:00:00,1.4239333333333333
2009-07-23 12:00:00,1.4219941666666667
2009-07-23 16:00:00,1.4243774999999999
2009-07-23 20:00:00,1.4192274999999999
2009-07-24 00:00:00,1.4155008333333332
2009-07-24 04:00:00,1.415341666666667
2009-07-24 08:00:00,1.4194591666666665
2009-07-24 12:00:00,1.4227275
2009-07-24 16:00:00,1.4213333333333331
2009-07-24 20:00:00,1.42158
2009-07-27 00:00:00,1.4206975000000002
2009-07-27 04:00:00,1.4221625
2009-07-27 08:00:00,1.4247
2009-07-27 12:00:00,1.4274350000000002
2009-07-27 16:00:00,1.4231308333333335
2009-07-27 20:00:00,1.4232825000000002
2009-07-28 00:00:00,1.4238499999999998
2009-07-28 04:00:00,1.4238533333333332
2009-07-28 08:00:00,1.4277058333333335
2009-07-28 12:00:00,1.4253791666666666
2009-07-28 16:00:00,1.4175125
2009-07-28 20:00:00,1.4167658333333335
2009-07-29 00:00:00,1.4163908333333335
2009-07-29 04:00:00,1.4180841666666666
2009-07-29 08:00:00,1.4156858333333333
2009-07-29 12:00:00,1.4124875000000001
2009-07-29 16:00:00,1.4061066666666666
2009-07-29 20:00:00,1.4026308333333333
2009-07-30 00:00:00,1.4032308333333332
2009-07-30 04:00:00,1.4056633333333335
2009-07-30 08:00:00,1.4064991666666666
2009-07-30 12:00:00,1.4064424999999998
2009-07-30 16:00:00,1.4059058333333332
2009-07-30 20:00:00,1.4073283333333335
2009-07-31 00:00:00,1.407675
2009-07-31 04:00:00,1.4122791666666668
2009-07-31 08:00:00,1.4116191666666666
2009-07-31 12:00:00,1.4120041666666667
2009-07-31 16:00:00,1.4196316666666666
2009-07-31 20:00:00,1.42547
2009-08-03 00:00:00,1.4267358333333333
2009-08-03 04:00:00,1.4243641666666669
2009-08-03 08:00:00,1.42366
2009-08-03 12:00:00,1.4300491666666666
2009-08-03 16:00:00,1.4386166666666667
2009-08-03 20:00:00,1.4415075000000002
2009-08-04 00:00:00,1.4412258333333334
2009-08-04 04:00:00,1.4400499999999998
2009-08-04 08:00:00,1.4399741666666666
2009-08-04 12:00:00,1.4390266666666667
2009-08-04 16:00:00,1.440685
2009-08-04 20:00:00,1.4397908333333334
2009-08-05 00:00:00,1.4403816666666667
2009-08-05 04:00:00,1.4411524999999998
2009-08-05 08:00:00,1.4389183333333335
2009-08-05 12:00:00,1.4399591666666667
2009-08-05 16:00:00,1.4390408333333333
2009-08-05 20:00:00,1.4420183333333334
2009-08-06 00:00:00,1.4411941666666666
2009-08-06 04:00:00,1.4404275000000002
2009-08-06 08:00:00,1.4401941666666667
2009-08-06 12:00:00,1.4386941666666666
2009-08-06 16:00:00,1.4359391666666668
2009-08-06 20:00:00,1.4346299999999998
2009-08-07 00:00:00,1.4358958333333334
2009-08-07 04:00:00,1.435750833333333
2009-08-07 08:00:00,1.4358541666666669
2009-08-07 12:00:00,1.4353283333333333
2009-08-07 16:00:00,1.42255
2009-08-07 20:00:00,1.4174091666666666
2009-08-10 00:00:00,1.4187500000000002
2009-08-10 04:00:00,1.4201316666666663
2009-08-10 08:00:00,1.4199775000000001
2009-08-10 12:00:00,1.4193525
2009-08-10 16:00:00,1.4155383333333336
2009-08-10 20:00:00,1.4130116666666668
2009-08-11 00:00:00,1.4138183333333334
2009-08-11 04:00:00,1.4139475
2009-08-11 08:00:00,1.4157891666666667
2009-08-11 12:00:00,1.4160716666666666
2009-08-11 16:00:00,1.4137308333333332
2009-08-11 20:00:00,1.41525
2009-08-12 00:00:00,1.4152075
2009-08-12 04:00:00,1.4146008333333333
2009-08-12 08:00:00,1.4122166666666667
2009-08-12 12:00:00,1.4148450000000001
2009-08-12 16:00:00,1.420621666666667
2009-08-12 20:00:00,1.4203208333333335
2009-08-13 00:00:00,1.4207649999999998
2009-08-13 04:00:00,1.42219
2009-08-13 08:00:00,1.42402
2009-08-13 12:00:00,1.4269791666666667
2009-08-13 16:00:00,1.4287058333333333
2009-08-13 20:00:00,1.4281525
2009-08-14 00:00:00,1.4281691666666667
2009-08-14 04:00:00,1.4275733333333336
2009-08-14 08:00:00,1.4269316666666667
2009-08-14 12:00:00,1.428035
2009-08-14 16:00:00,1.4234133333333334
2009-08-14 20:00:00,1.4187925000000001
2009-08-17 00:00:00,1.4174433333333334
2009-08-17 04:00:00,1.415028333333333
2009-08-17 08:00:00,1.413235
2009-08-17 12:00:00,1.4076083333333336
2009-08-17 16:00:00,1.4072799999999999
2009-08-17 20:00:00,1.4082824999999999
2009-08-18 00:00:00,1.4088025000000002
2009-08-18 04:00:00,1.4107491666666667
2009-08-18 08:00:00,1.4120958333333333
2009-08-18 12:00:00,1.4110241666666667
2009-08-18 16:00:00,1.410825
2009-08-18 20:00:00,1.4132633333333335
2009-08-19 00:00:00,1.4142975
2009-08-19 04:00:00,1.4141141666666668
2009-08-19 08:00:00,1.4105633333333332
2009-08-19 12:00:00,1.4109733333333332
2009-08-19 16:00:00,1.4208316666666667
2009-08-19 20:00:00,1.4239383333333333
2009-08-20 00:00:00,1.4232183333333335
2009-08-20 04:00:00,1.422065
2009-08-20 08:00:00,1.4227641666666666
2009-08-20 12:00:00,1.4228408333333333
2009-08-20 16:00:00,1.4230941666666665
2009-08-20 20:00:00,1.4253925
2009-08-21 00:00:00,1.4252541666666667
2009-08-21 04:00:00,1.4238208333333333
2009-08-21 08:00:00,1.4259458333333335
2009-08-21 12:00:00,1.4322816666666667
2009-08-21 16:00:00,1.4317883333333332
2009-08-21 20:00:00,1.4329775
2009-08-24 00:00:00,1.4340274999999998
2009-08-24 04:00:00,1.4337600000000001
2009-08-24 08:00:00,1.4306725
2009-08-24 12:00:00,1.4313500000000001
2009-08-24 16:00:00,1.4324733333333333
2009-08-24 20:00:00,1.429873333333333
2009-08-25 00:00:00,1.4292200000000002
2009-08-25 04:00:00,1.4293150000000001
2009-08-25 08:00:00,1.4277808333333333
2009-08-25 12:00:00,1.4308875
2009-08-25 16:00:00,1.4334216666666668
2009-08-25 20:00:00,1.4308916666666667
2009-08-26 00:00:00,1.4293483333333332
2009-08-26 04:00:00,1.4298549999999999
2009-08-26 08:00:00,1.4318033333333333
2009-08-26 12:00:00,1.4294658333333334
2009-08-26 16:00:00,1.4230141666666665
2009-08-26 20:00:00,1.4243233333333334
2009-08-27 00:00:00,1.4240791666666668
2009-08-27 04:00:00,1.4242433333333333
2009-08-27 08:00:00,1.4247591666666666
2009-08-27 12:00:00,1.4263233333333334
2009-08-27 16:00:00,1.4249108333333336
2009-08-27 20:00:00,1.4332483333333332
2009-08-28 00:00:00,1.4356991666666667
2009-08-28 04:00:00,1.4361275
2009-08-28 08:00:00,1.4345899999999998
2009-08-28 12:00:00,1.4356841666666667
2009-08-28 16:00:00,1.4359708333333332
2009-08-28 20:00:00,1.4308858333333334
2009-08-31 00:00:00,1.4298933333333337
2009-08-31 04:00:00,1.4292941666666668
2009-08-31 08:00:00,1.4279074999999999
2009-08-31 12:00:00,1.4282925
2009-08-31 16:00:00,1.4329683333333334
2009-08-31 20:00:00,1.4334666666666667
2009-09-01 00:00:00,1.4333266666666666
2009-09-01 04:00:00,1.4341075
2009-09-01 08:00:00,1.4358683333333335
2009-09-01 12:00:00,1.4313125
2009-09-01 16:00:00,1.4278183333333332
2009-09-01 20:00:00,1.4212275
2009-09-02 00:00:00,1.4211516666666666
2009-09-02 04:00:00,1.421149166666667
2009-09-02 08:00:00,1.4224991666666664
2009-09-02 12:00:00,1.4220766666666667
2009-09-02 16:00:00,1.4237616666666668
2009-09-02 20:00:00,1.4274125
2009-09-03 00:00:00,1.4267316666666665
2009-09-03 04:00:00,1.4271275
2009-09-03 08:00:00,1.4291316666666667
2009-09-03 12:00:00,1.4307833333333333
2009-09-03 16:00:00,1.4270483333333335
2009-09-03 20:00:00,1.42536
2009-09-04 00:00:00,1.425615
2009-09-04 04:00:00,1.4248683333333334
2009-09-04 08:00:00,1.4274066666666667
2009-09-04 12:00:00,1.4257983333333333
2009-09-04 16:00:00,1.4247983333333334
2009-09-04 20:00:00,1.4304808333333334
2009-09-07 00:00:00,1.4311783333333334
2009-09-07 04:00:00,1.4328266666666667
2009-09-07 08:00:00,1.4337900000000001
2009-09-07 12:00:00,1.4341291666666665
2009-09-07 16:00:00,1.4336141666666666
2009-09-07 20:00:00,1.4334308333333334
2009-09-08 00:00:00,1.4335816666666665
2009-09-08 04:00:00,1.4336633333333335
2009-09-08 08:00:00,1.4388008333333333
2009-09-08 12:00:00,1.4473799999999999
2009-09-08 16:00:00,1.4499575
2009-09-08 20:00:00,1.4498025
2009-09-09 00:00:00,1.4496483333333332
2009-09-09 04:00:00,1.4494316666666667
2009-09-09 08:00:00,1.4489833333333335
2009-09-09 12:00:00,1.4511675
2009-09-09 16:00:00,1.457455
2009-09-09 20:00:00,1.4551275000000001
2009-09-10 00:00:00,1.4555466666666668
2009-09-10 04:00:00,1.4563625
2009-09-10 08:00:00,1.4570158333333334
2009-09-10 12:00:00,1.4551025
2009-09-10 16:00:00,1.4560258333333334
2009-09-10 20:00:00,1.4588091666666667
2009-09-11 00:00:00,1.4578525
2009-09-11 04:00:00,1.4596841666666664
2009-09-11 08:00:00,1.460585
2009-09-11 12:00:00,1.4597125000000002
2009-09-11 16:00:00,1.459395
2009-09-11 20:00:00,1.4580183333333332
2009-09-14 00:00:00,1.4575850000000001
2009-09-14 04:00:00,1.4540975
2009-09-14 08:00:00,1.4544424999999999
2009-09-14 12:00:00,1.4548158333333332
2009-09-14 16:00:00,1.4617833333333334
2009-09-14 20:00:00,1.4614733333333334
2009-09-15 00:00:00,1.4630133333333335
2009-09-15 04:00:00,1.4617275
2009-09-15 08:00:00,1.4613883333333333
2009-09-15 12:00:00,1.4597366666666667
2009-09-15 16:00:00,1.4604024999999998
2009-09-15 20:00:00,1.4665825000000001
2009-09-16 00:00:00,1.466755833333333
2009-09-16 04:00:00,1.4671633333333334
2009-09-16 08:00:00,1.4690999999999999
2009-09-16 12:00:00,1.4680158333333335
2009-09-16 16:00:00,1.4687625
2009-09-16 20:00:00,1.471905
2009-09-17 00:00:00,1.4709808333333334
2009-09-17 04:00:00,1.4721625
2009-09-17 08:00:00,1.4741133333333332
2009-09-17 12:00:00,1.4723666666666668
2009-09-17 16:00:00,1.4732775
2009-09-17 20:00:00,1.4732783333333335
2009-09-18 00:00:00,1.4736341666666666
2009-09-18 04:00:00,1.47109
2009-09-18 08:00:00,1.4694000000000003
2009-09-18 12:00:00,1.4704766666666664
2009-09-18 16:00:00,1.4713
2009-09-18 20:00:00,1.471095
2009-09-21 00:00:00,1.4699258333333334
2009-09-21 04:00:00,1.4692116666666666
2009-09-21 08:00:00,1.4660933333333332
2009-09-21 12:00:00,1.4652683333333334
2009-09-21 16:00:00,1.4663541666666666
2009-09-21 20:00:00,1.4679083333333334
2009-09-22 00:00:00,1.4684808333333332
2009-09-22 04:00:00,1.47137
2009-09-22 08:00:00,1.4748325
2009-09-22 12:00:00,1.4795175
2009-09-22 16:00:00,1.4790841666666668
2009-09-22 20:00:00,1.47911
2009-09-23 00:00:00,1.47993
2009-09-23 04:00:00,1.4810216666666667
2009-09-23 08:00:00,1.4799825
2009-09-23 12:00:00,1.4780708333333332
2009-09-23 16:00:00,1.4765816666666667
2009-09-23 20:00:00,1.4770383333333335
2009-09-24 00:00:00,1.471845
2009-09-24 04:00:00,1.4728058333333331
2009-09-24 08:00:00,1.4746508333333332
2009-09-24 12:00:00,1.4777166666666668
2009-09-24 16:00:00,1.4714708333333333
2009-09-24 20:00:00,1.4653908333333332
2009-09-25 00:00:00,1.4649333333333332
2009-09-25 04:00:00,1.4652625
2009-09-25 08:00:00,1.4684308333333334
2009-09-25 12:00:00,1.4679983333333333
2009-09-25 16:00:00,1.4681641666666667
2009-09-25 20:00:00,1.4669758333333334
2009-09-28 00:00:00,1.4692166666666666
2009-09-28 04:00:00,1.4588433333333333
2009-09-28 08:00:00,1.4610883333333333
2009-09-28 12:00:00,1.4640283333333333
2009-09-28 16:00:00,1.46417
2009-09-28 20:00:00,1.46067
2009-09-29 00:00:00,1.4617524999999998
2009-09-29 04:00:00,1.4620291666666667
2009-09-29 08:00:00,1.4608033333333332
2009-09-29 12:00:00,1.4561991666666667
2009-09-29 16:00:00,1.4552958333333335
2009-09-29 20:00:00,1.4576033333333334
2009-09-30 00:00:00,1.4588299999999998
2009-09-30 04:00:00,1.4621366666666669
2009-09-30 08:00:00,1.4620275
2009-09-30 12:00:00,1.4645941666666666
2009-09-30 16:00:00,1.462025
2009-09-30 20:00:00,1.4640233333333332
2009-10-01 00:00:00,1.4645025
2009-10-01 04:00:00,1.4632333333333334
2009-10-01 08:00:00,1.4579641666666667
2009-10-01 12:00:00,1.4556483333333332
2009-10-01 16:00:00,1.4549983333333334
2009-10-01 20:00:00,1.4534616666666667
2009-10-02 00:00:00,1.4528516666666667
2009-10-02 04:00:00,1.4537241666666665
2009-10-02 08:00:00,1.4541616666666668
2009-10-02 12:00:00,1.4535275
2009-10-02 16:00:00,1.4598216666666666
2009-10-02 20:00:00,1.4585883333333334
2009-10-05 00:00:00,1.4603191666666668
2009-10-05 04:00:00,1.4636733333333334
2009-10-05 08:00:00,1.4630516666666669
2009-10-05 12:00:00,1.4620091666666668
2009-10-05 16:00:00,1.46289
2009-10-05 20:00:00,1.4654975
2009-10-06 00:00:00,1.4653658333333333
2009-10-06 04:00:00,1.4696241666666667
2009-10-06 08:00:00,1.4724325
2009-10-06 12:00:00,1.4726525000000001
2009-10-06 16:00:00,1.4736116666666668
2009-10-06 20:00:00,1.4716233333333333
2009-10-07 00:00:00,1.4717583333333335
2009-10-07 04:00:00,1.4699191666666667
2009-10-07 08:00:00,1.4713516666666668
2009-10-07 12:00:00,1.4701541666666667
2009-10-07 16:00:00,1.4677166666666666
2009-10-07 20:00:00,1.4677141666666667
2009-10-08 00:00:00,1.469975
2009-10-08 04:00:00,1.4755983333333333
2009-10-08 08:00:00,1.4765575
2009-10-08 12:00:00,1.4769683333333332
2009-10-08 16:00:00,1.47695
2009-10-08 20:00:00,1.478649166666667
2009-10-09 00:00:00,1.4779550000000001
2009-10-09 04:00:00,1.4729141666666667
2009-10-09 08:00:00,1.4724491666666666
2009-10-09 12:00:00,1.4744958333333333
2009-10-09 16:00:00,1.4724708333333334
2009-10-09 20:00:00,1.4707483333333333
2009-10-12 00:00:00,1.4718541666666667
2009-10-12 04:00:00,1.4700366666666667
2009-10-12 08:00:00,1.4705258333333333
2009-10-12 12:00:00,1.4755841666666667
2009-10-12 16:00:00,1.4795058333333333
2009-10-12 20:00:00,1.4783866666666667
2009-10-13 00:00:00,1.4781825
2009-10-13 04:00:00,1.4774691666666668
2009-10-13 08:00:00,1.4779874999999998
2009-10-13 12:00:00,1.482769166666667
2009-10-13 16:00:00,1.482635
2009-10-13 20:00:00,1.48368
2009-10-14 00:00:00,1.4848933333333332
2009-10-14 04:00:00,1.487845
2009-10-14 08:00:00,1.4887491666666666
2009-10-14 12:00:00,1.4896008333333333
2009-10-14 16:00:00,1.48967
2009-10-14 20:00:00,1.4916041666666666
2009-10-15 00:00:00,1.4932558333333334
2009-10-15 04:00:00,1.4951966666666667
2009-10-15 08:00:00,1.4945616666666668
2009-10-15 12:00:00,1.489925
2009-10-15 16:00:00,1.4922316666666666
2009-10-15 20:00:00,1.4928466666666664
2009-10-16 00:00:00,1.4946633333333335
2009-10-16 04:00:00,1.4942699999999998
2009-10-16 08:00:00,1.4909775
2009-10-16 12:00:00,1.4893941666666668
2009-10-16 16:00:00,1.4884016666666668
2009-10-16 20:00:00,1.4894891666666665
2009-10-19 00:00:00,1.4886083333333333
2009-10-19 04:00:00,1.4864408333333332
2009-10-19 08:00:00,1.4913591666666666
2009-10-19 12:00:00,1.493245
2009-10-19 16:00:00,1.4934824999999998
2009-10-19 20:00:00,1.494685
2009-10-20 00:00:00,1.4965833333333336
2009-10-20 04:00:00,1.4979683333333333
2009-10-20 08:00:00,1.4971491666666665
2009-10-20 12:00:00,1.4973374999999998
2009-10-20 16:00:00,1.4928474999999999
2009-10-20 20:00:00,1.4925525
2009-10-21 00:00:00,1.4931233333333336
2009-10-21 04:00:00,1.4914791666666665
2009-10-21 08:00:00,1.4941316666666666
2009-10-21 12:00:00,1.4930291666666666
2009-10-21 16:00:00,1.499575
2009-10-21 20:00:00,1.5022316666666666
2009-10-22 00:00:00,1.5013458333333332
2009-10-22 04:00:00,1.5003133333333334
2009-10-22 08:00:00,1.4976583333333333
2009-10-22 12:00:00,1.497925
2009-10-22 16:00:00,1.4995225
2009-10-22 20:00:00,1.5020691666666666
2009-10-23 00:00:00,1.5031816666666666
2009-10-23 04:00:00,1.5029683333333335
2009-10-23 08:00:00,1.5017008333333333
2009-10-23 12:00:00,1.5037433333333334
2009-10-23 16:00:00,1.502089166666667
2009-10-23 20:00:00,1.5008058333333336
2009-10-26 00:00:00,1.4999375
2009-10-26 04:00:00,1.503525
2009-10-26 08:00:00,1.5031975000000002
2009-10-26 12:00:00,1.5029816666666667
2009-10-26 16:00:00,1.4977316666666667
2009-10-26 20:00:00,1.4866108333333332
2009-10-27 00:00:00,1.48652
2009-10-27 04:00:00,1.4875375000000002
2009-10-27 08:00:00,1.4896983333333333
2009-10-27 12:00:00,1.4878283333333333
2009-10-27 16:00:00,1.482185
2009-10-27 20:00:00,1.479645
2009-10-28 00:00:00,1.4808141666666665
2009-10-28 04:00:00,1.4811025
2009-10-28 08:00:00,1.4820250000000001
2009-10-28 12:00:00,1.4786933333333332
2009-10-28 16:00:00,1.4769750000000001
2009-10-28 20:00:00,1.4716491666666667
2009-10-29 00:00:00,1.4714166666666666
2009-10-29 04:00:00,1.471295
2009-10-29 08:00:00,1.472805
2009-10-29 12:00:00,1.4752058333333333
2009-10-29 16:00:00,1.48088
2009-10-29 20:00:00,1.4835525
2009-10-30 00:00:00,1.4835033333333334
2009-10-30 04:00:00,1.48458
2009-10-30 08:00:00,1.4829083333333333
2009-10-30 12:00:00,1.4822975
2009-10-30 16:00:00,1.47645
2009-10-30 20:00:00,1.4724616666666666
2009-11-02 00:00:00,1.4715058333333333
2009-11-02 04:00:00,1.4747816666666669
2009-11-02 08:00:00,1.4761666666666664
2009-11-02 12:00:00,1.4774441666666667
2009-11-02 16:00:00,1.4790141666666667
2009-11-02 20:00:00,1.4761216666666668
2009-11-03 00:00:00,1.4777233333333335
2009-11-03 04:00:00,1.4789425
2009-11-03 08:00:00,1.4774575
2009-11-03 12:00:00,1.4661341666666665
2009-11-03 16:00:00,1.4658808333333333
2009-11-03 20:00:00,1.4699883333333332
2009-11-04 00:00:00,1.472015
2009-11-04 04:00:00,1.4722733333333333
2009-11-04 08:00:00,1.4742558333333333
2009-11-04 12:00:00,1.4757116666666668
2009-11-04 16:00:00,1.48094
2009-11-04 20:00:00,1.4857783333333334
2009-11-05 00:00:00,1.4864683333333333
2009-11-05 04:00:00,1.4837466666666665
2009-11-05 08:00:00,1.4830808333333332
2009-11-05 12:00:00,1.4847241666666666
2009-11-05 16:00:00,1.48793
2009-11-05 20:00:00,1.4865233333333334
2009-11-06 00:00:00,1.487045
2009-11-06 04:00:00,1.4869149999999998
2009-11-06 08:00:00,1.4878075
2009-11-06 12:00:00,1.4887299999999999
2009-11-06 16:00:00,1.4861366666666669
2009-11-06 20:00:00,1.48398
2009-11-09 00:00:00,1.4865583333333334
2009-11-09 04:00:00,1.4910516666666664
2009-11-09 08:00:00,1.4950941666666668
2009-11-09 12:00:00,1.4989308333333333
2009-11-09 16:00:00,1.5000483333333332
2009-11-09 20:00:00,1.4995658333333333
2009-11-10 00:00:00,1.499685
2009-11-10 04:00:00,1.4980075
2009-11-10 08:00:00,1.4978924999999998
2009-11-10 12:00:00,1.4994883333333335
2009-11-10 16:00:00,1.4970441666666665
2009-11-10 20:00:00,1.4968083333333335
2009-11-11 00:00:00,1.4990675000000002
2009-11-11 04:00:00,1.4990816666666664
2009-11-11 08:00:00,1.4996774999999998
2009-11-11 12:00:00,1.5034483333333333
2009-11-11 16:00:00,1.5004966666666668
2009-11-11 20:00:00,1.4969225000000002
2009-11-12 00:00:00,1.4988141666666666
2009-11-12 04:00:00,1.5001341666666668
2009-11-12 08:00:00,1.4985566666666665
2009-11-12 12:00:00,1.4940733333333331
2009-11-12 16:00:00,1.4904650000000002
2009-11-12 20:00:00,1.485995
2009-11-13 00:00:00,1.4850808333333334
2009-11-13 04:00:00,1.4860324999999999
2009-11-13 08:00:00,1.4873641666666666
2009-11-13 12:00:00,1.4880941666666665
2009-11-13 16:00:00,1.4868775
2009-11-13 20:00:00,1.4913233333333333
2009-11-16 00:00:00,1.4930341666666667
2009-11-16 04:00:00,1.4954316666666665
2009-11-16 08:00:00,1.497335
2009-11-16 12:00:00,1.4966616666666668
2009-11-16 16:00:00,1.4969208333333333
2009-11-16 20:00:00,1.4966283333333332
2009-11-17 00:00:00,1.4975524999999998
2009-11-17 04:00:00,1.4959791666666666
2009-11-17 08:00:00,1.4954983333333334
2009-11-17 12:00:00,1.4908958333333335
2009-11-17 16:00:00,1.4857749999999998
2009-11-17 20:00:00,1.4854574999999999
2009-11-18 00:00:00,1.4872908333333332
2009-11-18 04:00:00,1.4876791666666669
2009-11-18 08:00:00,1.4896908333333334
2009-11-18 12:00:00,1.4952208333333332
2009-11-18 16:00:00,1.4957475
2009-11-18 20:00:00,1.4952741666666667
2009-11-19 00:00:00,1.4956225
2009-11-19 04:00:00,1.4923066666666664
2009-11-19 08:00:00,1.4896666666666667
2009-11-19 12:00:00,1.4863508333333333
2009-11-19 16:00:00,1.4874283333333336
2009-11-19 20:00:00,1.4912716666666666
2009-11-20 00:00:00,1.4918958333333334
2009-11-20 04:00:00,1.4902583333333332
2009-11-20 08:00:00,1.4913575
2009-11-20 12:00:00,1.486195
2009-11-20 16:00:00,1.4845941666666664
2009-11-20 20:00:00,1.485671666666667
2009-11-23 00:00:00,1.4865074999999999
2009-11-23 04:00:00,1.4923341666666667
2009-11-23 08:00:00,1.4948433333333333
2009-11-23 12:00:00,1.4974858333333332
2009-11-23 16:00:00,1.4979241666666667
2009-11-23 20:00:00,1.4971875
2009-11-24 00:00:00,1.4957183333333335
2009-11-24 04:00:00,1.4946041666666665
2009-11-24 08:00:00,1.4923166666666665
2009-11-24 12:00:00,1.4946483333333331
2009-11-24 16:00:00,1.4955724999999997
2009-11-24 20:00:00,1.4962858333333333
2009-11-25 00:00:00,1.4965175
2009-11-25 04:00:00,1.4982766666666667
2009-11-25 08:00:00,1.4998366666666667
2009-11-25 12:00:00,1.5049625
2009-11-25 16:00:00,1.5066058333333334
2009-11-25 20:00:00,1.5108875
2009-11-26 00:00:00,1.5131083333333333
2009-11-26 04:00:00,1.5113591666666668
2009-11-26 08:00:00,1.5087408333333332
2009-11-26 12:00:00,1.5077241666666668
2009-11-26 16:00:00,1.5021725
2009-11-26 20:00:00,1.5006533333333334
2009-11-27 00:00:00,1.4991875000000001
2009-11-27 04:00:00,1.4943633333333335
2009-11-27 08:00:00,1.4894725
2009-11-27 12:00:00,1.4901858333333335
2009-11-27 16:00:00,1.4933183333333333
2009-11-27 20:00:00,1.4960741666666666
2009-11-30 00:00:00,1.49906
2009-11-30 04:00:00,1.5055991666666666
2009-11-30 08:00:00,1.5051816666666666
2009-11-30 12:00:00,1.503895
2009-11-30 16:00:00,1.5013483333333333
2009-11-30 20:00:00,1.4995475
2009-12-01 00:00:00,1.5013874999999999
2009-12-01 04:00:00,1.5012441666666667
2009-12-01 08:00:00,1.5021375
2009-12-01 12:00:00,1.5067433333333333
2009-12-01 16:00:00,1.5088141666666668
2009-12-01 20:00:00,1.5097074999999998
2009-12-02 00:00:00,1.5083558333333333
2009-12-02 04:00:00,1.5087416666666664
2009-12-02 08:00:00,1.5088741666666667
2009-12-02 12:00:00,1.5093841666666667
2009-12-02 16:00:00,1.5073066666666666
2009-12-02 20:00:00,1.5043291666666667
2009-12-03 00:00:00,1.5057016666666667
2009-12-03 04:00:00,1.5086983333333335
2009-12-03 08:00:00,1.5101858333333333
2009-12-03 12:00:00,1.5120183333333332
2009-12-03 16:00:00,1.5087608333333336
2009-12-03 20:00:00,1.5084675
2009-12-04 00:00:00,1.5055316666666665
2009-12-04 04:00:00,1.5057625
2009-12-04 08:00:00,1.5066883333333332
2009-12-04 12:00:00,1.5065691666666667
2009-12-04 16:00:00,1.4929258333333333
2009-12-04 20:00:00,1.4852283333333336
2009-12-07 00:00:00,1.4864033333333335
2009-12-07 04:00:00,1.4886575
2009-12-07 08:00:00,1.4865125
2009-12-07 12:00:00,1.4797691666666666
2009-12-07 16:00:00,1.4811283333333334
2009-12-07 20:00:00,1.4838275
2009-12-08 00:00:00,1.4832141666666667
2009-12-08 04:00:00,1.4843283333333335
2009-12-08 08:00:00,1.4824808333333332
2009-12-08 12:00:00,1.4820108333333333
2009-12-08 16:00:00,1.4750975000000002
2009-12-08 20:00:00,1.4704108333333332
2009-12-09 00:00:00,1.469980833333333
2009-12-09 04:00:00,1.4725008333333331
2009-12-09 08:00:00,1.4720825
2009-12-09 12:00:00,1.475045
2009-12-09 16:00:00,1.4730041666666667
2009-12-09 20:00:00,1.47051
2009-12-10 00:00:00,1.4735375
2009-12-10 04:00:00,1.4731816666666666
2009-12-10 08:00:00,1.471195
2009-12-10 12:00:00,1.472715
2009-12-10 16:00:00,1.4731016666666668
2009-12-10 20:00:00,1.4717033333333334
2009-12-11 00:00:00,1.4730141666666667
2009-12-11 04:00:00,1.4723291666666667
2009-12-11 08:00:00,1.4730083333333335
2009-12-11 12:00:00,1.4759958333333332
2009-12-11 16:00:00,1.4655708333333333
2009-12-11 20:00:00,1.4617691666666666
2009-12-14 00:00:00,1.4618266666666666
2009-12-14 04:00:00,1.4636908333333334
2009-12-14 08:00:00,1.4669275
2009-12-14 12:00:00,1.4644033333333333
2009-12-14 16:00:00,1.4641875000000002
2009-12-14 20:00:00,1.4651583333333333
2009-12-15 00:00:00,1.46537
2009-12-15 04:00:00,1.4650341666666666
2009-12-15 08:00:00,1.4618983333333335
2009-12-15 12:00:00,1.4542908333333333
2009-12-15 16:00:00,1.4541275
2009-12-15 20:00:00,1.4523025
2009-12-16 00:00:00,1.453595
2009-12-16 04:00:00,1.4537533333333332
2009-12-16 08:00:00,1.4537025000000001
2009-12-16 12:00:00,1.4560600000000001
2009-12-16 16:00:00,1.4568541666666666
2009-12-16 20:00:00,1.4537908333333331
2009-12-17 00:00:00,1.4528583333333334
2009-12-17 04:00:00,1.4434166666666668
2009-12-17 08:00:00,1.4401858333333335
2009-12-17 12:00:00,1.4357333333333333
2009-12-17 16:00:00,1.43462
2009-12-17 20:00:00,1.433985
2009-12-18 00:00:00,1.4338216666666668
2009-12-18 04:00:00,1.4378266666666668
2009-12-18 08:00:00,1.4381325
2009-12-18 12:00:00,1.4376725
2009-12-18 16:00:00,1.4310725
2009-12-18 20:00:00,1.431455
2009-12-21 00:00:00,1.43263
2009-12-21 04:00:00,1.433945
2009-12-21 08:00:00,1.4326741666666665
2009-12-21 12:00:00,1.4334725
2009-12-21 16:00:00,1.433336666666667
2009-12-21 20:00:00,1.42961
2009-12-22 00:00:00,1.4279133333333334
2009-12-22 04:00:00,1.4289833333333333
2009-12-22 08:00:00,1.4303683333333335
2009-12-22 12:00:00,1.4299291666666667
2009-12-22 16:00:00,1.4267408333333331
2009-12-22 20:00:00,1.4260841666666668
2009-12-23 00:00:00,1.4251241666666665
2009-12-23 04:00:00,1.4257883333333334
2009-12-23 08:00:00,1.4253883333333333
2009-12-23 12:00:00,1.4255625
2009-12-23 16:00:00,1.4302791666666668
2009-12-23 20:00:00,1.4341683333333333
2009-12-24 00:00:00,1.4332808333333333
2009-12-24 04:00:00,1.4342316666666666
2009-12-24 08:00:00,1.4353791666666669
2009-12-24 12:00:00,1.4396283333333335
2009-12-24 16:00:00,1.4371758333333333
2009-12-24 20:00:00,1.4362208333333335
2009-12-25 00:00:00,1.4373174999999998
2009-12-25 04:00:00,1.4366466666666666
2009-12-25 08:00:00,1.4378675
2009-12-28 00:00:00,1.4372075
2009-12-28 04:00:00,1.4384591666666666
2009-12-28 08:00:00,1.4385608333333333
2009-12-28 12:00:00,1.4398325
2009-12-28 16:00:00,1.4396608333333334
2009-12-28 20:00:00,1.4385941666666666
2009-12-29 00:00:00,1.4373675000000001
2009-12-29 04:00:00,1.4362258333333333
2009-12-29 08:00:00,1.4395725
2009-12-29 12:00:00,1.4432391666666666
2009-12-29 16:00:00,1.4411416666666668
2009-12-29 20:00:00,1.4352441666666669
2009-12-30 00:00:00,1.4344066666666666
2009-12-30 04:00:00,1.4316399999999998
2009-12-30 08:00:00,1.4339516666666667
2009-12-30 12:00:00,1.4344616666666665
2009-12-30 16:00:00,1.4309608333333332
2009-12-30 20:00:00,1.4336108333333335
2009-12-31 00:00:00,1.4339925
2009-12-31 04:00:00,1.4367008333333333
2009-12-31 08:00:00,1.4401875
2009-12-31 12:00:00,1.4405908333333333
2009-12-31 16:00:00,1.4363249999999999
2009-12-31 20:00:00,1.4320875
2010-01-04 00:00:00,1.4313658333333334
2010-01-04 04:00:00,1.428348333333333
2010-01-04 08:00:00,1.4302825
2010-01-04 12:00:00,1.438683333333333
2010-01-04 16:00:00,1.4425375
2010-01-04 20:00:00,1.4415933333333335
2010-01-05 00:00:00,1.4416341666666665
2010-01-05 04:00:00,1.4421616666666668
2010-01-05 08:00:00,1.4450983333333334
2010-01-05 12:00:00,1.4425033333333332
2010-01-05 16:00:00,1.441349166666667
2010-01-05 20:00:00,1.4372691666666664
2010-01-06 00:00:00,1.4359566666666665
2010-01-06 04:00:00,1.4356641666666667
2010-01-06 08:00:00,1.4332325
2010-01-06 12:00:00,1.4361375
2010-01-06 16:00:00,1.437123333333333
2010-01-06 20:00:00,1.4403908333333333
2010-01-07 00:00:00,1.44087
2010-01-07 04:00:00,1.4408949999999998
2010-01-07 08:00:00,1.4378825000000002
2010-01-07 12:00:00,1.4343133333333333
2010-01-07 16:00:00,1.4322691666666667
2010-01-07 20:00:00,1.4318975000000003
2010-01-08 00:00:00,1.4311883333333335
2010-01-08 04:00:00,1.4312483333333332
2010-01-08 08:00:00,1.4312516666666668
2010-01-08 12:00:00,1.4305966666666667
2010-01-08 16:00:00,1.4349758333333333
2010-01-08 20:00:00,1.4407441666666667
2010-01-11 00:00:00,1.4437575
2010-01-11 04:00:00,1.4500608333333334
2010-01-11 08:00:00,1.4503941666666667
2010-01-11 12:00:00,1.4525875
2010-01-11 16:00:00,1.4528516666666667
2010-01-11 20:00:00,1.4523008333333332
2010-01-12 00:00:00,1.4507191666666666
2010-01-12 04:00:00,1.448195
2010-01-12 08:00:00,1.4497183333333334
2010-01-12 12:00:00,1.4489575000000001
2010-01-12 16:00:00,1.4507641666666666
2010-01-12 20:00:00,1.4497791666666668
2010-01-13 00:00:00,1.4482599999999999
2010-01-13 04:00:00,1.4477091666666666
2010-01-13 08:00:00,1.4488491666666667
2010-01-13 12:00:00,1.4526091666666667
2010-01-13 16:00:00,1.4533191666666667
2010-01-13 20:00:00,1.4505500000000002
2010-01-14 00:00:00,1.4514191666666667
2010-01-14 04:00:00,1.4536533333333335
2010-01-14 08:00:00,1.4536908333333332
2010-01-14 12:00:00,1.4500966666666666
2010-01-14 16:00:00,1.4483058333333334
2010-01-14 20:00:00,1.4499866666666668
2010-01-15 00:00:00,1.4495883333333333
2010-01-15 04:00:00,1.4430416666666668
2010-01-15 08:00:00,1.4417841666666666
2010-01-15 12:00:00,1.4392333333333331
2010-01-15 16:00:00,1.4375733333333334
2010-01-15 20:00:00,1.4370208333333332
2010-01-18 00:00:00,1.4360866666666667
2010-01-18 04:00:00,1.4357525
2010-01-18 08:00:00,1.4379716666666664
2010-01-18 12:00:00,1.4376633333333333
2010-01-18 16:00:00,1.4382958333333333
2010-01-18 20:00:00,1.4389891666666665
2010-01-19 00:00:00,1.4392408333333333
2010-01-19 04:00:00,1.4396166666666668
2010-01-19 08:00:00,1.4396558333333334
2010-01-19 12:00:00,1.4318066666666667
2010-01-19 16:00:00,1.4280316666666666
2010-01-19 20:00:00,1.4290516666666668
2010-01-20 00:00:00,1.4284575
2010-01-20 04:00:00,1.421498333333333
2010-01-20 08:00:00,1.4194166666666668
2010-01-20 12:00:00,1.416855
2010-01-20 16:00:00,1.4120791666666666
2010-01-20 20:00:00,1.410435
2010-01-21 00:00:00,1.410785
2010-01-21 04:00:00,1.4095975
2010-01-21 08:00:00,1.4094941666666667
2010-01-21 12:00:00,1.4057750000000002
2010-01-21 16:00:00,1.408185
2010-01-21 20:00:00,1.4104291666666666
2010-01-22 00:00:00,1.4090466666666668
2010-01-22 04:00:00,1.4124266666666667
2010-01-22 08:00:00,1.4133058333333335
2010-01-22 12:00:00,1.4135849999999999
2010-01-22 16:00:00,1.4124608333333333
2010-01-22 20:00:00,1.4147933333333333
2010-01-25 00:00:00,1.4147466666666666
2010-01-25 04:00:00,1.4158591666666667
2010-01-25 08:00:00,1.415515
2010-01-25 12:00:00,1.4166583333333334
2010-01-25 16:00:00,1.4147508333333334
2010-01-25 20:00:00,1.4150449999999999
2010-01-26 00:00:00,1.4152766666666667
2010-01-26 04:00:00,1.4135900000000001
2010-01-26 08:00:00,1.4087125
2010-01-26 12:00:00,1.4089741666666666
2010-01-26 16:00:00,1.4068791666666667
2010-01-26 20:00:00,1.4089774999999998
2010-01-27 00:00:00,1.4074316666666666
2010-01-27 04:00:00,1.4079225000000002
2010-01-27 08:00:00,1.405524166666667
2010-01-27 12:00:00,1.4066283333333334
2010-01-27 16:00:00,1.4048408333333335
2010-01-27 20:00:00,1.4031333333333333
2010-01-28 00:00:00,1.4022691666666667
2010-01-28 04:00:00,1.3998908333333335
2010-01-28 08:00:00,1.4023058333333334
2010-01-28 12:00:00,1.4013291666666667
2010-01-28 16:00:00,1.3977366666666666
2010-01-28 20:00:00,1.3973991666666667
2010-01-29 00:00:00,1.3957841666666666
2010-01-29 04:00:00,1.3940291666666669
2010-01-29 08:00:00,1.3948516666666668
2010-01-29 12:00:00,1.3965174999999999
2010-01-29 16:00:00,1.3916991666666667
2010-01-29 20:00:00,1.3874549999999999
2010-02-01 00:00:00,1.3867258333333334
2010-02-01 04:00:00,1.3867833333333333
2010-02-01 08:00:00,1.3885633333333334
2010-02-01 12:00:00,1.3904
2010-02-01 16:00:00,1.3911175
2010-02-01 20:00:00,1.3918300000000001
2010-02-02 00:00:00,1.3925908333333332
2010-02-02 04:00:00,1.3909158333333334
2010-02-02 08:00:00,1.3926525
2010-02-02 12:00:00,1.3940116666666666
2010-02-02 16:00:00,1.3944774999999998
2010-02-02 20:00:00,1.3964
2010-02-03 00:00:00,1.3966983333333336
2010-02-03 04:00:00,1.3959216666666667
2010-02-03 08:00:00,1.397635
2010-02-03 12:00:00,1.4004525
2010-02-03 16:00:00,1.3934841666666666
2010-02-03 20:00:00,1.39057
2010-02-04 00:00:00,1.3891366666666667
2010-02-04 04:00:00,1.3885775
2010-02-04 08:00:00,1.3870816666666668
2010-02-04 12:00:00,1.3842949999999998
2010-02-04 16:00:00,1.3796833333333334
2010-02-04 20:00:00,1.3752725
2010-02-05 00:00:00,1.3725766666666666
2010-02-05 04:00:00,1.3706441666666667
2010-02-05 08:00:00,1.3699341666666665
2010-02-05 12:00:00,1.3690608333333334
2010-02-05 16:00:00,1.3672875
2010-02-05 20:00:00,1.3623983333333334
2010-02-08 00:00:00,1.3655041666666667
2010-02-08 04:00:00,1.3639825
2010-02-08 08:00:00,1.3654175
2010-02-08 12:00:00,1.3682216666666664
2010-02-08 16:00:00,1.3680325
2010-02-08 20:00:00,1.3679508333333334
2010-02-09 00:00:00,1.3654375
2010-02-09 04:00:00,1.3675741666666665
2010-02-09 08:00:00,1.3716433333333333
2010-02-09 12:00:00,1.3727275
2010-02-09 16:00:00,1.3751725
2010-02-09 20:00:00,1.37836
2010-02-10 00:00:00,1.3790399999999998
2010-02-10 04:00:00,1.3768616666666667
2010-02-10 08:00:00,1.375925
2010-02-10 12:00:00,1.3777741666666667
2010-02-10 16:00:00,1.3724358333333333
2010-02-10 20:00:00,1.37367
2010-02-11 00:00:00,1.3744424999999998
2010-02-11 04:00:00,1.3781474999999999
2010-02-11 08:00:00,1.377805
2010-02-11 12:00:00,1.3742441666666667
2010-02-11 16:00:00,1.3655091666666668
2010-02-11 20:00:00,1.3677191666666668
2010-02-12 00:00:00,1.3682900000000002
2010-02-12 04:00:00,1.366965
2010-02-12 08:00:00,1.3656708333333334
2010-02-12 12:00:00,1.3564308333333333
2010-02-12 16:00:00,1.3603966666666667
2010-02-12 20:00:00,1.3616975
2010-02-15 00:00:00,1.362
2010-02-15 04:00:00,1.3613366666666669
2010-02-15 08:00:00,1.3598141666666665
2010-02-15 12:00:00,1.3616258333333333
2010-02-15 16:00:00,1.3599308333333333
2010-02-15 20:00:00,1.3600633333333334
2010-02-16 00:00:00,1.3598158333333334
2010-02-16 04:00:00,1.3625266666666667
2010-02-16 08:00:00,1.3653075000000001
2010-02-16 12:00:00,1.3648716666666665
2010-02-16 16:00:00,1.3683675
2010-02-16 20:00:00,1.3761666666666668
2010-02-17 00:00:00,1.3765241666666668
2010-02-17 04:00:00,1.3767208333333334
2010-02-17 08:00:00,1.376795
2010-02-17 12:00:00,1.3736933333333332
2010-02-17 16:00:00,1.3677175
2010-02-17 20:00:00,1.361205
2010-02-18 00:00:00,1.3596891666666666
2010-02-18 04:00:00,1.3569783333333334
2010-02-18 08:00:00,1.3568183333333335
2010-02-18 12:00:00,1.3572991666666667
2010-02-18 16:00:00,1.35974
2010-02-18 20:00:00,1.3602966666666667
2010-02-19 00:00:00,1.3499916666666665
2010-02-19 04:00:00,1.3483191666666667
2010-02-19 08:00:00,1.3474266666666668
2010-02-19 12:00:00,1.3501033333333334
2010-02-19 16:00:00,1.3515533333333334
2010-02-19 20:00:00,1.3582008333333335
2010-02-22 00:00:00,1.3618783333333333
2010-02-22 04:00:00,1.3643216666666664
2010-02-22 08:00:00,1.3622508333333334
2010-02-22 12:00:00,1.3605641666666666
2010-02-22 16:00:00,1.3602733333333332
2010-02-22 20:00:00,1.3596058333333332
2010-02-23 00:00:00,1.3600033333333332
2010-02-23 04:00:00,1.3609799999999999
2010-02-23 08:00:00,1.3650858333333333
2010-02-23 12:00:00,1.3603224999999999
2010-02-23 16:00:00,1.355855
2010-02-23 20:00:00,1.3518008333333333
2010-02-24 00:00:00,1.3513841666666668
2010-02-24 04:00:00,1.3539549999999998
2010-02-24 08:00:00,1.3535391666666667
2010-02-24 12:00:00,1.3545458333333333
2010-02-24 16:00:00,1.357125
2010-02-24 20:00:00,1.3540925000000001
2010-02-25 00:00:00,1.3535475
2010-02-25 04:00:00,1.348395
2010-02-25 08:00:00,1.3474766666666667
2010-02-25 12:00:00,1.3490833333333332
2010-02-25 16:00:00,1.3493733333333333
2010-02-25 20:00:00,1.3539658333333333
2010-02-26 00:00:00,1.3544983333333334
2010-02-26 04:00:00,1.3581333333333334
2010-02-26 08:00:00,1.3576016666666666
2010-02-26 12:00:00,1.359475
2010-02-26 16:00:00,1.3608408333333335
2010-02-26 20:00:00,1.3618133333333333
2010-03-01 00:00:00,1.3628533333333333
2010-03-01 04:00:00,1.3610683333333333
2010-03-01 08:00:00,1.3612683333333333
2010-03-01 12:00:00,1.3582
2010-03-01 16:00:00,1.3509708333333335
2010-03-01 20:00:00,1.3551116666666667
2010-03-02 00:00:00,1.3557691666666667
2010-03-02 04:00:00,1.3530708333333334
2010-03-02 08:00:00,1.3521208333333332
2010-03-02 12:00:00,1.3519308333333333
2010-03-02 16:00:00,1.355925
2010-03-02 20:00:00,1.3600341666666667
2010-03-03 00:00:00,1.3616308333333333
2010-03-03 04:00:00,1.3634175
2010-03-03 08:00:00,1.3627733333333332
2010-03-03 12:00:00,1.3634833333333332
2010-03-03 16:00:00,1.3670708333333335
2010-03-03 20:00:00,1.3711091666666664
2010-03-04 00:00:00,1.3696633333333335
2010-03-04 04:00:00,1.36924
2010-03-04 08:00:00,1.3660066666666666
2010-03-04 12:00:00,1.3669791666666666
2010-03-04 16:00:00,1.3627008333333335
2010-03-04 20:00:00,1.357505
2010-03-05 00:00:00,1.3581641666666666
2010-03-05 04:00:00,1.3589683333333333
2010-03-05 08:00:00,1.3587025000000001
2010-03-05 12:00:00,1.3588966666666664
2010-03-05 16:00:00,1.3582725
2010-03-05 20:00:00,1.3612800000000003
2010-03-08 00:00:00,1.36362
2010-03-08 04:00:00,1.3677316666666666
2010-03-08 08:00:00,1.3677899999999998
2010-03-08 12:00:00,1.3655358333333336
2010-03-08 16:00:00,1.3653791666666666
2010-03-08 20:00:00,1.3630575
2010-03-09 00:00:00,1.3624708333333333
2010-03-09 04:00:00,1.3619391666666667
2010-03-09 08:00:00,1.3609558333333331
2010-03-09 12:00:00,1.3572641666666667
2010-03-09 16:00:00,1.3569258333333334
2010-03-09 20:00:00,1.35967
2010-03-10 00:00:00,1.3600625000000002
2010-03-10 04:00:00,1.3597149999999998
2010-03-10 08:00:00,1.35788
2010-03-10 12:00:00,1.3595041666666667
2010-03-10 16:00:00,1.3633516666666665
2010-03-10 20:00:00,1.3646608333333332
2010-03-11 00:00:00,1.3648341666666668
2010-03-11 04:00:00,1.3637591666666664
2010-03-11 08:00:00,1.3639908333333335
2010-03-11 12:00:00,1.3655391666666667
2010-03-11 16:00:00,1.3656458333333334
2010-03-11 20:00:00,1.3671791666666666
2010-03-12 00:00:00,1.3680058333333331
2010-03-12 04:00:00,1.3683616666666667
2010-03-12 08:00:00,1.3701591666666666
2010-03-12 12:00:00,1.3766841666666667
2010-03-12 16:00:00,1.3753966666666666
2010-03-12 20:00:00,1.3757275
2010-03-15 00:00:00,1.3762966666666667
2010-03-15 04:00:00,1.3738608333333333
2010-03-15 08:00:00,1.3741033333333332
2010-03-15 12:00:00,1.3713891666666667
2010-03-15 16:00:00,1.3678133333333333
2010-03-15 20:00:00,1.3670541666666667
2010-03-16 00:00:00,1.3673116666666667
2010-03-16 04:00:00,1.36871
2010-03-16 08:00:00,1.3681041666666667
2010-03-16 12:00:00,1.3701341666666669
2010-03-16 16:00:00,1.3745533333333333
2010-03-16 20:00:00,1.3755158333333333
2010-03-17 00:00:00,1.3767775
2010-03-17 04:00:00,1.3774875
2010-03-17 08:00:00,1.3787833333333332
2010-03-17 12:00:00,1.3774975
2010-03-17 16:00:00,1.37493
2010-03-17 20:00:00,1.3752316666666666
2010-03-18 00:00:00,1.373285833333333
2010-03-18 04:00:00,1.3717941666666666
2010-03-18 08:00:00,1.3672058333333332
2010-03-18 12:00:00,1.3677966666666665
2010-03-18 16:00:00,1.3641683333333334
2010-03-18 20:00:00,1.3616641666666667
2010-03-19 00:00:00,1.360875
2010-03-19 04:00:00,1.3618933333333332
2010-03-19 08:00:00,1.3611008333333332
2010-03-19 12:00:00,1.35649
2010-03-19 16:00:00,1.3528816666666665
2010-03-19 20:00:00,1.3534841666666666
2010-03-22 00:00:00,1.3520166666666666
2010-03-22 04:00:00,1.3517316666666668
2010-03-22 08:00:00,1.3514591666666664
2010-03-22 12:00:00,1.3512691666666665
2010-03-22 16:00:00,1.351805
2010-03-22 20:00:00,1.3552316666666666
2010-03-23 00:00:00,1.3559275
2010-03-23 04:00:00,1.3553741666666668
2010-03-23 08:00:00,1.3523433333333332
2010-03-23 12:00:00,1.3505825
2010-03-23 16:00:00,1.3527416666666667
2010-03-23 20:00:00,1.3499008333333333
2010-03-24 00:00:00,1.3484325
2010-03-24 04:00:00,1.3459866666666667
2010-03-24 08:00:00,1.3417500000000002
2010-03-24 12:00:00,1.3360708333333333
2010-03-24 16:00:00,1.3351975
2010-03-24 20:00:00,1.3331808333333335
2010-03-25 00:00:00,1.3326158333333333
2010-03-25 04:00:00,1.3331383333333333
2010-03-25 08:00:00,1.3317675000000002
2010-03-25 12:00:00,1.3351325
2010-03-25 16:00:00,1.33457
2010-03-25 20:00:00,1.3291416666666667
2010-03-26 00:00:00,1.329005
2010-03-26 04:00:00,1.3325233333333335
2010-03-26 08:00:00,1.3348866666666663
2010-03-26 12:00:00,1.3379875
2010-03-26 16:00:00,1.3390250000000001
2010-03-26 20:00:00,1.3401116666666666
2010-03-29 00:00:00,1.3453941666666667
2010-03-29 04:00:00,1.3431433333333334
2010-03-29 08:00:00,1.3461208333333334
2010-03-29 12:00:00,1.34715
2010-03-29 16:00:00,1.3456299999999999
2010-03-29 20:00:00,1.3467225
2010-03-30 00:00:00,1.3479458333333332
2010-03-30 04:00:00,1.3482025
2010-03-30 08:00:00,1.3505900000000002
2010-03-30 12:00:00,1.3476158333333332
2010-03-30 16:00:00,1.3428008333333334
2010-03-30 20:00:00,1.3414050000000002
2010-03-31 00:00:00,1.3421533333333335
2010-03-31 04:00:00,1.3402883333333333
2010-03-31 08:00:00,1.342325
2010-03-31 12:00:00,1.3477091666666667
2010-03-31 16:00:00,1.3522908333333334
2010-03-31 20:00:00,1.3516708333333336
2010-04-01 00:00:00,1.3517966666666668
2010-04-01 04:00:00,1.3505708333333333
2010-04-01 08:00:00,1.3498991666666669
2010-04-01 12:00:00,1.3491274999999998
2010-04-01 16:00:00,1.3540891666666668
2010-04-01 20:00:00,1.3576174999999997
2010-04-02 00:00:00,1.3581316666666667
2010-04-02 04:00:00,1.3569633333333333
2010-04-02 08:00:00,1.3560366666666666
2010-04-02 12:00:00,1.3545083333333334
2010-04-02 16:00:00,1.3488574999999998
2010-04-02 20:00:00,1.34875
2010-04-05 00:00:00,1.3499133333333333
2010-04-05 04:00:00,1.3522049999999999
2010-04-05 08:00:00,1.3486099999999999
2010-04-05 12:00:00,1.3474966666666663
2010-04-05 16:00:00,1.3502258333333332
2010-04-05 20:00:00,1.3483524999999998
2010-04-06 00:00:00,1.34741
2010-04-06 04:00:00,1.3428691666666668
2010-04-06 08:00:00,1.34211
2010-04-06 12:00:00,1.3401158333333334
2010-04-06 16:00:00,1.3373741666666668
2010-04-06 20:00:00,1.3389375
2010-04-07 00:00:00,1.3390024999999999
2010-04-07 04:00:00,1.3383900000000002
2010-04-07 08:00:00,1.3376691666666667
2010-04-07 12:00:00,1.3358941666666668
2010-04-07 16:00:00,1.3353875000000002
2010-04-07 20:00:00,1.3360533333333333
2010-04-08 00:00:00,1.3337633333333332
2010-04-08 04:00:00,1.3326224999999998
2010-04-08 08:00:00,1.3312758333333334
2010-04-08 12:00:00,1.3308366666666664
2010-04-08 16:00:00,1.3345608333333334
2010-04-08 20:00:00,1.3350475
2010-04-09 00:00:00,1.3363033333333334
2010-04-09 04:00:00,1.335755
2010-04-09 08:00:00,1.3383891666666665
2010-04-09 12:00:00,1.3394508333333335
2010-04-09 16:00:00,1.3449075
2010-04-09 20:00:00,1.3473899999999999
2010-04-12 00:00:00,1.3638416666666668
2010-04-12 04:00:00,1.3650808333333333
2010-04-12 08:00:00,1.36368
2010-04-12 12:00:00,1.3590408333333335
2010-04-12 16:00:00,1.3593333333333333
2010-04-12 20:00:00,1.3584383333333334
2010-04-13 00:00:00,1.3586708333333335
2010-04-13 04:00:00,1.3581458333333332
2010-04-13 08:00:00,1.3593583333333332
2010-04-13 12:00:00,1.3590833333333334
2010-04-13 16:00:00,1.3576841666666666
2010-04-13 20:00:00,1.3592925
2010-04-14 00:00:00,1.3616675000000003
2010-04-14 04:00:00,1.3653733333333333
2010-04-14 08:00:00,1.3640833333333335
2010-04-14 12:00:00,1.3623316666666667
2010-04-14 16:00:00,1.3641675
2010-04-14 20:00:00,1.3656533333333334
2010-04-15 00:00:00,1.3654841666666666
2010-04-15 04:00:00,1.364710833333333
2010-04-15 08:00:00,1.3612216666666666
2010-04-15 12:00:00,1.3542858333333334
2010-04-15 16:00:00,1.3555975
2010-04-15 20:00:00,1.3570099999999998
2010-04-16 00:00:00,1.3566075
2010-04-16 04:00:00,1.3543416666666666
2010-04-16 08:00:00,1.3536791666666668
2010-04-16 12:00:00,1.3534508333333333
2010-04-16 16:00:00,1.3502925000000001
2010-04-16 20:00:00,1.3499008333333333
2010-04-19 00:00:00,1.3479341666666664
2010-04-19 04:00:00,1.3462708333333335
2010-04-19 08:00:00,1.3455991666666667
2010-04-19 12:00:00,1.3432083333333331
2010-04-19 16:00:00,1.3457733333333333
2010-04-19 20:00:00,1.3477366666666668
2010-04-20 00:00:00,1.3489
2010-04-20 04:00:00,1.3478983333333332
2010-04-20 08:00:00,1.3471241666666667
2010-04-20 12:00:00,1.3497891666666666
2010-04-20 16:00:00,1.3455158333333332
2010-04-20 20:00:00,1.3438458333333332
2010-04-21 00:00:00,1.3429083333333331
2010-04-21 04:00:00,1.3416691666666667
2010-04-21 08:00:00,1.3431541666666666
2010-04-21 12:00:00,1.3398974999999997
2010-04-21 16:00:00,1.3393325
2010-04-21 20:00:00,1.3397066666666666
2010-04-22 00:00:00,1.3388808333333333
2010-04-22 04:00:00,1.3385408333333335
2010-04-22 08:00:00,1.3405224999999998
2010-04-22 12:00:00,1.3346775000000002
2010-04-22 16:00:00,1.32986
2010-04-22 20:00:00,1.3310633333333333
2010-04-23 00:00:00,1.325475
2010-04-23 04:00:00,1.3224816666666668
2010-04-23 08:00:00,1.3257616666666665
2010-04-23 12:00:00,1.3309483333333332
2010-04-23 16:00:00,1.334279166666667
2010-04-23 20:00:00,1.3378341666666667
2010-04-26 00:00:00,1.3360349999999999
2010-04-26 04:00:00,1.33746
2010-04-26 08:00:00,1.3361741666666667
2010-04-26 12:00:00,1.3322058333333333
2010-04-26 16:00:00,1.3326908333333334
2010-04-26 20:00:00,1.3351266666666666
2010-04-27 00:00:00,1.3393966666666668
2010-04-27 04:00:00,1.3376616666666665
2010-04-27 08:00:00,1.3364358333333333
2010-04-27 12:00:00,1.3308466666666665
2010-04-27 16:00:00,1.32771
2010-04-27 20:00:00,1.32078
2010-04-28 00:00:00,1.3170008333333334
2010-04-28 04:00:00,1.3200641666666666
2010-04-28 08:00:00,1.3184225
2010-04-28 12:00:00,1.32032
2010-04-28 16:00:00,1.3178883333333333
2010-04-28 20:00:00,1.318635
2010-04-29 00:00:00,1.3200416666666666
2010-04-29 04:00:00,1.3208075
2010-04-29 08:00:00,1.3220233333333333
2010-04-29 12:00:00,1.3253466666666667
2010-04-29 16:00:00,1.32379
2010-04-29 20:00:00,1.3241741666666667
2010-04-30 00:00:00,1.3247025000000001
2010-04-30 04:00:00,1.3241233333333333
2010-04-30 08:00:00,1.3278725
2010-04-30 12:00:00,1.3318458333333334
2010-04-30 16:00:00,1.3298116666666666
2010-04-30 20:00:00,1.3298683333333332
2010-05-03 00:00:00,1.331235
2010-05-03 04:00:00,1.322525
2010-05-03 08:00:00,1.3232983333333332
2010-05-03 12:00:00,1.3234908333333335
2010-05-03 16:00:00,1.3196741666666667
2010-05-03 20:00:00,1.3197633333333334
2010-05-04 00:00:00,1.3195825
2010-05-04 04:00:00,1.3203325000000001
2010-05-04 08:00:00,1.3168116666666667
2010-05-04 12:00:00,1.3109591666666667
2010-05-04 16:00:00,1.3041608333333334
2010-05-04 20:00:00,1.3006358333333332
2010-05-05 00:00:00,1.2970625
2010-05-05 04:00:00,1.2955141666666667
2010-05-05 08:00:00,1.2966991666666665
2010-05-05 12:00:00,1.293625
2010-05-05 16:00:00,1.2865091666666666
2010-05-05 20:00:00,1.2834558333333332
2010-05-06 00:00:00,1.2818766666666666
2010-05-06 04:00:00,1.2838699999999998
2010-05-06 08:00:00,1.27953
2010-05-06 12:00:00,1.2758941666666666
2010-05-06 16:00:00,1.271525
2010-05-06 20:00:00,1.2629108333333334
2010-05-07 00:00:00,1.2632333333333332
2010-05-07 04:00:00,1.2682791666666668
2010-05-07 08:00:00,1.2697175
2010-05-07 12:00:00,1.27428
2010-05-07 16:00:00,1.2690933333333334
2010-05-07 20:00:00,1.2729883333333334
2010-05-10 00:00:00,1.2882566666666666
2010-05-10 04:00:00,1.2912375
2010-05-10 08:00:00,1.2988208333333333
2010-05-10 12:00:00,1.2988491666666666
2010-05-10 16:00:00,1.2858066666666668
2010-05-10 20:00:00,1.2789941666666667
2010-05-11 00:00:00,1.2769225
2010-05-11 04:00:00,1.2759541666666667
2010-05-11 08:00:00,1.2717641666666668
2010-05-11 12:00:00,1.2689116666666667
2010-05-11 16:00:00,1.2717408333333333
2010-05-11 20:00:00,1.2700308333333332
2010-05-12 00:00:00,1.2636291666666666
2010-05-12 04:00:00,1.2634075
2010-05-12 08:00:00,1.2658883333333333
2010-05-12 12:00:00,1.2682833333333334
2010-05-12 16:00:00,1.2667908333333333
2010-05-12 20:00:00,1.262635
2010-05-13 00:00:00,1.2634525
2010-05-13 04:00:00,1.2649675
2010-05-13 08:00:00,1.2647750000000002
2010-05-13 12:00:00,1.2584466666666667
2010-05-13 16:00:00,1.2565416666666667
2010-05-13 20:00:00,1.2555941666666666
2010-05-14 00:00:00,1.2530625
2010-05-14 04:00:00,1.25359
2010-05-14 08:00:00,1.2532066666666666
2010-05-14 12:00:00,1.2474641666666666
2010-05-14 16:00:00,1.2425341666666667
2010-05-14 20:00:00,1.23844
2010-05-17 00:00:00,1.2355833333333333
2010-05-17 04:00:00,1.2295500000000001
2010-05-17 08:00:00,1.2283325
2010-05-17 12:00:00,1.2325266666666668
2010-05-17 16:00:00,1.2336991666666668
2010-05-17 20:00:00,1.2373008333333333
2010-05-18 00:00:00,1.2381125000000002
2010-05-18 04:00:00,1.23365
2010-05-18 08:00:00,1.2377925
2010-05-18 12:00:00,1.2411925000000001
2010-05-18 16:00:00,1.2377475
2010-05-18 20:00:00,1.2229875
2010-05-19 00:00:00,1.2170275
2010-05-19 04:00:00,1.219135
2010-05-19 08:00:00,1.2190858333333332
2010-05-19 12:00:00,1.22119
2010-05-19 16:00:00,1.2317433333333332
2010-05-19 20:00:00,1.2383375
2010-05-20 00:00:00,1.2392008333333333
2010-05-20 04:00:00,1.2349583333333332
2010-05-20 08:00:00,1.2385183333333334
2010-05-20 12:00:00,1.2350091666666665
2010-05-20 16:00:00,1.2350341666666664
2010-05-20 20:00:00,1.2504841666666666
2010-05-21 00:00:00,1.2496983333333334
2010-05-21 04:00:00,1.2585658333333334
2010-05-21 08:00:00,1.2550641666666666
2010-05-21 12:00:00,1.2527275
2010-05-21 16:00:00,1.2559841666666667
2010-05-21 20:00:00,1.2575625
2010-05-24 00:00:00,1.2529683333333332
2010-05-24 04:00:00,1.2505225
2010-05-24 08:00:00,1.2480741666666666
2010-05-24 12:00:00,1.2388541666666666
2010-05-24 16:00:00,1.2385183333333334
2010-05-24 20:00:00,1.239005
2010-05-25 00:00:00,1.2337741666666666
2010-05-25 04:00:00,1.2302408333333332
2010-05-25 08:00:00,1.2257458333333333
2010-05-25 12:00:00,1.2202116666666667
2010-05-25 16:00:00,1.2253033333333332
2010-05-25 20:00:00,1.2312141666666667
2010-05-26 00:00:00,1.2343966666666666
2010-05-26 04:00:00,1.2293975
2010-05-26 08:00:00,1.2293108333333334
2010-05-26 12:00:00,1.2306383333333333
2010-05-26 16:00:00,1.2237216666666666
2010-05-26 20:00:00,1.2202625
2010-05-27 00:00:00,1.2176641666666665
2010-05-27 04:00:00,1.2222616666666666
2010-05-27 08:00:00,1.22844
2010-05-27 12:00:00,1.2275041666666666
2010-05-27 16:00:00,1.2290666666666668
2010-05-27 20:00:00,1.2365941666666667
2010-05-28 00:00:00,1.2351174999999999
2010-05-28 04:00:00,1.2302941666666665
2010-05-28 08:00:00,1.2353775
2010-05-28 12:00:00,1.2402675
2010-05-28 16:00:00,1.2344391666666668
2010-05-28 20:00:00,1.2285249999999999
2010-05-31 00:00:00,1.2283733333333333
2010-05-31 04:00:00,1.231625
2010-05-31 08:00:00,1.2303333333333333
2010-05-31 12:00:00,1.2301375
2010-05-31 16:00:00,1.2289083333333335
2010-05-31 20:00:00,1.2301916666666668
2010-06-01 00:00:00,1.2283683333333335
2010-06-01 04:00:00,1.2260433333333332
2010-06-01 08:00:00,1.2222558333333333
2010-06-01 12:00:00,1.2148066666666666
2010-06-01 16:00:00,1.2260008333333334
2010-06-01 20:00:00,1.2258025
2010-06-02 00:00:00,1.2230708333333333
2010-06-02 04:00:00,1.2228741666666667
2010-06-02 08:00:00,1.2217825
2010-06-02 12:00:00,1.2225025
2010-06-02 16:00:00,1.2210658333333333
2010-06-02 20:00:00,1.2237858333333334
2010-06-03 00:00:00,1.2250741666666667
2010-06-03 04:00:00,1.2290566666666667
2010-06-03 08:00:00,1.2302666666666666
2010-06-03 12:00:00,1.2265066666666666
2010-06-03 16:00:00,1.2209183333333333
2010-06-03 20:00:00,1.2168416666666666
2010-06-04 00:00:00,1.2167766666666666
2010-06-04 04:00:00,1.2177025000000001
2010-06-04 08:00:00,1.2186133333333333
2010-06-04 12:00:00,1.2125058333333334
2010-06-04 16:00:00,1.2027566666666667
2010-06-04 20:00:00,1.1979825
2010-06-07 00:00:00,1.1932491666666665
2010-06-07 04:00:00,1.1901258333333333
2010-06-07 08:00:00,1.193125
2010-06-07 12:00:00,1.19646
2010-06-07 16:00:00,1.19482
2010-06-07 20:00:00,1.1931775
2010-06-08 00:00:00,1.1924933333333334
2010-06-08 04:00:00,1.1960475000000002
2010-06-08 08:00:00,1.19565
2010-06-08 12:00:00,1.19258
2010-06-08 16:00:00,1.1956533333333335
2010-06-08 20:00:00,1.1945241666666666
2010-06-09 00:00:00,1.1960458333333333
2010-06-09 04:00:00,1.1947108333333334
2010-06-09 08:00:00,1.1950583333333333
2010-06-09 12:00:00,1.1982441666666668
2010-06-09 16:00:00,1.20412
2010-06-09 20:00:00,1.1995075
2010-06-10 00:00:00,1.1980966666666668
2010-06-10 04:00:00,1.200245
2010-06-10 08:00:00,1.2041925
2010-06-10 12:00:00,1.2054033333333332
2010-06-10 16:00:00,1.2103991666666667
2010-06-10 20:00:00,1.2113275000000001
2010-06-11 00:00:00,1.2116191666666667
2010-06-11 04:00:00,1.2105016666666666
2010-06-11 08:00:00,1.2110400000000001
2010-06-11 12:00:00,1.212335
2010-06-11 16:00:00,1.2087183333333336
2010-06-11 20:00:00,1.2081441666666668
2010-06-14 00:00:00,1.21569
2010-06-14 04:00:00,1.2176675000000001
2010-06-14 08:00:00,1.2186691666666665
2010-06-14 12:00:00,1.224455
2010-06-14 16:00:00,1.2264049999999997
2010-06-14 20:00:00,1.2232541666666668
2010-06-15 00:00:00,1.2216375
2010-06-15 04:00:00,1.2212383333333334
2010-06-15 08:00:00,1.2195725
2010-06-15 12:00:00,1.22501
2010-06-15 16:00:00,1.2307833333333333
2010-06-15 20:00:00,1.2336783333333332
2010-06-16 00:00:00,1.23187
2010-06-16 04:00:00,1.2318725000000001
2010-06-16 08:00:00,1.2315241666666665
2010-06-16 12:00:00,1.2286325
2010-06-16 16:00:00,1.2313816666666666
2010-06-16 20:00:00,1.2309591666666666
2010-06-17 00:00:00,1.2299233333333335
2010-06-17 04:00:00,1.2271
2010-06-17 08:00:00,1.2279808333333333
2010-06-17 12:00:00,1.2373166666666666
2010-06-17 16:00:00,1.236934166666667
2010-06-17 20:00:00,1.2381566666666668
2010-06-18 00:00:00,1.2382858333333333
2010-06-18 04:00:00,1.2394308333333333
2010-06-18 08:00:00,1.23921
2010-06-18 12:00:00,1.2374083333333332
2010-06-18 16:00:00,1.2368558333333333
2010-06-18 20:00:00,1.2367425
2010-06-21 00:00:00,1.2421375000000001
2010-06-21 04:00:00,1.2415975000000001
2010-06-21 08:00:00,1.2437758333333333
2010-06-21 12:00:00,1.2390241666666666
2010-06-21 16:00:00,1.2375641666666666
2010-06-21 20:00:00,1.2321166666666667
2010-06-22 00:00:00,1.2319125
2010-06-22 04:00:00,1.2306266666666665
2010-06-22 08:00:00,1.2307675000000002
2010-06-22 12:00:00,1.227395
2010-06-22 16:00:00,1.2292383333333332
2010-06-22 20:00:00,1.2281
2010-06-23 00:00:00,1.2264775
2010-06-23 04:00:00,1.2264883333333332
2010-06-23 08:00:00,1.2277824999999998
2010-06-23 12:00:00,1.2278758333333335
2010-06-23 16:00:00,1.2236791666666667
2010-06-23 20:00:00,1.2301183333333332
2010-06-24 00:00:00,1.2314166666666666
2010-06-24 04:00:00,1.2338358333333332
2010-06-24 08:00:00,1.2308108333333334
2010-06-24 12:00:00,1.2283391666666668
2010-06-24 16:00:00,1.2332741666666667
2010-06-24 20:00:00,1.2338541666666667
2010-06-25 00:00:00,1.2327808333333332
2010-06-25 04:00:00,1.2320691666666668
2010-06-25 08:00:00,1.2324316666666668
2010-06-25 12:00:00,1.22862
2010-06-25 16:00:00,1.231325
2010-06-25 20:00:00,1.2378566666666666
2010-06-28 00:00:00,1.2379825
2010-06-28 04:00:00,1.2381691666666665
2010-06-28 08:00:00,1.236725
2010-06-28 12:00:00,1.2347291666666669
2010-06-28 16:00:00,1.2319533333333332
2010-06-28 20:00:00,1.2279991666666668
2010-06-29 00:00:00,1.2279266666666666
2010-06-29 04:00:00,1.2273433333333335
2010-06-29 08:00:00,1.223074166666667
2010-06-29 12:00:00,1.2196658333333334
2010-06-29 16:00:00,1.2185308333333333
2010-06-29 20:00:00,1.2197941666666665
2010-06-30 00:00:00,1.2183575
2010-06-30 04:00:00,1.2208066666666668
2010-06-30 08:00:00,1.2221233333333332
2010-06-30 12:00:00,1.2268916666666667
2010-06-30 16:00:00,1.226485
2010-06-30 20:00:00,1.2244833333333331
2010-07-01 00:00:00,1.2227016666666666
2010-07-01 04:00:00,1.22098
2010-07-01 08:00:00,1.2237733333333334
2010-07-01 12:00:00,1.2329041666666667
2010-07-01 16:00:00,1.2441583333333333
2010-07-01 20:00:00,1.2494791666666667
2010-07-02 00:00:00,1.2513283333333334
2010-07-02 04:00:00,1.2514983333333334
2010-07-02 08:00:00,1.2498416666666667
2010-07-02 12:00:00,1.253085
2010-07-02 16:00:00,1.2578858333333334
2010-07-02 20:00:00,1.2547283333333334
2010-07-05 00:00:00,1.2548525
2010-07-05 04:00:00,1.2537241666666668
2010-07-05 08:00:00,1.2539275
2010-07-05 12:00:00,1.2527833333333334
2010-07-05 16:00:00,1.2525400000000002
2010-07-05 20:00:00,1.2538016666666667
2010-07-06 00:00:00,1.2521241666666667
2010-07-06 04:00:00,1.2521333333333333
2010-07-06 08:00:00,1.2571475
2010-07-06 12:00:00,1.258345
2010-07-06 16:00:00,1.2623449999999998
2010-07-06 20:00:00,1.262425
2010-07-07 00:00:00,1.261825
2010-07-07 04:00:00,1.2598541666666665
2010-07-07 08:00:00,1.2581841666666667
2010-07-07 12:00:00,1.2579083333333334
2010-07-07 16:00:00,1.2606658333333334
2010-07-07 20:00:00,1.2642666666666669
2010-07-08 00:00:00,1.2634083333333335
2010-07-08 04:00:00,1.2660208333333334
2010-07-08 08:00:00,1.2651075
2010-07-08 12:00:00,1.2660016666666667
2010-07-08 16:00:00,1.2671999999999999
2010-07-08 20:00:00,1.2681875
2010-07-09 00:00:00,1.2689891666666666
2010-07-09 04:00:00,1.2686283333333335
2010-07-09 08:00:00,1.2693591666666668
2010-07-09 12:00:00,1.2658283333333333
2010-07-09 16:00:00,1.263465833333333
2010-07-09 20:00:00,1.2640616666666666
2010-07-12 00:00:00,1.263425
2010-07-12 04:00:00,1.25975
2010-07-12 08:00:00,1.2584808333333333
2010-07-12 12:00:00,1.2570233333333332
2010-07-12 16:00:00,1.2576808333333334
2010-07-12 20:00:00,1.2592416666666666
2010-07-13 00:00:00,1.2595908333333332
2010-07-13 04:00:00,1.2595733333333332
2010-07-13 08:00:00,1.2558225
2010-07-13 12:00:00,1.2581849999999999
2010-07-13 16:00:00,1.2680233333333333
2010-07-13 20:00:00,1.2711191666666668
2010-07-14 00:00:00,1.2718916666666666
2010-07-14 04:00:00,1.2716666666666665
2010-07-14 08:00:00,1.2712166666666667
2010-07-14 12:00:00,1.2710566666666667
2010-07-14 16:00:00,1.2732933333333334
2010-07-14 20:00:00,1.2741791666666664
2010-07-15 00:00:00,1.2733883333333333
2010-07-15 04:00:00,1.2740083333333332
2010-07-15 08:00:00,1.2745783333333334
2010-07-15 12:00:00,1.2815566666666667
2010-07-15 16:00:00,1.2883625
2010-07-15 20:00:00,1.2913908333333335
2010-07-16 00:00:00,1.2924508333333333
2010-07-16 04:00:00,1.291475
2010-07-16 08:00:00,1.2920125000000002
2010-07-16 12:00:00,1.297385
2010-07-16 16:00:00,1.2940416666666668
2010-07-16 20:00:00,1.2931533333333334
2010-07-19 00:00:00,1.2897541666666668
2010-07-19 04:00:00,1.290515
2010-07-19 08:00:00,1.2927533333333334
2010-07-19 12:00:00,1.2955283333333334
2010-07-19 16:00:00,1.2961825
2010-07-19 20:00:00,1.2948983333333333
2010-07-20 00:00:00,1.293975
2010-07-20 04:00:00,1.2959925
2010-07-20 08:00:00,1.298885
2010-07-20 12:00:00,1.2900025
2010-07-20 16:00:00,1.2890508333333333
2010-07-20 20:00:00,1.2894999999999999
2010-07-21 00:00:00,1.2892216666666667
2010-07-21 04:00:00,1.2889599999999999
2010-07-21 08:00:00,1.2880025
2010-07-21 12:00:00,1.2817458333333334
2010-07-21 16:00:00,1.2811716666666666
2010-07-21 20:00:00,1.2773866666666667
2010-07-22 00:00:00,1.2757216666666666
2010-07-22 04:00:00,1.2768933333333332
2010-07-22 08:00:00,1.2791675
2010-07-22 12:00:00,1.2852975
2010-07-22 16:00:00,1.289645
2010-07-22 20:00:00,1.2893466666666666
2010-07-23 00:00:00,1.2898258333333334
2010-07-23 04:00:00,1.2890866666666667
2010-07-23 08:00:00,1.2893016666666666
2010-07-23 12:00:00,1.2920783333333334
2010-07-23 16:00:00,1.2839949999999998
2010-07-23 20:00:00,1.2902008333333335
2010-07-26 00:00:00,1.290275
2010-07-26 04:00:00,1.2929175000000002
2010-07-26 08:00:00,1.2921799999999999
2010-07-26 12:00:00,1.2916850000000002
2010-07-26 16:00:00,1.2958158333333334
2010-07-26 20:00:00,1.29925
2010-07-27 00:00:00,1.2987658333333334
2010-07-27 04:00:00,1.3004708333333335
2010-07-27 08:00:00,1.2999625
2010-07-27 12:00:00,1.3005833333333334
2010-07-27 16:00:00,1.2985375000000001
2010-07-27 20:00:00,1.2990408333333332
2010-07-28 00:00:00,1.29897
2010-07-28 04:00:00,1.2988733333333333
2010-07-28 08:00:00,1.3008425
2010-07-28 12:00:00,1.2998183333333333
2010-07-28 16:00:00,1.3004041666666666
2010-07-28 20:00:00,1.298795
2010-07-29 00:00:00,1.2992183333333334
2010-07-29 04:00:00,1.2999774999999998
2010-07-29 08:00:00,1.3031074999999999
2010-07-29 12:00:00,1.3077608333333335
2010-07-29 16:00:00,1.3079608333333335
2010-07-29 20:00:00,1.3081658333333333
2010-07-30 00:00:00,1.3069766666666667
2010-07-30 04:00:00,1.3060908333333334
2010-07-30 08:00:00,1.3063666666666665
2010-07-30 12:00:00,1.3015341666666667
2010-07-30 16:00:00,1.3037841666666667
2010-07-30 20:00:00,1.3046075000000001
2010-08-02 00:00:00,1.3061608333333334
2010-08-02 04:00:00,1.307865
2010-08-02 08:00:00,1.3072283333333334
2010-08-02 12:00:00,1.3076291666666666
2010-08-02 16:00:00,1.31618
2010-08-02 20:00:00,1.3173333333333335
2010-08-03 00:00:00,1.317425
2010-08-03 04:00:00,1.3167791666666666
2010-08-03 08:00:00,1.3190891666666666
2010-08-03 12:00:00,1.3238633333333332
2010-08-03 16:00:00,1.3220325
2010-08-03 20:00:00,1.3227825
2010-08-04 00:00:00,1.3223541666666667
2010-08-04 04:00:00,1.3221766666666666
2010-08-04 08:00:00,1.3207925
2010-08-04 12:00:00,1.3211525
2010-08-04 16:00:00,1.3171525
2010-08-04 20:00:00,1.3157658333333333
2010-08-05 00:00:00,1.3158966666666667
2010-08-05 04:00:00,1.3152358333333334
2010-08-05 08:00:00,1.3149208333333333
2010-08-05 12:00:00,1.3205516666666668
2010-08-05 16:00:00,1.3160983333333336
2010-08-05 20:00:00,1.3181033333333334
2010-08-06 00:00:00,1.3181508333333334
2010-08-06 04:00:00,1.3184066666666667
2010-08-06 08:00:00,1.3191266666666666
2010-08-06 12:00:00,1.3190291666666667
2010-08-06 16:00:00,1.3290266666666666
2010-08-06 20:00:00,1.328055
2010-08-09 00:00:00,1.3285383333333334
2010-08-09 04:00:00,1.3280391666666667
2010-08-09 08:00:00,1.32876
2010-08-09 12:00:00,1.3263
2010-08-09 16:00:00,1.3239299999999998
2010-08-09 20:00:00,1.3227241666666667
2010-08-10 00:00:00,1.3217816666666666
2010-08-10 04:00:00,1.3162058333333333
2010-08-10 08:00:00,1.3164883333333333
2010-08-10 12:00:00,1.3151516666666665
2010-08-10 16:00:00,1.3099141666666667
2010-08-10 20:00:00,1.3161158333333334
2010-08-11 00:00:00,1.3159683333333332
2010-08-11 04:00:00,1.3115
2010-08-11 08:00:00,1.3069775000000001
2010-08-11 12:00:00,1.3014825
2010-08-11 16:00:00,1.2918475
2010-08-11 20:00:00,1.2875833333333335
2010-08-12 00:00:00,1.2851124999999999
2010-08-12 04:00:00,1.2876750000000001
2010-08-12 08:00:00,1.2899383333333334
2010-08-12 12:00:00,1.2815608333333333
2010-08-12 16:00:00,1.2845475
2010-08-12 20:00:00,1.2828775
2010-08-13 00:00:00,1.2832616666666667
2010-08-13 04:00:00,1.2851091666666665
2010-08-13 08:00:00,1.2869700000000002
2010-08-13 12:00:00,1.2812933333333334
2010-08-13 16:00:00,1.2786233333333334
2010-08-13 20:00:00,1.27609
2010-08-16 00:00:00,1.2759983333333333
2010-08-16 04:00:00,1.27753
2010-08-16 08:00:00,1.2801733333333334
2010-08-16 12:00:00,1.2815758333333331
2010-08-16 16:00:00,1.2837466666666666
2010-08-16 20:00:00,1.2820833333333332
2010-08-17 00:00:00,1.2818308333333335
2010-08-17 04:00:00,1.2840708333333335
2010-08-17 08:00:00,1.2858608333333332
2010-08-17 12:00:00,1.2873058333333334
2010-08-17 16:00:00,1.2877391666666667
2010-08-17 20:00:00,1.2883575
2010-08-18 00:00:00,1.2871916666666667
2010-08-18 04:00:00,1.2846233333333332
2010-08-18 08:00:00,1.284595
2010-08-18 12:00:00,1.2890375
2010-08-18 16:00:00,1.287205
2010-08-18 20:00:00,1.286505
2010-08-19 00:00:00,1.2830366666666668
2010-08-19 04:00:00,1.2803399999999998
2010-08-19 08:00:00,1.2803258333333334
2010-08-19 12:00:00,1.2841508333333334
2010-08-19 16:00:00,1.2854633333333332
2010-08-19 20:00:00,1.2819708333333333
2010-08-20 00:00:00,1.2809683333333335
2010-08-20 04:00:00,1.2807583333333332
2010-08-20 08:00:00,1.280345
2010-08-20 12:00:00,1.270905
2010-08-20 16:00:00,1.268775
2010-08-20 20:00:00,1.2708283333333332
2010-08-23 00:00:00,1.2702458333333335
2010-08-23 04:00:00,1.2714475
2010-08-23 08:00:00,1.2709183333333334
2010-08-23 12:00:00,1.2706483333333334
2010-08-23 16:00:00,1.2678316666666667
2010-08-23 20:00:00,1.2668766666666667
2010-08-24 00:00:00,1.2640225
2010-08-24 04:00:00,1.2635716666666668
2010-08-24 08:00:00,1.26347
2010-08-24 12:00:00,1.2612008333333333
2010-08-24 16:00:00,1.2662241666666667
2010-08-24 20:00:00,1.2668208333333333
2010-08-25 00:00:00,1.2636141666666667
2010-08-25 04:00:00,1.2656649999999998
2010-08-25 08:00:00,1.2666675
2010-08-25 12:00:00,1.2644208333333333
2010-08-25 16:00:00,1.2650474999999999
2010-08-25 20:00:00,1.2655349999999999
2010-08-26 00:00:00,1.2663525
2010-08-26 04:00:00,1.2693608333333333
2010-08-26 08:00:00,1.27129
2010-08-26 12:00:00,1.2697491666666667
2010-08-26 16:00:00,1.2718141666666667
2010-08-26 20:00:00,1.2713075
2010-08-27 00:00:00,1.2707833333333334
2010-08-27 04:00:00,1.2713808333333332
2010-08-27 08:00:00,1.2717583333333333
2010-08-27 12:00:00,1.271725
2010-08-27 16:00:00,1.2734775
2010-08-27 20:00:00,1.2737574999999999
2010-08-30 00:00:00,1.2752275
2010-08-30 04:00:00,1.27438
2010-08-30 08:00:00,1.2730075
2010-08-30 12:00:00,1.2708508333333333
2010-08-30 16:00:00,1.2687733333333333
2010-08-30 20:00:00,1.2666433333333333
2010-08-31 00:00:00,1.2659908333333334
2010-08-31 04:00:00,1.2652424999999998
2010-08-31 08:00:00,1.2652591666666666
2010-08-31 12:00:00,1.2689633333333332
2010-08-31 16:00:00,1.27089
2010-08-31 20:00:00,1.2679966666666667
2010-09-01 00:00:00,1.2680425
2010-09-01 04:00:00,1.2691058333333334
2010-09-01 08:00:00,1.2723516666666665
2010-09-01 12:00:00,1.2802433333333334
2010-09-01 16:00:00,1.2819325
2010-09-01 20:00:00,1.2802533333333332
2010-09-02 00:00:00,1.28026
2010-09-02 04:00:00,1.2793841666666668
2010-09-02 08:00:00,1.2801375
2010-09-02 12:00:00,1.2824958333333334
2010-09-02 16:00:00,1.2817616666666667
2010-09-02 20:00:00,1.2816308333333335
2010-09-03 00:00:00,1.2820749999999999
2010-09-03 04:00:00,1.2822975
2010-09-03 08:00:00,1.2824308333333334
2010-09-03 12:00:00,1.284055
2010-09-03 16:00:00,1.2870650000000001
2010-09-03 20:00:00,1.288645
2010-09-06 00:00:00,1.2886583333333332
2010-09-06 04:00:00,1.28908
2010-09-06 08:00:00,1.2901375000000002
2010-09-06 12:00:00,1.2880458333333333
2010-09-06 16:00:00,1.2880791666666667
2010-09-06 20:00:00,1.287455
2010-09-07 00:00:00,1.2844224999999998
2010-09-07 04:00:00,1.2805458333333335
2010-09-07 08:00:00,1.2791599999999999
2010-09-07 12:00:00,1.2752633333333334
2010-09-07 16:00:00,1.2733999999999999
2010-09-07 20:00:00,1.2698858333333334
2010-09-08 00:00:00,1.2685833333333334
2010-09-08 04:00:00,1.2693525
2010-09-08 08:00:00,1.2703641666666667
2010-09-08 12:00:00,1.2692391666666667
2010-09-08 16:00:00,1.2736166666666668
2010-09-08 20:00:00,1.2725616666666666
2010-09-09 00:00:00,1.2724866666666665
2010-09-09 04:00:00,1.2718975000000001
2010-09-09 08:00:00,1.2694758333333334
2010-09-09 12:00:00,1.2722316666666669
2010-09-09 16:00:00,1.2725466666666667
2010-09-09 20:00:00,1.2698475
2010-09-10 00:00:00,1.2687666666666666
2010-09-10 04:00:00,1.2665075
2010-09-10 08:00:00,1.2707341666666667
2010-09-10 12:00:00,1.272025
2010-09-10 16:00:00,1.2717208333333332
2010-09-10 20:00:00,1.27081
2010-09-13 00:00:00,1.2736666666666667
2010-09-13 04:00:00,1.2789366666666666
2010-09-13 08:00:00,1.2808424999999999
2010-09-13 12:00:00,1.2809949999999999
2010-09-13 16:00:00,1.28593
2010-09-13 20:00:00,1.2872483333333333
2010-09-14 00:00:00,1.2867833333333334
2010-09-14 04:00:00,1.2873125
2010-09-14 08:00:00,1.2879791666666667
2010-09-14 12:00:00,1.2846783333333334
2010-09-14 16:00:00,1.2959308333333333
2010-09-14 20:00:00,1.3012691666666667
2010-09-15 00:00:00,1.2994533333333333
2010-09-15 04:00:00,1.2975508333333332
2010-09-15 08:00:00,1.2984466666666665
2010-09-15 12:00:00,1.2976391666666667
2010-09-15 16:00:00,1.3005241666666667
2010-09-15 20:00:00,1.3010533333333334
2010-09-16 00:00:00,1.3007766666666667
2010-09-16 04:00:00,1.29909
2010-09-16 08:00:00,1.3011591666666666
2010-09-16 12:00:00,1.3080325
2010-09-16 16:00:00,1.307865
2010-09-16 20:00:00,1.3078658333333333
2010-09-17 00:00:00,1.3070908333333333
2010-09-17 04:00:00,1.3094733333333335
2010-09-17 08:00:00,1.3139166666666666
2010-09-17 12:00:00,1.3094575000000002
2010-09-17 16:00:00,1.3053266666666665
2010-09-17 20:00:00,1.3043158333333333
2010-09-20 00:00:00,1.3048866666666665
2010-09-20 04:00:00,1.3072266666666668
2010-09-20 08:00:00,1.3093633333333334
2010-09-20 12:00:00,1.3082733333333334
2010-09-20 16:00:00,1.3067958333333332
2010-09-20 20:00:00,1.3062725
2010-09-21 00:00:00,1.3064608333333334
2010-09-21 04:00:00,1.308945
2010-09-21 08:00:00,1.3093833333333333
2010-09-21 12:00:00,1.3129408333333334
2010-09-21 16:00:00,1.3131008333333334
2010-09-21 20:00:00,1.3209499999999998
2010-09-22 00:00:00,1.3270466666666667
2010-09-22 04:00:00,1.3295366666666666
2010-09-22 08:00:00,1.3299925
2010-09-22 12:00:00,1.33712
2010-09-22 16:00:00,1.3397233333333334
2010-09-22 20:00:00,1.33864
2010-09-23 00:00:00,1.33967
2010-09-23 04:00:00,1.339684166666667
2010-09-23 08:00:00,1.3381525
2010-09-23 12:00:00,1.3332991666666665
2010-09-23 16:00:00,1.333769166666667
2010-09-23 20:00:00,1.3331591666666665
2010-09-24 00:00:00,1.3309891666666667
2010-09-24 04:00:00,1.3334091666666668
2010-09-24 08:00:00,1.3334175
2010-09-24 12:00:00,1.3417641666666666
2010-09-24 16:00:00,1.3470341666666665
2010-09-24 20:00:00,1.3475641666666667
2010-09-27 00:00:00,1.3479191666666668
2010-09-27 04:00:00,1.3464083333333332
2010-09-27 08:00:00,1.3462191666666667
2010-09-27 12:00:00,1.3467158333333333
2010-09-27 16:00:00,1.3472841666666666
2010-09-27 20:00:00,1.3470608333333334
2010-09-28 00:00:00,1.3437575
2010-09-28 04:00:00,1.3457075
2010-09-28 08:00:00,1.3421975
2010-09-28 12:00:00,1.3463125
2010-09-28 16:00:00,1.353335
2010-09-28 20:00:00,1.3578025
2010-09-29 00:00:00,1.3576441666666668
2010-09-29 04:00:00,1.3581916666666665
2010-09-29 08:00:00,1.3598533333333334
2010-09-29 12:00:00,1.3605666666666667
2010-09-29 16:00:00,1.3611133333333334
2010-09-29 20:00:00,1.3631791666666666
2010-09-30 00:00:00,1.362605
2010-09-30 04:00:00,1.3606108333333333
2010-09-30 08:00:00,1.3599491666666668
2010-09-30 12:00:00,1.3651658333333332
2010-09-30 16:00:00,1.362575
2010-09-30 20:00:00,1.3629825
2010-10-01 00:00:00,1.3631516666666665
2010-10-01 04:00:00,1.3657508333333332
2010-10-01 08:00:00,1.3667625
2010-10-01 12:00:00,1.3734216666666665
2010-10-01 16:00:00,1.3745458333333334
2010-10-01 20:00:00,1.3772208333333333
2010-10-04 00:00:00,1.3777841666666668
2010-10-04 04:00:00,1.37595
2010-10-04 08:00:00,1.3739758333333334
2010-10-04 12:00:00,1.3692633333333333
2010-10-04 16:00:00,1.3692041666666666
2010-10-04 20:00:00,1.3686150000000001
2010-10-05 00:00:00,1.36687
2010-10-05 04:00:00,1.3660799999999997
2010-10-05 08:00:00,1.3727016666666667
2010-10-05 12:00:00,1.3777
2010-10-05 16:00:00,1.3821933333333332
2010-10-05 20:00:00,1.3842608333333333
2010-10-06 00:00:00,1.3838725
2010-10-06 04:00:00,1.383605
2010-10-06 08:00:00,1.3851533333333332
2010-10-06 12:00:00,1.3851575
2010-10-06 16:00:00,1.3898808333333335
2010-10-06 20:00:00,1.3930883333333335
2010-10-07 00:00:00,1.3922383333333332
2010-10-07 04:00:00,1.3913583333333335
2010-10-07 08:00:00,1.3959783333333333
2010-10-07 12:00:00,1.3981649999999999
2010-10-07 16:00:00,1.3928525
2010-10-07 20:00:00,1.3911508333333333
2010-10-08 00:00:00,1.3919016666666666
2010-10-08 04:00:00,1.394130833333333
2010-10-08 08:00:00,1.3926733333333332
2010-10-08 12:00:00,1.389375
2010-10-08 16:00:00,1.3919566666666665
2010-10-08 20:00:00,1.3917575
2010-10-11 00:00:00,1.3987591666666668
2010-10-11 04:00:00,1.3976066666666669
2010-10-11 08:00:00,1.3952866666666666
2010-10-11 12:00:00,1.3937841666666666
2010-10-11 16:00:00,1.3902183333333333
2010-10-11 20:00:00,1.3881808333333332
2010-10-12 00:00:00,1.3872466666666667
2010-10-12 04:00:00,1.3869333333333334
2010-10-12 08:00:00,1.3823116666666666
2010-10-12 12:00:00,1.3817258333333333
2010-10-12 16:00:00,1.3840083333333335
2010-10-12 20:00:00,1.3896624999999998
2010-10-13 00:00:00,1.3922166666666667
2010-10-13 04:00:00,1.3963241666666666
2010-10-13 08:00:00,1.3969516666666668
2010-10-13 12:00:00,1.3973091666666666
2010-10-13 16:00:00,1.3949608333333332
2010-10-13 20:00:00,1.3960366666666668
2010-10-14 00:00:00,1.3981483333333333
2010-10-14 04:00:00,1.4073116666666667
2010-10-14 08:00:00,1.40894
2010-10-14 12:00:00,1.4078175
2010-10-14 16:00:00,1.4067666666666667
2010-10-14 20:00:00,1.4068266666666667
2010-10-15 00:00:00,1.4054016666666667
2010-10-15 04:00:00,1.4035458333333335
2010-10-15 08:00:00,1.4077616666666666
2010-10-15 12:00:00,1.4092866666666666
2010-10-15 16:00:00,1.401915
2010-10-15 20:00:00,1.3967983333333331
2010-10-18 00:00:00,1.3956841666666668
2010-10-18 04:00:00,1.3892591666666667
2010-10-18 08:00:00,1.3870500000000001
2010-10-18 12:00:00,1.3899491666666666
2010-10-18 16:00:00,1.3963708333333333
2010-10-18 20:00:00,1.3980433333333333
2010-10-19 00:00:00,1.3953783333333334
2010-10-19 04:00:00,1.3930341666666668
2010-10-19 08:00:00,1.3910983333333333
2010-10-19 12:00:00,1.3897924999999998
2010-10-19 16:00:00,1.3809633333333333
2010-10-19 20:00:00,1.3747316666666667
2010-10-20 00:00:00,1.3728966666666667
2010-10-20 04:00:00,1.3765608333333335
2010-10-20 08:00:00,1.3792891666666667
2010-10-20 12:00:00,1.3841158333333332
2010-10-20 16:00:00,1.3936608333333333
2010-10-20 20:00:00,1.3959691666666667
2010-10-21 00:00:00,1.396305
2010-10-21 04:00:00,1.3917116666666667
2010-10-21 08:00:00,1.3956808333333335
2010-10-21 12:00:00,1.4015533333333332
2010-10-21 16:00:00,1.3982416666666668
2010-10-21 20:00:00,1.3922816666666664
2010-10-22 00:00:00,1.39153
2010-10-22 04:00:00,1.3920408333333336
2010-10-22 08:00:00,1.3925925
2010-10-22 12:00:00,1.3923366666666668
2010-10-22 16:00:00,1.3924416666666666
2010-10-22 20:00:00,1.3929091666666666
2010-10-25 00:00:00,1.3962775
2010-10-25 04:00:00,1.4027516666666666
2010-10-25 08:00:00,1.404888333333333
2010-10-25 12:00:00,1.4034583333333335
2010-10-25 16:00:00,1.399275
2010-10-25 20:00:00,1.3972516666666666
2010-10-26 00:00:00,1.3943258333333333
2010-10-26 04:00:00,1.3956083333333333
2010-10-26 08:00:00,1.3959141666666666
2010-10-26 12:00:00,1.3930850000000001
2010-10-26 16:00:00,1.3867941666666666
2010-10-26 20:00:00,1.3849458333333333
2010-10-27 00:00:00,1.3856208333333333
2010-10-27 04:00:00,1.3825883333333333
2010-10-27 08:00:00,1.380565
2010-10-27 12:00:00,1.3818691666666667
2010-10-27 16:00:00,1.3790025
2010-10-27 20:00:00,1.3759683333333332
2010-10-28 00:00:00,1.3784208333333332
2010-10-28 04:00:00,1.3812399999999998
2010-10-28 08:00:00,1.3824916666666667
2010-10-28 12:00:00,1.3848633333333333
2010-10-28 16:00:00,1.3908525
2010-10-28 20:00:00,1.3929441666666666
2010-10-29 00:00:00,1.3928141666666667
2010-10-29 04:00:00,1.389975
2010-10-29 08:00:00,1.3866141666666667
2010-10-29 12:00:00,1.3852466666666667
2010-10-29 16:00:00,1.3900691666666667
2010-10-29 20:00:00,1.3913024999999999
2010-11-01 00:00:00,1.3962008333333333
2010-11-01 04:00:00,1.3980108333333332
2010-11-01 08:00:00,1.3981100000000002
2010-11-01 12:00:00,1.39524
2010-11-01 16:00:00,1.3900025
2010-11-01 20:00:00,1.3889708333333333
2010-11-02 00:00:00,1.3900983333333334
2010-11-02 04:00:00,1.3906183333333335
2010-11-02 08:00:00,1.3936375
2010-11-02 12:00:00,1.3981316666666668
2010-11-02 16:00:00,1.4026791666666667
2010-11-02 20:00:00,1.4034908333333331
2010-11-03 00:00:00,1.4033616666666668
2010-11-03 04:00:00,1.4016308333333334
2010-11-03 08:00:00,1.4017625
2010-11-03 12:00:00,1.4042575
2010-11-03 16:00:00,1.4021725
2010-11-03 20:00:00,1.4095499999999999
2010-11-04 00:00:00,1.41251
2010-11-04 04:00:00,1.41268
2010-11-04 08:00:00,1.41429
2010-11-04 12:00:00,1.423805
2010-11-04 16:00:00,1.4243166666666667
2010-11-04 20:00:00,1.420404166666667
2010-11-05 00:00:00,1.4215008333333332
2010-11-05 04:00:00,1.4202675
2010-11-05 08:00:00,1.4195216666666666
2010-11-05 12:00:00,1.4122108333333334
2010-11-05 16:00:00,1.4071983333333333
2010-11-05 20:00:00,1.4042491666666665
2010-11-08 00:00:00,1.405333333333333
2010-11-08 04:00:00,1.3964941666666668
2010-11-08 08:00:00,1.3953641666666667
2010-11-08 12:00:00,1.3914508333333333
2010-11-08 16:00:00,1.3916208333333333
2010-11-08 20:00:00,1.39302
2010-11-09 00:00:00,1.3894483333333334
2010-11-09 04:00:00,1.3878066666666666
2010-11-09 08:00:00,1.3855566666666668
2010-11-09 12:00:00,1.3926908333333332
2010-11-09 16:00:00,1.3914741666666668
2010-11-09 20:00:00,1.3826733333333332
2010-11-10 00:00:00,1.3766725
2010-11-10 04:00:00,1.3759575000000002
2010-11-10 08:00:00,1.3780475
2010-11-10 12:00:00,1.377895
2010-11-10 16:00:00,1.3728583333333333
2010-11-10 20:00:00,1.3764874999999999
2010-11-11 00:00:00,1.3775233333333334
2010-11-11 04:00:00,1.3799008333333334
2010-11-11 08:00:00,1.3778991666666667
2010-11-11 12:00:00,1.3726941666666668
2010-11-11 16:00:00,1.3681625000000002
2010-11-11 20:00:00,1.3657008333333334
2010-11-12 00:00:00,1.3650208333333333
2010-11-12 04:00:00,1.3620491666666665
2010-11-12 08:00:00,1.3615049999999997
2010-11-12 12:00:00,1.3683925
2010-11-12 16:00:00,1.3729383333333334
2010-11-12 20:00:00,1.36859
2010-11-15 00:00:00,1.3693024999999999
2010-11-15 04:00:00,1.3706500000000001
2010-11-15 08:00:00,1.3664550000000002
2010-11-15 12:00:00,1.3626458333333333
2010-11-15 16:00:00,1.3620516666666667
2010-11-15 20:00:00,1.3600258333333333
2010-11-16 00:00:00,1.3578966666666665
2010-11-16 04:00:00,1.3609633333333333
2010-11-16 08:00:00,1.3605541666666667
2010-11-16 12:00:00,1.36001
2010-11-16 16:00:00,1.3570233333333332
2010-11-16 20:00:00,1.3484649999999998
2010-11-17 00:00:00,1.3486033333333332
2010-11-17 04:00:00,1.3503808333333334
2010-11-17 08:00:00,1.3493983333333333
2010-11-17 12:00:00,1.3497358333333334
2010-11-17 16:00:00,1.3527533333333333
2010-11-17 20:00:00,1.35271
2010-11-18 00:00:00,1.3539066666666668
2010-11-18 04:00:00,1.3569783333333332
2010-11-18 08:00:00,1.3597899999999998
2010-11-18 12:00:00,1.36437
2010-11-18 16:00:00,1.3621791666666665
2010-11-18 20:00:00,1.3627258333333334
2010-11-19 00:00:00,1.3644383333333332
2010-11-19 04:00:00,1.3627599999999997
2010-11-19 08:00:00,1.3670283333333333
2010-11-19 12:00:00,1.3704583333333333
2010-11-19 16:00:00,1.3658800000000002
2010-11-19 20:00:00,1.3663666666666667
2010-11-22 00:00:00,1.3720658333333335
2010-11-22 04:00:00,1.3756525
2010-11-22 08:00:00,1.3747775
2010-11-22 12:00:00,1.3718499999999998
2010-11-22 16:00:00,1.3631425
2010-11-22 20:00:00,1.3603258333333335
2010-11-23 00:00:00,1.3612083333333331
2010-11-23 04:00:00,1.3577150000000002
2010-11-23 08:00:00,1.3571891666666667
2010-11-23 12:00:00,1.3563383333333334
2010-11-23 16:00:00,1.3441333333333334
2010-11-23 20:00:00,1.33814
2010-11-24 00:00:00,1.3375358333333334
2010-11-24 04:00:00,1.3399433333333333
2010-11-24 08:00:00,1.3387033333333331
2010-11-24 12:00:00,1.3327458333333333
2010-11-24 16:00:00,1.3381699999999999
2010-11-24 20:00:00,1.3341966666666665
2010-11-25 00:00:00,1.3338366666666666
2010-11-25 04:00:00,1.3321075
2010-11-25 08:00:00,1.3323658333333332
2010-11-25 12:00:00,1.3315475
2010-11-25 16:00:00,1.3351208333333335
2010-11-25 20:00:00,1.3367616666666666
2010-11-26 00:00:00,1.3347841666666667
2010-11-26 04:00:00,1.3329191666666667
2010-11-26 08:00:00,1.3284766666666668
2010-11-26 12:00:00,1.3236633333333332
2010-11-26 16:00:00,1.3232933333333334
2010-11-26 20:00:00,1.3239883333333333
2010-11-29 00:00:00,1.3245775
2010-11-29 04:00:00,1.3223541666666667
2010-11-29 08:00:00,1.3255575000000002
2010-11-29 12:00:00,1.3194925
2010-11-29 16:00:00,1.3100458333333334
2010-11-29 20:00:00,1.3107016666666667
2010-11-30 00:00:00,1.311515
2010-11-30 04:00:00,1.311565
2010-11-30 08:00:00,1.3097175
2010-11-30 12:00:00,1.30193
2010-11-30 16:00:00,1.30095
2010-11-30 20:00:00,1.301255
2010-12-01 00:00:00,1.2985366666666667
2010-12-01 04:00:00,1.2997233333333333
2010-12-01 08:00:00,1.3039158333333334
2010-12-01 12:00:00,1.3093525
2010-12-01 16:00:00,1.3107216666666666
2010-12-01 20:00:00,1.313146666666667
2010-12-02 00:00:00,1.3128208333333333
2010-12-02 04:00:00,1.31149
2010-12-02 08:00:00,1.3132674999999998
2010-12-02 12:00:00,1.3173691666666667
2010-12-02 16:00:00,1.3156725
2010-12-02 20:00:00,1.3208600000000001
2010-12-03 00:00:00,1.3211408333333332
2010-12-03 04:00:00,1.3203016666666665
2010-12-03 08:00:00,1.321955
2010-12-03 12:00:00,1.3250966666666666
2010-12-03 16:00:00,1.3349608333333334
2010-12-03 20:00:00,1.3380458333333334
2010-12-06 00:00:00,1.3403533333333333
2010-12-06 04:00:00,1.3352491666666666
2010-12-06 08:00:00,1.3344866666666668
2010-12-06 12:00:00,1.3280158333333334
2010-12-06 16:00:00,1.3277416666666666
2010-12-06 20:00:00,1.3309525
2010-12-07 00:00:00,1.3299225
2010-12-07 04:00:00,1.3322241666666665
2010-12-07 08:00:00,1.3336941666666666
2010-12-07 12:00:00,1.3368066666666665
2010-12-07 16:00:00,1.3356375000000003
2010-12-07 20:00:00,1.3295616666666668
2010-12-08 00:00:00,1.3259208333333334
2010-12-08 04:00:00,1.3238608333333333
2010-12-08 08:00:00,1.32148
2010-12-08 12:00:00,1.3225233333333333
2010-12-08 16:00:00,1.3232733333333333
2010-12-08 20:00:00,1.324595
2010-12-09 00:00:00,1.3259116666666668
2010-12-09 04:00:00,1.3306558333333334
2010-12-09 08:00:00,1.3297725
2010-12-09 12:00:00,1.3217400000000001
2010-12-09 16:00:00,1.3213058333333334
2010-12-09 20:00:00,1.3230791666666666
2010-12-10 00:00:00,1.3238208333333332
2010-12-10 04:00:00,1.3243616666666667
2010-12-10 08:00:00,1.3257658333333333
2010-12-10 12:00:00,1.3247525
2010-12-10 16:00:00,1.3219366666666668
2010-12-10 20:00:00,1.3229858333333333
2010-12-13 00:00:00,1.3204241666666667
2010-12-13 04:00:00,1.3190300000000001
2010-12-13 08:00:00,1.3199266666666667
2010-12-13 12:00:00,1.3242258333333332
2010-12-13 16:00:00,1.3337541666666668
2010-12-13 20:00:00,1.3399533333333333
2010-12-14 00:00:00,1.33878
2010-12-14 04:00:00,1.3389066666666667
2010-12-14 08:00:00,1.342175
2010-12-14 12:00:00,1.3459575000000001
2010-12-14 16:00:00,1.3403391666666666
2010-12-14 20:00:00,1.3400016666666668
2010-12-15 00:00:00,1.33684
2010-12-15 04:00:00,1.3346866666666666
2010-12-15 08:00:00,1.3320683333333334
2010-12-15 12:00:00,1.3322125
2010-12-15 16:00:00,1.3338316666666667
2010-12-15 20:00:00,1.3248383333333331
2010-12-16 00:00:00,1.3219575
2010-12-16 04:00:00,1.3220258333333335
2010-12-16 08:00:00,1.3227983333333333
2010-12-16 12:00:00,1.3239791666666667
2010-12-16 16:00:00,1.3219033333333332
2010-12-16 20:00:00,1.322095
2010-12-17 00:00:00,1.3241458333333334
2010-12-17 04:00:00,1.32798
2010-12-17 08:00:00,1.329965
2010-12-17 12:00:00,1.3300925
2010-12-17 16:00:00,1.3202825
2010-12-17 20:00:00,1.3166491666666666
2010-12-20 00:00:00,1.3163891666666667
2010-12-20 04:00:00,1.3147575
2010-12-20 08:00:00,1.3160316666666667
2010-12-20 12:00:00,1.3159191666666668
2010-12-20 16:00:00,1.3135608333333333
2010-12-20 20:00:00,1.3119458333333331
2010-12-21 00:00:00,1.3121941666666668
2010-12-21 04:00:00,1.3171525000000002
2010-12-21 08:00:00,1.3171758333333334
2010-12-21 12:00:00,1.3155008333333331
2010-12-21 16:00:00,1.3147308333333334
2010-12-21 20:00:00,1.3098858333333334
2010-12-22 00:00:00,1.31
2010-12-22 04:00:00,1.3129149999999998
2010-12-22 08:00:00,1.3136191666666666
2010-12-22 12:00:00,1.3147816666666667
2010-12-22 16:00:00,1.3099741666666667
2010-12-22 20:00:00,1.3089033333333333
2010-12-23 00:00:00,1.3103683333333334
2010-12-23 04:00:00,1.3112966666666668
2010-12-23 08:00:00,1.3126799999999998
2010-12-23 12:00:00,1.3096266666666667
2010-12-23 16:00:00,1.3076475
2010-12-23 20:00:00,1.3113733333333333
2010-12-24 00:00:00,1.3112358333333334
2010-12-24 04:00:00,1.3125608333333334
2010-12-24 08:00:00,1.3129066666666667
2010-12-24 12:00:00,1.3122883333333333
2010-12-24 16:00:00,1.3113433333333333
2010-12-24 20:00:00,1.3109908333333333
2010-12-27 00:00:00,1.3102858333333334
2010-12-27 04:00:00,1.3116116666666664
2010-12-27 08:00:00,1.3144325000000001
2010-12-27 12:00:00,1.315615
2010-12-27 16:00:00,1.3148491666666668
2010-12-27 20:00:00,1.3144825
2010-12-28 00:00:00,1.3181525
2010-12-28 04:00:00,1.3235733333333333
2010-12-28 08:00:00,1.3225550000000001
2010-12-28 12:00:00,1.3241175
2010-12-28 16:00:00,1.3157633333333334
2010-12-28 20:00:00,1.3115316666666668
2010-12-29 00:00:00,1.3104891666666667
2010-12-29 04:00:00,1.3126416666666667
2010-12-29 08:00:00,1.3131033333333333
2010-12-29 12:00:00,1.3127683333333333
2010-12-29 16:00:00,1.3144066666666667
2010-12-29 20:00:00,1.321035
2010-12-30 00:00:00,1.3224524999999998
2010-12-30 04:00:00,1.323595
2010-12-30 08:00:00,1.3236158333333334
2010-12-30 12:00:00,1.325105
2010-12-30 16:00:00,1.3283425
2010-12-30 20:00:00,1.3279533333333333
2010-12-31 00:00:00,1.3292416666666667
2010-12-31 04:00:00,1.329675
2010-12-31 08:00:00,1.3339058333333333
2010-12-31 12:00:00,1.3368825
2010-12-31 16:00:00,1.33896
2010-12-31 20:00:00,1.3358266666666667
2011-01-03 00:00:00,1.3351433333333333
2011-01-03 04:00:00,1.3290125000000002
2011-01-03 08:00:00,1.3290775
2011-01-03 12:00:00,1.3313466666666667
2011-01-03 16:00:00,1.3347841666666664
2011-01-03 20:00:00,1.3369033333333333
2011-01-04 00:00:00,1.3353133333333331
2011-01-04 04:00:00,1.3351433333333333
2011-01-04 08:00:00,1.3346516666666668
2011-01-04 12:00:00,1.339245
2011-01-04 16:00:00,1.3358358333333333
2011-01-04 20:00:00,1.3309658333333334
2011-01-05 00:00:00,1.3306974999999999
2011-01-05 04:00:00,1.3278216666666667
2011-01-05 08:00:00,1.3269083333333334
2011-01-05 12:00:00,1.323905
2011-01-05 16:00:00,1.3161649999999998
2011-01-05 20:00:00,1.3162658333333335
2011-01-06 00:00:00,1.315085
2011-01-06 04:00:00,1.3142791666666667
2011-01-06 08:00:00,1.3133441666666668
2011-01-06 12:00:00,1.3106233333333335
2011-01-06 16:00:00,1.3077033333333334
2011-01-06 20:00:00,1.3015908333333333
2011-01-07 00:00:00,1.299705
2011-01-07 04:00:00,1.2999616666666667
2011-01-07 08:00:00,1.2986333333333333
2011-01-07 12:00:00,1.2977066666666666
2011-01-07 16:00:00,1.2971233333333334
2011-01-07 20:00:00,1.2925358333333332
2011-01-10 00:00:00,1.2896875
2011-01-10 04:00:00,1.2910758333333334
2011-01-10 08:00:00,1.2900541666666665
2011-01-10 12:00:00,1.2905533333333334
2011-01-10 16:00:00,1.2923891666666667
2011-01-10 20:00:00,1.29513
2011-01-11 00:00:00,1.2948566666666665
2011-01-11 04:00:00,1.2947008333333332
2011-01-11 08:00:00,1.2939541666666667
2011-01-11 12:00:00,1.2943258333333334
2011-01-11 16:00:00,1.2945866666666666
2011-01-11 20:00:00,1.2965466666666667
2011-01-12 00:00:00,1.2976791666666667
2011-01-12 04:00:00,1.300165
2011-01-12 08:00:00,1.2997141666666667
2011-01-12 12:00:00,1.2995700000000001
2011-01-12 16:00:00,1.3037941666666666
2011-01-12 20:00:00,1.3115158333333334
2011-01-13 00:00:00,1.3129333333333333
2011-01-13 04:00:00,1.310999166666667
2011-01-13 08:00:00,1.31121
2011-01-13 12:00:00,1.3153725
2011-01-13 16:00:00,1.3309549999999999
2011-01-13 20:00:00,1.3357116666666666
2011-01-14 00:00:00,1.3351333333333333
2011-01-14 04:00:00,1.3335275
2011-01-14 08:00:00,1.3374549999999998
2011-01-14 12:00:00,1.3363708333333333
2011-01-14 16:00:00,1.3358683333333332
2011-01-14 20:00:00,1.3353925
2011-01-17 00:00:00,1.3371541666666666
2011-01-17 04:00:00,1.3341391666666667
2011-01-17 08:00:00,1.3306358333333335
2011-01-17 12:00:00,1.3292941666666667
2011-01-17 16:00:00,1.3295716666666668
2011-01-17 20:00:00,1.329255
2011-01-18 00:00:00,1.32802
2011-01-18 04:00:00,1.328325
2011-01-18 08:00:00,1.3341583333333333
2011-01-18 12:00:00,1.3400166666666666
2011-01-18 16:00:00,1.3406191666666667
2011-01-18 20:00:00,1.337745
2011-01-19 00:00:00,1.3383858333333334
2011-01-19 04:00:00,1.3436841666666668
2011-01-19 08:00:00,1.3473016666666666
2011-01-19 12:00:00,1.347075
2011-01-19 16:00:00,1.3497858333333332
2011-01-19 20:00:00,1.3477216666666667
2011-01-20 00:00:00,1.3457458333333334
2011-01-20 04:00:00,1.3442758333333333
2011-01-20 08:00:00,1.3455616666666665
2011-01-20 12:00:00,1.349095
2011-01-20 16:00:00,1.3445291666666668
2011-01-20 20:00:00,1.3466016666666667
2011-01-21 00:00:00,1.3468133333333332
2011-01-21 04:00:00,1.34867
2011-01-21 08:00:00,1.3507116666666668
2011-01-21 12:00:00,1.352995
2011-01-21 16:00:00,1.3560175
2011-01-21 20:00:00,1.3596466666666667
2011-01-24 00:00:00,1.3611558333333333
2011-01-24 04:00:00,1.3600016666666666
2011-01-24 08:00:00,1.3589741666666668
2011-01-24 12:00:00,1.3565475
2011-01-24 16:00:00,1.3635683333333333
2011-01-24 20:00:00,1.3642916666666667
2011-01-25 00:00:00,1.3640766666666666
2011-01-25 04:00:00,1.3662033333333334
2011-01-25 08:00:00,1.3654266666666666
2011-01-25 12:00:00,1.3602608333333335
2011-01-25 16:00:00,1.3626791666666667
2011-01-25 20:00:00,1.3662066666666666
2011-01-26 00:00:00,1.368055
2011-01-26 04:00:00,1.368535
2011-01-26 08:00:00,1.36832
2011-01-26 12:00:00,1.3699424999999998
2011-01-26 16:00:00,1.367785
2011-01-26 20:00:00,1.3680708333333333
2011-01-27 00:00:00,1.37041
2011-01-27 04:00:00,1.3701075
2011-01-27 08:00:00,1.3690066666666665
2011-01-27 12:00:00,1.3714591666666667
2011-01-27 16:00:00,1.3724383333333332
2011-01-27 20:00:00,1.371835
2011-01-28 00:00:00,1.372835
2011-01-28 04:00:00,1.3706558333333332
2011-01-28 08:00:00,1.3705783333333332
2011-01-28 12:00:00,1.3721541666666668
2011-01-28 16:00:00,1.3668699999999998
2011-01-28 20:00:00,1.3607033333333334
2011-01-31 00:00:00,1.3588333333333331
2011-01-31 04:00:00,1.3597249999999999
2011-01-31 08:00:00,1.3615350000000002
2011-01-31 12:00:00,1.3658616666666665
2011-01-31 16:00:00,1.37102
2011-01-31 20:00:00,1.3690358333333332
2011-02-01 00:00:00,1.3700999999999999
2011-02-01 04:00:00,1.3720433333333333
2011-02-01 08:00:00,1.3728275
2011-02-01 12:00:00,1.3749858333333334
2011-02-01 16:00:00,1.3765716666666667
2011-02-01 20:00:00,1.382345
2011-02-02 00:00:00,1.3827366666666667
2011-02-02 04:00:00,1.3844966666666667
2011-02-02 08:00:00,1.3839758333333334
2011-02-02 12:00:00,1.3816641666666665
2011-02-02 16:00:00,1.3799391666666667
2011-02-02 20:00:00,1.3789500000000001
2011-02-03 00:00:00,1.380815
2011-02-03 04:00:00,1.380075
2011-02-03 08:00:00,1.3801358333333333
2011-02-03 12:00:00,1.3772825000000002
2011-02-03 16:00:00,1.36562
2011-02-03 20:00:00,1.3634016666666666
2011-02-04 00:00:00,1.3627191666666667
2011-02-04 04:00:00,1.3631441666666666
2011-02-04 08:00:00,1.3630966666666666
2011-02-04 12:00:00,1.3629691666666668
2011-02-04 16:00:00,1.3576075
2011-02-04 20:00:00,1.3582550000000002
2011-02-07 00:00:00,1.3573458333333333
2011-02-07 04:00:00,1.3607524999999998
2011-02-07 08:00:00,1.3607
2011-02-07 12:00:00,1.3570600000000002
2011-02-07 16:00:00,1.3534983333333335
2011-02-07 20:00:00,1.3571158333333333
2011-02-08 00:00:00,1.3583708333333333
2011-02-08 04:00:00,1.3602808333333334
2011-02-08 08:00:00,1.3629558333333334
2011-02-08 12:00:00,1.363645
2011-02-08 16:00:00,1.3647583333333335
2011-02-08 20:00:00,1.3645583333333335
2011-02-09 00:00:00,1.3626158333333334
2011-02-09 04:00:00,1.3640308333333333
2011-02-09 08:00:00,1.3644416666666668
2011-02-09 12:00:00,1.3635808333333332
2011-02-09 16:00:00,1.3684925
2011-02-09 20:00:00,1.3720025
2011-02-10 00:00:00,1.3723391666666667
2011-02-10 04:00:00,1.37096
2011-02-10 08:00:00,1.3677466666666667
2011-02-10 12:00:00,1.3634483333333334
2011-02-10 16:00:00,1.3605883333333333
2011-02-10 20:00:00,1.3611266666666668
2011-02-11 00:00:00,1.3601883333333336
2011-02-11 04:00:00,1.3582858333333334
2011-02-11 08:00:00,1.356145
2011-02-11 12:00:00,1.3523649999999998
2011-02-11 16:00:00,1.3534891666666666
2011-02-11 20:00:00,1.3531716666666667
2011-02-14 00:00:00,1.352495
2011-02-14 04:00:00,1.3534808333333332
2011-02-14 08:00:00,1.3531516666666668
2011-02-14 12:00:00,1.3458208333333332
2011-02-14 16:00:00,1.3463033333333332
2011-02-14 20:00:00,1.34849
2011-02-15 00:00:00,1.3487775000000002
2011-02-15 04:00:00,1.3513166666666665
2011-02-15 08:00:00,1.3497625
2011-02-15 12:00:00,1.3525625
2011-02-15 16:00:00,1.3512633333333335
2011-02-15 20:00:00,1.3499366666666668
2011-02-16 00:00:00,1.3492558333333333
2011-02-16 04:00:00,1.3527091666666666
2011-02-16 08:00:00,1.3545741666666666
2011-02-16 12:00:00,1.3528966666666666
2011-02-16 16:00:00,1.350055
2011-02-16 20:00:00,1.3561066666666668
2011-02-17 00:00:00,1.3568775000000002
2011-02-17 04:00:00,1.3588983333333333
2011-02-17 08:00:00,1.3565541666666667
2011-02-17 12:00:00,1.3563141666666665
2011-02-17 16:00:00,1.3585383333333332
2011-02-17 20:00:00,1.3599700000000001
2011-02-18 00:00:00,1.3611274999999998
2011-02-18 04:00:00,1.360305
2011-02-18 08:00:00,1.3596933333333332
2011-02-18 12:00:00,1.3570425000000002
2011-02-18 16:00:00,1.3636808333333332
2011-02-18 20:00:00,1.3686008333333333
2011-02-21 00:00:00,1.3695091666666666
2011-02-21 04:00:00,1.3681333333333332
2011-02-21 08:00:00,1.3680666666666668
2011-02-21 12:00:00,1.3677516666666665
2011-02-21 16:00:00,1.3666183333333335
2011-02-21 20:00:00,1.367645
2011-02-22 00:00:00,1.3669633333333335
2011-02-22 04:00:00,1.3594425
2011-02-22 08:00:00,1.3570558333333334
2011-02-22 12:00:00,1.3626225
2011-02-22 16:00:00,1.3677358333333332
2011-02-22 20:00:00,1.3657591666666666
2011-02-23 00:00:00,1.3665716666666665
2011-02-23 04:00:00,1.3695258333333333
2011-02-23 08:00:00,1.3710258333333334
2011-02-23 12:00:00,1.3720008333333333
2011-02-23 16:00:00,1.37454
2011-02-23 20:00:00,1.3746275
2011-02-24 00:00:00,1.3755625000000002
2011-02-24 04:00:00,1.37735
2011-02-24 08:00:00,1.3747574999999999
2011-02-24 12:00:00,1.3777658333333334
2011-02-24 16:00:00,1.3784225
2011-02-24 20:00:00,1.3797275
2011-02-25 00:00:00,1.3807
2011-02-25 04:00:00,1.3824124999999998
2011-02-25 08:00:00,1.3818825000000001
2011-02-25 12:00:00,1.3792908333333334
2011-02-25 16:00:00,1.3747825
2011-02-25 20:00:00,1.3750274999999998
2011-02-28 00:00:00,1.3739024999999998
2011-02-28 04:00:00,1.3741283333333334
2011-02-28 08:00:00,1.3770975
2011-02-28 12:00:00,1.3828866666666666
2011-02-28 16:00:00,1.3824783333333335
2011-02-28 20:00:00,1.3795224999999998
2011-03-01 00:00:00,1.3812266666666666
2011-03-01 04:00:00,1.3809441666666666
2011-03-01 08:00:00,1.3814275
2011-03-01 12:00:00,1.3830825
2011-03-01 16:00:00,1.3823941666666668
2011-03-01 20:00:00,1.3790074999999997
2011-03-02 00:00:00,1.377315
2011-03-02 04:00:00,1.3760050000000001
2011-03-02 08:00:00,1.3764341666666666
2011-03-02 12:00:00,1.3814991666666665
2011-03-02 16:00:00,1.3859908333333335
2011-03-02 20:00:00,1.3863316666666667
2011-03-03 00:00:00,1.3863208333333332
2011-03-03 04:00:00,1.38562
2011-03-03 08:00:00,1.3862341666666667
2011-03-03 12:00:00,1.3858716666666666
2011-03-03 16:00:00,1.3936583333333332
2011-03-03 20:00:00,1.3947641666666666
2011-03-04 00:00:00,1.3960883333333336
2011-03-04 04:00:00,1.3955016666666664
2011-03-04 08:00:00,1.3958041666666667
2011-03-04 12:00:00,1.39658
2011-03-04 16:00:00,1.3980225
2011-03-04 20:00:00,1.3982591666666668
2011-03-07 00:00:00,1.398535
2011-03-07 04:00:00,1.3974950000000002
2011-03-07 08:00:00,1.3978091666666665
2011-03-07 12:00:00,1.4022008333333333
2011-03-07 16:00:00,1.4002341666666667
2011-03-07 20:00:00,1.3967399999999999
2011-03-08 00:00:00,1.3967016666666667
2011-03-08 04:00:00,1.3974433333333334
2011-03-08 08:00:00,1.3962249999999998
2011-03-08 12:00:00,1.3922166666666667
2011-03-08 16:00:00,1.3893416666666667
2011-03-08 20:00:00,1.3906466666666666
2011-03-09 00:00:00,1.3897158333333333
2011-03-09 04:00:00,1.3888174999999998
2011-03-09 08:00:00,1.3886816666666668
2011-03-09 12:00:00,1.3899608333333333
2011-03-09 16:00:00,1.3910116666666665
2011-03-09 20:00:00,1.3903308333333333
2011-03-10 00:00:00,1.3906233333333335
2011-03-10 04:00:00,1.3898099999999998
2011-03-10 08:00:00,1.3850825000000002
2011-03-10 12:00:00,1.3835741666666665
2011-03-10 16:00:00,1.3815266666666666
2011-03-10 20:00:00,1.3799975
2011-03-11 00:00:00,1.3800408333333334
2011-03-11 04:00:00,1.38202
2011-03-11 08:00:00,1.3815975
2011-03-11 12:00:00,1.3784991666666666
2011-03-11 16:00:00,1.3816983333333335
2011-03-11 20:00:00,1.3882516666666667
2011-03-14 00:00:00,1.3945733333333332
2011-03-14 04:00:00,1.3927908333333334
2011-03-14 08:00:00,1.3931825
2011-03-14 12:00:00,1.3958216666666667
2011-03-14 16:00:00,1.3969391666666668
2011-03-14 20:00:00,1.3993533333333332
2011-03-15 00:00:00,1.3989566666666668
2011-03-15 04:00:00,1.3945433333333335
2011-03-15 08:00:00,1.3927325000000002
2011-03-15 12:00:00,1.388325
2011-03-15 16:00:00,1.3950433333333334
2011-03-15 20:00:00,1.3988808333333331
2011-03-16 00:00:00,1.3983875000000001
2011-03-16 04:00:00,1.3969075000000002
2011-03-16 08:00:00,1.3975416666666667
2011-03-16 12:00:00,1.3949866666666666
2011-03-16 16:00:00,1.3929166666666666
2011-03-16 20:00:00,1.3895108333333333
2011-03-17 00:00:00,1.390725
2011-03-17 04:00:00,1.391645
2011-03-17 08:00:00,1.3944908333333332
2011-03-17 12:00:00,1.4017833333333332
2011-03-17 16:00:00,1.4007325
2011-03-17 20:00:00,1.4016458333333333
2011-03-18 00:00:00,1.4016025
2011-03-18 04:00:00,1.4064533333333333
2011-03-18 08:00:00,1.4063724999999998
2011-03-18 12:00:00,1.4106158333333334
2011-03-18 16:00:00,1.41412
2011-03-18 20:00:00,1.4165966666666667
2011-03-21 00:00:00,1.4173041666666666
2011-03-21 04:00:00,1.4172866666666668
2011-03-21 08:00:00,1.4167766666666668
2011-03-21 12:00:00,1.4167266666666665
2011-03-21 16:00:00,1.4181391666666667
2011-03-21 20:00:00,1.4221416666666666
2011-03-22 00:00:00,1.42165
2011-03-22 04:00:00,1.421946666666667
2011-03-22 08:00:00,1.4231925
2011-03-22 12:00:00,1.4232258333333332
2011-03-22 16:00:00,1.4197308333333334
2011-03-22 20:00:00,1.4205466666666668
2011-03-23 00:00:00,1.4181658333333333
2011-03-23 04:00:00,1.417065
2011-03-23 08:00:00,1.4171825
2011-03-23 12:00:00,1.4170316666666667
2011-03-23 16:00:00,1.4127816666666666
2011-03-23 20:00:00,1.4112433333333334
2011-03-24 00:00:00,1.4100100000000002
2011-03-24 04:00:00,1.4083183333333333
2011-03-24 08:00:00,1.4080541666666666
2011-03-24 12:00:00,1.41289
2011-03-24 16:00:00,1.4171816666666666
2011-03-24 20:00:00,1.4177858333333333
2011-03-25 00:00:00,1.4172383333333332
2011-03-25 04:00:00,1.4172183333333332
2011-03-25 08:00:00,1.4173808333333335
2011-03-25 12:00:00,1.4153591666666665
2011-03-25 16:00:00,1.4123691666666667
2011-03-25 20:00:00,1.407245
2011-03-28 00:00:00,1.403638333333333
2011-03-28 04:00:00,1.4056433333333334
2011-03-28 08:00:00,1.4059983333333332
2011-03-28 12:00:00,1.4049733333333334
2011-03-28 16:00:00,1.4095408333333332
2011-03-28 20:00:00,1.40907
2011-03-29 00:00:00,1.4079683333333335
2011-03-29 04:00:00,1.408075
2011-03-29 08:00:00,1.4125633333333334
2011-03-29 12:00:00,1.4088891666666665
2011-03-29 16:00:00,1.4075916666666666
2011-03-29 20:00:00,1.4094525
2011-03-30 00:00:00,1.4110675
2011-03-30 04:00:00,1.40883
2011-03-30 08:00:00,1.4082850000000002
2011-03-30 12:00:00,1.4086008333333333
2011-03-30 16:00:00,1.40929
2011-03-30 20:00:00,1.4124591666666666
2011-03-31 00:00:00,1.4125616666666667
2011-03-31 04:00:00,1.413785
2011-03-31 08:00:00,1.4172875
2011-03-31 12:00:00,1.4210908333333332
2011-03-31 16:00:00,1.4185625
2011-03-31 20:00:00,1.4185116666666666
2011-04-01 00:00:00,1.4162516666666667
2011-04-01 04:00:00,1.4164108333333334
2011-04-01 08:00:00,1.4164425
2011-04-01 12:00:00,1.4144958333333335
2011-04-01 16:00:00,1.4148383333333332
2011-04-01 20:00:00,1.4225858333333334
2011-04-04 00:00:00,1.4232874999999998
2011-04-04 04:00:00,1.4224433333333335
2011-04-04 08:00:00,1.4222241666666666
2011-04-04 12:00:00,1.4219533333333334
2011-04-04 16:00:00,1.4226483333333333
2011-04-04 20:00:00,1.421395
2011-04-05 00:00:00,1.4213908333333334
2011-04-05 04:00:00,1.4197575
2011-04-05 08:00:00,1.418915
2011-04-05 12:00:00,1.4173183333333332
2011-04-05 16:00:00,1.4199391666666668
2011-04-05 20:00:00,1.4222433333333333
2011-04-06 00:00:00,1.4225941666666666
2011-04-06 04:00:00,1.4256383333333333
2011-04-06 08:00:00,1.4281141666666668
2011-04-06 12:00:00,1.4299016666666666
2011-04-06 16:00:00,1.4319833333333334
2011-04-06 20:00:00,1.4332066666666665
2011-04-07 00:00:00,1.4326391666666667
2011-04-07 04:00:00,1.4308725
2011-04-07 08:00:00,1.4294666666666667
2011-04-07 12:00:00,1.4280666666666666
2011-04-07 16:00:00,1.4287100000000001
2011-04-07 20:00:00,1.4297900000000001
2011-04-08 00:00:00,1.4301516666666665
2011-04-08 04:00:00,1.4370758333333333
2011-04-08 08:00:00,1.4399758333333332
2011-04-08 12:00:00,1.4408958333333333
2011-04-08 16:00:00,1.4431783333333335
2011-04-08 20:00:00,1.4446975
2011-04-11 00:00:00,1.4462275000000002
2011-04-11 04:00:00,1.4460891666666666
2011-04-11 08:00:00,1.4457225
2011-04-11 12:00:00,1.4449625
2011-04-11 16:00:00,1.4446675
2011-04-11 20:00:00,1.4433616666666667
2011-04-12 00:00:00,1.4427516666666667
2011-04-12 04:00:00,1.4402275
2011-04-12 08:00:00,1.4410716666666668
2011-04-12 12:00:00,1.4468916666666665
2011-04-12 16:00:00,1.4484333333333335
2011-04-12 20:00:00,1.4482516666666667
2011-04-13 00:00:00,1.4478341666666668
2011-04-13 04:00:00,1.4470941666666666
2011-04-13 08:00:00,1.4497083333333334
2011-04-13 12:00:00,1.4500916666666668
2011-04-13 16:00:00,1.4478125000000002
2011-04-13 20:00:00,1.4440775000000001
2011-04-14 00:00:00,1.444090833333333
2011-04-14 04:00:00,1.4447174999999999
2011-04-14 08:00:00,1.4492608333333334
2011-04-14 12:00:00,1.44074
2011-04-14 16:00:00,1.4455325
2011-04-14 20:00:00,1.4489491666666665
2011-04-15 00:00:00,1.4490016666666667
2011-04-15 04:00:00,1.4476175
2011-04-15 08:00:00,1.4468491666666665
2011-04-15 12:00:00,1.4448658333333335
2011-04-15 16:00:00,1.4427116666666666
2011-04-15 20:00:00,1.4428733333333335
2011-04-18 00:00:00,1.4401966666666666
2011-04-18 04:00:00,1.4376491666666664
2011-04-18 08:00:00,1.4355233333333333
2011-04-18 12:00:00,1.429865
2011-04-18 16:00:00,1.4235708333333332
2011-04-18 20:00:00,1.4231916666666669
2011-04-19 00:00:00,1.4229908333333334
2011-04-19 04:00:00,1.4222241666666666
2011-04-19 08:00:00,1.4239025
2011-04-19 12:00:00,1.4285225000000001
2011-04-19 16:00:00,1.4310833333333333
2011-04-19 20:00:00,1.4334666666666664
2011-04-20 00:00:00,1.4346458333333334
2011-04-20 04:00:00,1.4392741666666669
2011-04-20 08:00:00,1.4423808333333332
2011-04-20 12:00:00,1.4511716666666667
2011-04-20 16:00:00,1.4510608333333335
2011-04-20 20:00:00,1.4509450000000002
2011-04-21 00:00:00,1.4524091666666665
2011-04-21 04:00:00,1.4568358333333333
2011-04-21 08:00:00,1.4615516666666668
2011-04-21 12:00:00,1.4614500000000001
2011-04-21 16:00:00,1.4567991666666669
2011-04-21 20:00:00,1.4552041666666664
2011-04-22 00:00:00,1.4555799999999999
2011-04-22 04:00:00,1.4557508333333333
2011-04-22 08:00:00,1.4572466666666666
2011-04-22 12:00:00,1.4558675
2011-04-22 16:00:00,1.4548033333333332
2011-04-22 20:00:00,1.4548616666666665
2011-04-25 00:00:00,1.4570366666666665
2011-04-25 04:00:00,1.4550108333333331
2011-04-25 08:00:00,1.4575383333333334
2011-04-25 12:00:00,1.4599533333333334
2011-04-25 16:00:00,1.457545833333333
2011-04-25 20:00:00,1.4579833333333334
2011-04-26 00:00:00,1.4558958333333334
2011-04-26 04:00:00,1.4530383333333332
2011-04-26 08:00:00,1.45696
2011-04-26 12:00:00,1.4619733333333333
2011-04-26 16:00:00,1.4624983333333335
2011-04-26 20:00:00,1.4637274999999998
2011-04-27 00:00:00,1.4677525
2011-04-27 04:00:00,1.4681833333333334
2011-04-27 08:00:00,1.4675483333333332
2011-04-27 12:00:00,1.4670766666666666
2011-04-27 16:00:00,1.466495
2011-04-27 20:00:00,1.475070833333333
2011-04-28 00:00:00,1.4789358333333333
2011-04-28 04:00:00,1.4856091666666666
2011-04-28 08:00:00,1.4842833333333334
2011-04-28 12:00:00,1.4817483333333334
2011-04-28 16:00:00,1.4809008333333336
2011-04-28 20:00:00,1.4816141666666667
2011-04-29 00:00:00,1.4832383333333334
2011-04-29 04:00:00,1.4826008333333334
2011-04-29 08:00:00,1.4841950000000002
2011-04-29 12:00:00,1.4863475
2011-04-29 16:00:00,1.4833875
2011-04-29 20:00:00,1.4824025
2011-05-02 00:00:00,1.4815991666666668
2011-05-02 04:00:00,1.4796833333333335
2011-05-02 08:00:00,1.4801033333333333
2011-05-02 12:00:00,1.4839116666666667
2011-05-02 16:00:00,1.4865225
2011-05-02 20:00:00,1.4846750000000002
2011-05-03 00:00:00,1.4810866666666667
2011-05-03 04:00:00,1.4799674999999999
2011-05-03 08:00:00,1.4808158333333334
2011-05-03 12:00:00,1.4786233333333332
2011-05-03 16:00:00,1.4844558333333335
2011-05-03 20:00:00,1.4830525
2011-05-04 00:00:00,1.4827758333333334
2011-05-04 04:00:00,1.4794475000000002
2011-05-04 08:00:00,1.4832641666666666
2011-05-04 12:00:00,1.4872466666666666
2011-05-04 16:00:00,1.4882549999999999
2011-05-04 20:00:00,1.4843875000000002
2011-05-05 00:00:00,1.4827683333333332
2011-05-05 04:00:00,1.4851266666666667
2011-05-05 08:00:00,1.4877616666666666
2011-05-05 12:00:00,1.4816633333333333
2011-05-05 16:00:00,1.4622333333333333
2011-05-05 20:00:00,1.4540091666666668
2011-05-06 00:00:00,1.4549508333333334
2011-05-06 04:00:00,1.4558866666666668
2011-05-06 08:00:00,1.455025
2011-05-06 12:00:00,1.4522783333333333
2011-05-06 16:00:00,1.4488050000000001
2011-05-06 20:00:00,1.4348391666666664
2011-05-09 00:00:00,1.4372325000000001
2011-05-09 04:00:00,1.4394191666666667
2011-05-09 08:00:00,1.4407716666666666
2011-05-09 12:00:00,1.4386433333333333
2011-05-09 16:00:00,1.4292025000000002
2011-05-09 20:00:00,1.4342300000000001
2011-05-10 00:00:00,1.43581
2011-05-10 04:00:00,1.4334791666666669
2011-05-10 08:00:00,1.4323550000000003
2011-05-10 12:00:00,1.4353508333333334
2011-05-10 16:00:00,1.4355175
2011-05-10 20:00:00,1.4389433333333335
2011-05-11 00:00:00,1.4406325
2011-05-11 04:00:00,1.4398325
2011-05-11 08:00:00,1.4396274999999998
2011-05-11 12:00:00,1.4372791666666669
2011-05-11 16:00:00,1.4281241666666666
2011-05-11 20:00:00,1.4197241666666667
2011-05-12 00:00:00,1.4206008333333333
2011-05-12 04:00:00,1.422073333333333
2011-05-12 08:00:00,1.420545
2011-05-12 12:00:00,1.4155583333333333
2011-05-12 16:00:00,1.4208383333333334
2011-05-12 20:00:00,1.4243891666666668
2011-05-13 00:00:00,1.4233583333333333
2011-05-13 04:00:00,1.4202475
2011-05-13 08:00:00,1.42706
2011-05-13 12:00:00,1.4288758333333333
2011-05-13 16:00:00,1.4184275
2011-05-13 20:00:00,1.410685
2011-05-16 00:00:00,1.4074708333333334
2011-05-16 04:00:00,1.408609166666667
2011-05-16 08:00:00,1.4117925000000002
2011-05-16 12:00:00,1.4119516666666667
2011-05-16 16:00:00,1.4206791666666667
2011-05-16 20:00:00,1.4187675
2011-05-17 00:00:00,1.4155816666666667
2011-05-17 04:00:00,1.4152583333333333
2011-05-17 08:00:00,1.4168916666666667
2011-05-17 12:00:00,1.41761
2011-05-17 16:00:00,1.4159291666666665
2011-05-17 20:00:00,1.4218908333333333
2011-05-18 00:00:00,1.42536
2011-05-18 04:00:00,1.4267708333333335
2011-05-18 08:00:00,1.42626
2011-05-18 12:00:00,1.4237149999999998
2011-05-18 16:00:00,1.4245658333333333
2011-05-18 20:00:00,1.4244241666666666
2011-05-19 00:00:00,1.4258166666666667
2011-05-19 04:00:00,1.42889
2011-05-19 08:00:00,1.4251125
2011-05-19 12:00:00,1.4256991666666667
2011-05-19 16:00:00,1.4264575
2011-05-19 20:00:00,1.4310275
2011-05-20 00:00:00,1.4313891666666667
2011-05-20 04:00:00,1.4308533333333333
2011-05-20 08:00:00,1.4324133333333333
2011-05-20 12:00:00,1.4258258333333333
2011-05-20 16:00:00,1.4183224999999997
2011-05-20 20:00:00,1.4183191666666668
2011-05-23 00:00:00,1.4119541666666668
2011-05-23 04:00:00,1.4085124999999998
2011-05-23 08:00:00,1.4030866666666668
2011-05-23 12:00:00,1.4005941666666666
2011-05-23 16:00:00,1.4022949999999998
2011-05-23 20:00:00,1.4052125
2011-05-24 00:00:00,1.40354
2011-05-24 04:00:00,1.4048808333333334
2011-05-24 08:00:00,1.4068724999999997
2011-05-24 12:00:00,1.4091708333333335
2011-05-24 16:00:00,1.4104375
2011-05-24 20:00:00,1.4107816666666668
2011-05-25 00:00:00,1.4092741666666666
2011-05-25 04:00:00,1.40519
2011-05-25 08:00:00,1.4035933333333332
2011-05-25 12:00:00,1.4070799999999999
2011-05-25 16:00:00,1.4075791666666668
2011-05-25 20:00:00,1.4083025
2011-05-26 00:00:00,1.4090599999999998
2011-05-26 04:00:00,1.4156499999999999
2011-05-26 08:00:00,1.4171341666666668
2011-05-26 12:00:00,1.4173858333333333
2011-05-26 16:00:00,1.4121383333333333
2011-05-26 20:00:00,1.4132658333333332
2011-05-27 00:00:00,1.4138991666666667
2011-05-27 04:00:00,1.4213875
2011-05-27 08:00:00,1.4243433333333333
2011-05-27 12:00:00,1.4232241666666667
2011-05-27 16:00:00,1.4261108333333334
2011-05-27 20:00:00,1.4285108333333336
2011-05-30 00:00:00,1.4296116666666667
2011-05-30 04:00:00,1.4286349999999999
2011-05-30 08:00:00,1.4274575
2011-05-30 12:00:00,1.4284225000000002
2011-05-30 16:00:00,1.4273666666666667
2011-05-30 20:00:00,1.4278325
2011-05-31 00:00:00,1.43217
2011-05-31 04:00:00,1.4383883333333332
2011-05-31 08:00:00,1.43903
2011-05-31 12:00:00,1.4398208333333333
2011-05-31 16:00:00,1.4383233333333334
2011-05-31 20:00:00,1.43842
2011-06-01 00:00:00,1.4412391666666666
2011-06-01 04:00:00,1.4420341666666667
2011-06-01 08:00:00,1.4423641666666667
2011-06-01 12:00:00,1.4408566666666667
2011-06-01 16:00:00,1.4419866666666667
2011-06-01 20:00:00,1.4360908333333333
2011-06-02 00:00:00,1.4337041666666668
2011-06-02 04:00:00,1.4357341666666665
2011-06-02 08:00:00,1.4379166666666667
2011-06-02 12:00:00,1.4456175
2011-06-02 16:00:00,1.4443716666666666
2011-06-02 20:00:00,1.4487566666666667
2011-06-03 00:00:00,1.4489391666666667
2011-06-03 04:00:00,1.4487016666666666
2011-06-03 08:00:00,1.4479350000000002
2011-06-03 12:00:00,1.4490641666666666
2011-06-03 16:00:00,1.4573183333333335
2011-06-03 20:00:00,1.462805
2011-06-06 00:00:00,1.4641666666666666
2011-06-06 04:00:00,1.4637925
2011-06-06 08:00:00,1.4637766666666667
2011-06-06 12:00:00,1.4610966666666667
2011-06-06 16:00:00,1.4610349999999999
2011-06-06 20:00:00,1.4581716666666666
2011-06-07 00:00:00,1.4582316666666668
2011-06-07 04:00:00,1.4588633333333334
2011-06-07 08:00:00,1.4639833333333332
2011-06-07 12:00:00,1.4667116666666669
2011-06-07 16:00:00,1.467191666666667
2011-06-07 20:00:00,1.4685683333333335
2011-06-08 00:00:00,1.4682983333333333
2011-06-08 04:00:00,1.4658083333333334
2011-06-08 08:00:00,1.4666675000000002
2011-06-08 12:00:00,1.4634483333333335
2011-06-08 16:00:00,1.4604683333333335
2011-06-08 20:00:00,1.4580574999999998
2011-06-09 00:00:00,1.4592675
2011-06-09 04:00:00,1.4621466666666665
2011-06-09 08:00:00,1.4624158333333332
2011-06-09 12:00:00,1.4599275
2011-06-09 16:00:00,1.4516083333333336
2011-06-09 20:00:00,1.4511416666666666
2011-06-10 00:00:00,1.4521325
2011-06-10 04:00:00,1.4521133333333334
2011-06-10 08:00:00,1.4479758333333335
2011-06-10 12:00:00,1.4470275
2011-06-10 16:00:00,1.4382691666666667
2011-06-10 20:00:00,1.4341416666666664
2011-06-13 00:00:00,1.43346
2011-06-13 04:00:00,1.4341658333333334
2011-06-13 08:00:00,1.4348325000000002
2011-06-13 12:00:00,1.4362125
2011-06-13 16:00:00,1.4374225
2011-06-13 20:00:00,1.4404158333333335
2011-06-14 00:00:00,1.4409816666666666
2011-06-14 04:00:00,1.4415416666666667
2011-06-14 08:00:00,1.4442533333333332
2011-06-14 12:00:00,1.4442666666666666
2011-06-14 16:00:00,1.4461975
2011-06-14 20:00:00,1.4462866666666667
2011-06-15 00:00:00,1.4436733333333334
2011-06-15 04:00:00,1.4412983333333331
2011-06-15 08:00:00,1.4380366666666666
2011-06-15 12:00:00,1.4301183333333332
2011-06-15 16:00:00,1.4255408333333333
2011-06-15 20:00:00,1.4174550000000001
2011-06-16 00:00:00,1.4179358333333332
2011-06-16 04:00:00,1.4179966666666668
2011-06-16 08:00:00,1.412914166666667
2011-06-16 12:00:00,1.4106558333333332
2011-06-16 16:00:00,1.4149874999999998
2011-06-16 20:00:00,1.4166525
2011-06-17 00:00:00,1.4203641666666666
2011-06-17 04:00:00,1.4177
2011-06-17 08:00:00,1.4151791666666667
2011-06-17 12:00:00,1.4260375
2011-06-17 16:00:00,1.4304058333333334
2011-06-17 20:00:00,1.4300033333333333
2011-06-20 00:00:00,1.4273799999999999
2011-06-20 04:00:00,1.4260691666666665
2011-06-20 08:00:00,1.4217966666666668
2011-06-20 12:00:00,1.4235375000000003
2011-06-20 16:00:00,1.4308566666666667
2011-06-20 20:00:00,1.4303991666666667
2011-06-21 00:00:00,1.43333
2011-06-21 04:00:00,1.4333241666666667
2011-06-21 08:00:00,1.4354008333333335
2011-06-21 12:00:00,1.4354699999999998
2011-06-21 16:00:00,1.4384733333333333
2011-06-21 20:00:00,1.4403116666666667
2011-06-22 00:00:00,1.438425
2011-06-22 04:00:00,1.4367175
2011-06-22 08:00:00,1.4398
2011-06-22 12:00:00,1.4379708333333334
2011-06-22 16:00:00,1.44117
2011-06-22 20:00:00,1.4375649999999998
2011-06-23 00:00:00,1.432625
2011-06-23 04:00:00,1.4304125
2011-06-23 08:00:00,1.4285008333333333
2011-06-23 12:00:00,1.4222708333333334
2011-06-23 16:00:00,1.4158658333333332
2011-06-23 20:00:00,1.4221558333333333
2011-06-24 00:00:00,1.426355
2011-06-24 04:00:00,1.4256933333333333
2011-06-24 08:00:00,1.42479
2011-06-24 12:00:00,1.4237175000000002
2011-06-24 16:00:00,1.4187516666666666
2011-06-24 20:00:00,1.4175925
2011-06-27 00:00:00,1.416160833333333
2011-06-27 04:00:00,1.412675
2011-06-27 08:00:00,1.4143366666666668
2011-06-27 12:00:00,1.4202583333333332
2011-06-27 16:00:00,1.425495
2011-06-27 20:00:00,1.4272341666666668
2011-06-28 00:00:00,1.4301158333333333
2011-06-28 04:00:00,1.4299091666666666
2011-06-28 08:00:00,1.4284383333333333
2011-06-28 12:00:00,1.4274075
2011-06-28 16:00:00,1.4350133333333333
2011-06-28 20:00:00,1.436105
2011-06-29 00:00:00,1.4358366666666669
2011-06-29 04:00:00,1.4354008333333332
2011-06-29 08:00:00,1.4384774999999999
2011-06-29 12:00:00,1.4408558333333334
2011-06-29 16:00:00,1.4402575
2011-06-29 20:00:00,1.442975
2011-06-30 00:00:00,1.4458141666666666
2011-06-30 04:00:00,1.4493166666666666
2011-06-30 08:00:00,1.4494875
2011-06-30 12:00:00,1.4471858333333332
2011-06-30 16:00:00,1.4498683333333333
2011-06-30 20:00:00,1.4511008333333333
2011-07-01 00:00:00,1.4488025
2011-07-01 04:00:00,1.4494433333333334
2011-07-01 08:00:00,1.4522408333333332
2011-07-01 12:00:00,1.4495933333333333
2011-07-01 16:00:00,1.4489083333333335
2011-07-01 20:00:00,1.4515425
2011-07-04 00:00:00,1.4547958333333333
2011-07-04 04:00:00,1.4553891666666665
2011-07-04 08:00:00,1.4532808333333334
2011-07-04 12:00:00,1.4513366666666667
2011-07-04 16:00:00,1.4517441666666666
2011-07-04 20:00:00,1.4535408333333333
2011-07-05 00:00:00,1.4538600000000002
2011-07-05 04:00:00,1.4484566666666667
2011-07-05 08:00:00,1.4476125
2011-07-05 12:00:00,1.4476433333333334
2011-07-05 16:00:00,1.4470100000000001
2011-07-05 20:00:00,1.4438016666666666
2011-07-06 00:00:00,1.4428474999999998
2011-07-06 04:00:00,1.4452058333333335
2011-07-06 08:00:00,1.440945
2011-07-06 12:00:00,1.4336108333333333
2011-07-06 16:00:00,1.4320275
2011-07-06 20:00:00,1.4309608333333332
2011-07-07 00:00:00,1.4324258333333335
2011-07-07 04:00:00,1.4327649999999998
2011-07-07 08:00:00,1.43153
2011-07-07 12:00:00,1.4283575000000002
2011-07-07 16:00:00,1.4336666666666669
2011-07-07 20:00:00,1.4352216666666666
2011-07-08 00:00:00,1.4357816666666665
2011-07-08 04:00:00,1.435026666666667
2011-07-08 08:00:00,1.4331325
2011-07-08 12:00:00,1.4266016666666665
2011-07-08 16:00:00,1.4276941666666667
2011-07-08 20:00:00,1.4249975
2011-07-11 00:00:00,1.4207741666666664
2011-07-11 04:00:00,1.4201225000000002
2011-07-11 08:00:00,1.4165366666666668
2011-07-11 12:00:00,1.4091883333333333
2011-07-11 16:00:00,1.4033258333333334
2011-07-11 20:00:00,1.4023175
2011-07-12 00:00:00,1.403668333333333
2011-07-12 04:00:00,1.3971016666666665
2011-07-12 08:00:00,1.3915275
2011-07-12 12:00:00,1.3953475
2011-07-12 16:00:00,1.3992458333333335
2011-07-12 20:00:00,1.3998766666666669
2011-07-13 00:00:00,1.3982583333333332
2011-07-13 04:00:00,1.3992241666666667
2011-07-13 08:00:00,1.4026975
2011-07-13 12:00:00,1.4073758333333335
2011-07-13 16:00:00,1.4127233333333333
2011-07-13 20:00:00,1.4147008333333333
2011-07-14 00:00:00,1.423433333333333
2011-07-14 04:00:00,1.4224425000000003
2011-07-14 08:00:00,1.4203575
2011-07-14 12:00:00,1.42001
2011-07-14 16:00:00,1.4187108333333331
2011-07-14 20:00:00,1.4144941666666666
2011-07-15 00:00:00,1.4157383333333335
2011-07-15 04:00:00,1.4175800000000003
2011-07-15 08:00:00,1.4140733333333333
2011-07-15 12:00:00,1.4149891666666667
2011-07-15 16:00:00,1.4131458333333333
2011-07-15 20:00:00,1.4143741666666667
2011-07-18 00:00:00,1.4113633333333335
2011-07-18 04:00:00,1.4069058333333333
2011-07-18 08:00:00,1.4052433333333334
2011-07-18 12:00:00,1.4046633333333332
2011-07-18 16:00:00,1.4051316666666667
2011-07-18 20:00:00,1.4091766666666667
2011-07-19 00:00:00,1.4114499999999999
2011-07-19 04:00:00,1.4118041666666667
2011-07-19 08:00:00,1.4125516666666666
2011-07-19 12:00:00,1.4177041666666668
2011-07-19 16:00:00,1.4171133333333334
2011-07-19 20:00:00,1.4147158333333334
2011-07-20 00:00:00,1.4161841666666668
2011-07-20 04:00:00,1.4157700000000002
2011-07-20 08:00:00,1.4168725000000002
2011-07-20 12:00:00,1.4211591666666665
2011-07-20 16:00:00,1.4193141666666667
2011-07-20 20:00:00,1.4219516666666665
2011-07-21 00:00:00,1.4246133333333333
2011-07-21 04:00:00,1.4254366666666667
2011-07-21 08:00:00,1.4255825
2011-07-21 12:00:00,1.4200508333333333
2011-07-21 16:00:00,1.4358058333333334
2011-07-21 20:00:00,1.4393291666666665
2011-07-22 00:00:00,1.4410599999999998
2011-07-22 04:00:00,1.4389075000000002
2011-07-22 08:00:00,1.4404416666666666
2011-07-22 12:00:00,1.4392858333333332
2011-07-22 16:00:00,1.4354500000000001
2011-07-22 20:00:00,1.4363241666666666
2011-07-25 00:00:00,1.4383141666666666
2011-07-25 04:00:00,1.4384666666666668
2011-07-25 08:00:00,1.4362308333333333
2011-07-25 12:00:00,1.4379358333333334
2011-07-25 16:00:00,1.4353158333333331
2011-07-25 20:00:00,1.4377491666666664
2011-07-26 00:00:00,1.4375316666666669
2011-07-26 04:00:00,1.4454608333333332
2011-07-26 08:00:00,1.4497641666666665
2011-07-26 12:00:00,1.4476475
2011-07-26 16:00:00,1.4484775
2011-07-26 20:00:00,1.4512858333333334
2011-07-27 00:00:00,1.4510991666666666
2011-07-27 04:00:00,1.4508341666666666
2011-07-27 08:00:00,1.4500175
2011-07-27 12:00:00,1.4466916666666665
2011-07-27 16:00:00,1.4396499999999999
2011-07-27 20:00:00,1.4364708333333334
2011-07-28 00:00:00,1.4367408333333331
2011-07-28 04:00:00,1.4354033333333334
2011-07-28 08:00:00,1.4365275
2011-07-28 12:00:00,1.4292549999999997
2011-07-28 16:00:00,1.42965
2011-07-28 20:00:00,1.4314175
2011-07-29 00:00:00,1.4325508333333334
2011-07-29 04:00:00,1.432465
2011-07-29 08:00:00,1.4285416666666668
2011-07-29 12:00:00,1.4276225
2011-07-29 16:00:00,1.4377441666666668
2011-07-29 20:00:00,1.4375541666666667
2011-08-01 00:00:00,1.4363658333333333
2011-08-01 04:00:00,1.4387266666666667
2011-08-01 08:00:00,1.4398433333333334
2011-08-01 12:00:00,1.44259
2011-08-01 16:00:00,1.42569
2011-08-01 20:00:00,1.4252733333333332
2011-08-02 00:00:00,1.4262625000000002
2011-08-02 04:00:00,1.4261691666666667
2011-08-02 08:00:00,1.4209049999999999
2011-08-02 12:00:00,1.4191408333333335
2011-08-02 16:00:00,1.4227975
2011-08-02 20:00:00,1.4198416666666667
2011-08-03 00:00:00,1.4182916666666667
2011-08-03 04:00:00,1.4189883333333333
2011-08-03 08:00:00,1.4223075
2011-08-03 12:00:00,1.431693333333333
2011-08-03 16:00:00,1.4304233333333334
2011-08-03 20:00:00,1.4318791666666666
2011-08-04 00:00:00,1.4351466666666666
2011-08-04 04:00:00,1.4303825
2011-08-04 08:00:00,1.4280641666666667
2011-08-04 12:00:00,1.4231133333333332
2011-08-04 16:00:00,1.4158816666666667
2011-08-04 20:00:00,1.4127
2011-08-05 00:00:00,1.4082191666666668
2011-08-05 04:00:00,1.4105741666666667
2011-08-05 08:00:00,1.4123125
2011-08-05 12:00:00,1.4155708333333334
2011-08-05 16:00:00,1.41952
2011-08-05 20:00:00,1.4269833333333333
2011-08-08 00:00:00,1.4330841666666665
2011-08-08 04:00:00,1.432915
2011-08-08 08:00:00,1.4348958333333333
2011-08-08 12:00:00,1.4244716666666668
2011-08-08 16:00:00,1.4195841666666666
2011-08-08 20:00:00,1.4195966666666668
2011-08-09 00:00:00,1.4169925
2011-08-09 04:00:00,1.420845
2011-08-09 08:00:00,1.4233675000000001
2011-08-09 12:00:00,1.4261441666666665
2011-08-09 16:00:00,1.4236441666666666
2011-08-09 20:00:00,1.4279249999999999
2011-08-10 00:00:00,1.43708
2011-08-10 04:00:00,1.4347858333333334
2011-08-10 08:00:00,1.4352858333333334
2011-08-10 12:00:00,1.4356
2011-08-10 16:00:00,1.4195083333333336
2011-08-10 20:00:00,1.4193858333333333
2011-08-11 00:00:00,1.415065
2011-08-11 04:00:00,1.4214008333333334
2011-08-11 08:00:00,1.4244791666666667
2011-08-11 12:00:00,1.4176125
2011-08-11 16:00:00,1.4225391666666667
2011-08-11 20:00:00,1.4220091666666668
2011-08-12 00:00:00,1.4221866666666667
2011-08-12 04:00:00,1.419035
2011-08-12 08:00:00,1.4201875
2011-08-12 12:00:00,1.42498
2011-08-12 16:00:00,1.4241058333333334
2011-08-12 20:00:00,1.4244425
2011-08-15 00:00:00,1.4275808333333333
2011-08-15 04:00:00,1.4303083333333335
2011-08-15 08:00:00,1.4304283333333334
2011-08-15 12:00:00,1.4311591666666668
2011-08-15 16:00:00,1.4438791666666668
2011-08-15 20:00:00,1.4442358333333334
2011-08-16 00:00:00,1.4439233333333334
2011-08-16 04:00:00,1.4430566666666667
2011-08-16 08:00:00,1.4393225
2011-08-16 12:00:00,1.4374241666666667
2011-08-16 16:00:00,1.4404866666666665
2011-08-16 20:00:00,1.4403766666666669
2011-08-17 00:00:00,1.438891666666667
2011-08-17 04:00:00,1.4384466666666667
2011-08-17 08:00:00,1.4389558333333332
2011-08-17 12:00:00,1.4459
2011-08-17 16:00:00,1.4461983333333333
2011-08-17 20:00:00,1.4440416666666667
2011-08-18 00:00:00,1.4424758333333332
2011-08-18 04:00:00,1.4399133333333334
2011-08-18 08:00:00,1.44079
2011-08-18 12:00:00,1.437955
2011-08-18 16:00:00,1.4322175
2011-08-18 20:00:00,1.432355
2011-08-19 00:00:00,1.431465
2011-08-19 04:00:00,1.4318875
2011-08-19 08:00:00,1.4299483333333334
2011-08-19 12:00:00,1.4345883333333334
2011-08-19 16:00:00,1.441295
2011-08-19 20:00:00,1.4390741666666667
2011-08-22 00:00:00,1.4370816666666668
2011-08-22 04:00:00,1.4373033333333332
2011-08-22 08:00:00,1.43795
2011-08-22 12:00:00,1.44169
2011-08-22 16:00:00,1.4393241666666667
2011-08-22 20:00:00,1.4368583333333333
2011-08-23 00:00:00,1.435975
2011-08-23 04:00:00,1.4374874999999998
2011-08-23 08:00:00,1.4418625
2011-08-23 12:00:00,1.44681
2011-08-23 16:00:00,1.4411091666666667
2011-08-23 20:00:00,1.4428299999999998
2011-08-24 00:00:00,1.4431008333333335
2011-08-24 04:00:00,1.440505
2011-08-24 08:00:00,1.4413775
2011-08-24 12:00:00,1.4452341666666666
2011-08-24 16:00:00,1.4424516666666667
2011-08-24 20:00:00,1.44193
2011-08-25 00:00:00,1.4408975
2011-08-25 04:00:00,1.440304166666667
2011-08-25 08:00:00,1.4432066666666665
2011-08-25 12:00:00,1.4431225
2011-08-25 16:00:00,1.4382708333333334
2011-08-25 20:00:00,1.4375433333333332
2011-08-26 00:00:00,1.4383133333333333
2011-08-26 04:00:00,1.4407358333333333
2011-08-26 08:00:00,1.4430775000000002
2011-08-26 12:00:00,1.4421449999999998
2011-08-26 16:00:00,1.4427791666666667
2011-08-26 20:00:00,1.4487
2011-08-29 00:00:00,1.4486016666666666
2011-08-29 04:00:00,1.4485258333333335
2011-08-29 08:00:00,1.4529324999999997
2011-08-29 12:00:00,1.4505691666666665
2011-08-29 16:00:00,1.4521208333333333
2011-08-29 20:00:00,1.4505366666666668
2011-08-30 00:00:00,1.4516775
2011-08-30 04:00:00,1.4516391666666666
2011-08-30 08:00:00,1.4490025
2011-08-30 12:00:00,1.4411208333333334
2011-08-30 16:00:00,1.4428641666666666
2011-08-30 20:00:00,1.4439108333333333
2011-08-31 00:00:00,1.4434958333333332
2011-08-31 04:00:00,1.44313
2011-08-31 08:00:00,1.444035
2011-08-31 12:00:00,1.4441741666666665
2011-08-31 16:00:00,1.4417900000000001
2011-08-31 20:00:00,1.4374725000000002
2011-09-01 00:00:00,1.4369383333333334
2011-09-01 04:00:00,1.4369258333333335
2011-09-01 08:00:00,1.4336708333333332
2011-09-01 12:00:00,1.42807
2011-09-01 16:00:00,1.4278308333333334
2011-09-01 20:00:00,1.4270525
2011-09-02 00:00:00,1.4264433333333333
2011-09-02 04:00:00,1.4267575
2011-09-02 08:00:00,1.4240391666666667
2011-09-02 12:00:00,1.4253275
2011-09-02 16:00:00,1.4214575
2011-09-02 20:00:00,1.4194991666666668
2011-09-05 00:00:00,1.4153308333333332
2011-09-05 04:00:00,1.4165233333333334
2011-09-05 08:00:00,1.4142158333333334
2011-09-05 12:00:00,1.4125025
2011-09-05 16:00:00,1.4099766666666667
2011-09-05 20:00:00,1.4092433333333334
2011-09-06 00:00:00,1.4076091666666666
2011-09-06 04:00:00,1.4072766666666667
2011-09-06 08:00:00,1.41044
2011-09-06 12:00:00,1.4145458333333334
2011-09-06 16:00:00,1.4024649999999999
2011-09-06 20:00:00,1.3995516666666667
2011-09-07 00:00:00,1.4006225
2011-09-07 04:00:00,1.4037616666666666
2011-09-07 08:00:00,1.4074358333333334
2011-09-07 12:00:00,1.405405
2011-09-07 16:00:00,1.4051825
2011-09-07 20:00:00,1.4087158333333334
2011-09-08 00:00:00,1.4083116666666666
2011-09-08 04:00:00,1.40621
2011-09-08 08:00:00,1.4069725
2011-09-08 12:00:00,1.4041791666666668
2011-09-08 16:00:00,1.3971916666666666
2011-09-08 20:00:00,1.3891975
2011-09-09 00:00:00,1.3896383333333333
2011-09-09 04:00:00,1.3924166666666666
2011-09-09 08:00:00,1.3885541666666668
2011-09-09 12:00:00,1.3808775
2011-09-09 16:00:00,1.3698491666666668
2011-09-09 20:00:00,1.3667958333333332
2011-09-12 00:00:00,1.3588791666666666
2011-09-12 04:00:00,1.35753
2011-09-12 08:00:00,1.3560066666666666
2011-09-12 12:00:00,1.3627025000000001
2011-09-12 16:00:00,1.3635433333333333
2011-09-12 20:00:00,1.361765
2011-09-13 00:00:00,1.3651966666666666
2011-09-13 04:00:00,1.3673333333333333
2011-09-13 08:00:00,1.3632183333333332
2011-09-13 12:00:00,1.3644300000000003
2011-09-13 16:00:00,1.3685816666666666
2011-09-13 20:00:00,1.3702708333333335
2011-09-14 00:00:00,1.3683025
2011-09-14 04:00:00,1.3651616666666666
2011-09-14 08:00:00,1.3637391666666667
2011-09-14 12:00:00,1.3706291666666666
2011-09-14 16:00:00,1.3695599999999999
2011-09-14 20:00:00,1.3753066666666667
2011-09-15 00:00:00,1.3744458333333334
2011-09-15 04:00:00,1.3722724999999998
2011-09-15 08:00:00,1.3742325
2011-09-15 12:00:00,1.3795483333333334
2011-09-15 16:00:00,1.386085
2011-09-15 20:00:00,1.3883683333333334
2011-09-16 00:00:00,1.3871683333333333
2011-09-16 04:00:00,1.3854083333333334
2011-09-16 08:00:00,1.38256
2011-09-16 12:00:00,1.3798133333333333
2011-09-16 16:00:00,1.3796491666666666
2011-09-16 20:00:00,1.3788908333333334
2011-09-19 00:00:00,1.3687091666666666
2011-09-19 04:00:00,1.3662358333333333
2011-09-19 08:00:00,1.3673516666666667
2011-09-19 12:00:00,1.3653591666666667
2011-09-19 16:00:00,1.3623758333333333
2011-09-19 20:00:00,1.3671516666666668
2011-09-20 00:00:00,1.3637625000000002
2011-09-20 04:00:00,1.3618433333333333
2011-09-20 08:00:00,1.3639425000000003
2011-09-20 12:00:00,1.3700083333333333
2011-09-20 16:00:00,1.3688375
2011-09-20 20:00:00,1.3679683333333332
2011-09-21 00:00:00,1.3699925
2011-09-21 04:00:00,1.3714024999999999
2011-09-21 08:00:00,1.3684699999999999
2011-09-21 12:00:00,1.3663608333333335
2011-09-21 16:00:00,1.3701391666666667
2011-09-21 20:00:00,1.3668766666666665
2011-09-22 00:00:00,1.3576083333333333
2011-09-22 04:00:00,1.3550658333333334
2011-09-22 08:00:00,1.3541174999999999
2011-09-22 12:00:00,1.34516
2011-09-22 16:00:00,1.3453108333333335
2011-09-22 20:00:00,1.3470191666666667
2011-09-23 00:00:00,1.3490491666666669
2011-09-23 04:00:00,1.3525741666666666
2011-09-23 08:00:00,1.3516433333333333
2011-09-23 12:00:00,1.347135
2011-09-23 16:00:00,1.3505716666666667
2011-09-23 20:00:00,1.34916
2011-09-26 00:00:00,1.3501858333333332
2011-09-26 04:00:00,1.3417341666666667
2011-09-26 08:00:00,1.3413283333333335
2011-09-26 12:00:00,1.3486941666666667
2011-09-26 16:00:00,1.3475941666666666
2011-09-26 20:00:00,1.3483175
2011-09-27 00:00:00,1.3510283333333335
2011-09-27 04:00:00,1.3532108333333333
2011-09-27 08:00:00,1.3524325
2011-09-27 12:00:00,1.3543883333333333
2011-09-27 16:00:00,1.3616366666666666
2011-09-27 20:00:00,1.3617025
2011-09-28 00:00:00,1.3582058333333333
2011-09-28 04:00:00,1.3569975
2011-09-28 08:00:00,1.3591600000000001
2011-09-28 12:00:00,1.3644975000000001
2011-09-28 16:00:00,1.3616766666666669
2011-09-28 20:00:00,1.3562141666666667
2011-09-29 00:00:00,1.3531541666666667
2011-09-29 04:00:00,1.3582966666666667
2011-09-29 08:00:00,1.3631916666666666
2011-09-29 12:00:00,1.3631133333333334
2011-09-29 16:00:00,1.3629516666666666
2011-09-29 20:00:00,1.3578608333333333
2011-09-30 00:00:00,1.3584258333333334
2011-09-30 04:00:00,1.3546225
2011-09-30 08:00:00,1.3532058333333334
2011-09-30 12:00:00,1.3502775
2011-09-30 16:00:00,1.3440833333333333
2011-09-30 20:00:00,1.3417491666666668
2011-10-03 00:00:00,1.3351558333333333
2011-10-03 04:00:00,1.3333591666666669
2011-10-03 08:00:00,1.3335116666666669
2011-10-03 12:00:00,1.3346166666666668
2011-10-03 16:00:00,1.3287774999999997
2011-10-03 20:00:00,1.3217166666666667
2011-10-04 00:00:00,1.3187983333333333
2011-10-04 04:00:00,1.320185
2011-10-04 08:00:00,1.3193766666666666
2011-10-04 12:00:00,1.3190216666666665
2011-10-04 16:00:00,1.3251383333333333
2011-10-04 20:00:00,1.3281625
2011-10-05 00:00:00,1.3319241666666666
2011-10-05 04:00:00,1.3290508333333333
2011-10-05 08:00:00,1.3311258333333333
2011-10-05 12:00:00,1.3327133333333334
2011-10-05 16:00:00,1.331255
2011-10-05 20:00:00,1.3349116666666665
2011-10-06 00:00:00,1.3345825
2011-10-06 04:00:00,1.3331966666666668
2011-10-06 08:00:00,1.3344274999999999
2011-10-06 12:00:00,1.3326008333333332
2011-10-06 16:00:00,1.3377408333333334
2011-10-06 20:00:00,1.3431766666666667
2011-10-07 00:00:00,1.3424733333333334
2011-10-07 04:00:00,1.3425341666666668
2011-10-07 08:00:00,1.3436649999999999
2011-10-07 12:00:00,1.3442708333333333
2011-10-07 16:00:00,1.3475683333333333
2011-10-07 20:00:00,1.3391083333333333
2011-10-10 00:00:00,1.33994
2011-10-10 04:00:00,1.345543333333333
2011-10-10 08:00:00,1.3502825
2011-10-10 12:00:00,1.3586349999999998
2011-10-10 16:00:00,1.3656041666666665
2011-10-10 20:00:00,1.3649558333333334
2011-10-11 00:00:00,1.363259166666667
2011-10-11 04:00:00,1.3632024999999999
2011-10-11 08:00:00,1.3631983333333335
2011-10-11 12:00:00,1.3596274999999998
2011-10-11 16:00:00,1.3624424999999998
2011-10-11 20:00:00,1.3663208333333334
2011-10-12 00:00:00,1.3637758333333332
2011-10-12 04:00:00,1.3608383333333334
2011-10-12 08:00:00,1.3673083333333333
2011-10-12 12:00:00,1.3780883333333331
2011-10-12 16:00:00,1.3794741666666668
2011-10-12 20:00:00,1.3801391666666665
2011-10-13 00:00:00,1.378231666666667
2011-10-13 04:00:00,1.3786999999999998
2011-10-13 08:00:00,1.3785150000000002
2011-10-13 12:00:00,1.3732558333333333
2011-10-13 16:00:00,1.3717916666666667
2011-10-13 20:00:00,1.3777225
2011-10-14 00:00:00,1.3751166666666665
2011-10-14 04:00:00,1.3757975
2011-10-14 08:00:00,1.3783333333333334
2011-10-14 12:00:00,1.3796933333333332
2011-10-14 16:00:00,1.3858450000000002
2011-10-14 20:00:00,1.3872050000000002
2011-10-17 00:00:00,1.3872591666666667
2011-10-17 04:00:00,1.3848966666666667
2011-10-17 08:00:00,1.3872366666666667
2011-10-17 12:00:00,1.3809525
2011-10-17 16:00:00,1.3766125
2011-10-17 20:00:00,1.3747641666666666
2011-10-18 00:00:00,1.3745216666666669
2011-10-18 04:00:00,1.3772875
2011-10-18 08:00:00,1.3735266666666666
2011-10-18 12:00:00,1.3685608333333334
2011-10-18 16:00:00,1.3698341666666667
2011-10-18 20:00:00,1.3750858333333333
2011-10-19 00:00:00,1.3740683333333332
2011-10-19 04:00:00,1.3784166666666668
2011-10-19 08:00:00,1.3811058333333333
2011-10-19 12:00:00,1.3841458333333332
2011-10-19 16:00:00,1.3794300000000002
2011-10-19 20:00:00,1.3758858333333333
2011-10-20 00:00:00,1.3763166666666666
2011-10-20 04:00:00,1.3730366666666667
2011-10-20 08:00:00,1.3708
2011-10-20 12:00:00,1.3795916666666668
2011-10-20 16:00:00,1.37118
2011-10-20 20:00:00,1.3761033333333332
2011-10-21 00:00:00,1.3780525
2011-10-21 04:00:00,1.3779375
2011-10-21 08:00:00,1.3760108333333332
2011-10-21 12:00:00,1.3785725
2011-10-21 16:00:00,1.3873716666666667
2011-10-21 20:00:00,1.3865966666666667
2011-10-24 00:00:00,1.3852
2011-10-24 04:00:00,1.3874216666666668
2011-10-24 08:00:00,1.3901525
2011-10-24 12:00:00,1.3850458333333333
2011-10-24 16:00:00,1.3888983333333331
2011-10-24 20:00:00,1.3933866666666668
2011-10-25 00:00:00,1.3919591666666666
2011-10-25 04:00:00,1.3909041666666666
2011-10-25 08:00:00,1.390885
2011-10-25 12:00:00,1.3929416666666665
2011-10-25 16:00:00,1.3903191666666666
2011-10-25 20:00:00,1.3916575000000002
2011-10-26 00:00:00,1.3907208333333334
2011-10-26 04:00:00,1.3921716666666666
2011-10-26 08:00:00,1.3922483333333333
2011-10-26 12:00:00,1.3929216666666666
2011-10-26 16:00:00,1.3857841666666666
2011-10-26 20:00:00,1.389455
2011-10-27 00:00:00,1.3890500000000001
2011-10-27 04:00:00,1.3964999999999999
2011-10-27 08:00:00,1.4001433333333333
2011-10-27 12:00:00,1.4028291666666668
2011-10-27 16:00:00,1.4149875
2011-10-27 20:00:00,1.4203716666666666
2011-10-28 00:00:00,1.4182283333333334
2011-10-28 04:00:00,1.4171191666666665
2011-10-28 08:00:00,1.4177416666666667
2011-10-28 12:00:00,1.4163416666666666
2011-10-28 16:00:00,1.4161266666666668
2011-10-28 20:00:00,1.4156708333333334
2011-10-31 00:00:00,1.4145408333333334
2011-10-31 04:00:00,1.4050608333333332
2011-10-31 08:00:00,1.40144
2011-10-31 12:00:00,1.4000441666666668
2011-10-31 16:00:00,1.3969516666666666
2011-10-31 20:00:00,1.3895225
2011-11-01 00:00:00,1.38507
2011-11-01 04:00:00,1.383729166666667
2011-11-01 08:00:00,1.3769425
2011-11-01 12:00:00,1.3685508333333334
2011-11-01 16:00:00,1.3665575
2011-11-01 20:00:00,1.3712616666666668
2011-11-02 00:00:00,1.367695
2011-11-02 04:00:00,1.3711583333333333
2011-11-02 08:00:00,1.3742191666666668
2011-11-02 12:00:00,1.3774041666666665
2011-11-02 16:00:00,1.3791616666666666
2011-11-02 20:00:00,1.3747
2011-11-03 00:00:00,1.3717975
2011-11-03 04:00:00,1.3685116666666666
2011-11-03 08:00:00,1.3694199999999999
2011-11-03 12:00:00,1.3781566666666667
2011-11-03 16:00:00,1.374415
2011-11-03 20:00:00,1.3822308333333335
2011-11-04 00:00:00,1.3815591666666667
2011-11-04 04:00:00,1.3807058333333333
2011-11-04 08:00:00,1.3809941666666667
2011-11-04 12:00:00,1.3833341666666665
2011-11-04 16:00:00,1.374685
2011-11-04 20:00:00,1.3776416666666669
2011-11-07 00:00:00,1.3793725
2011-11-07 04:00:00,1.3769216666666666
2011-11-07 08:00:00,1.3746975
2011-11-07 12:00:00,1.3732875
2011-11-07 16:00:00,1.3760341666666667
2011-11-07 20:00:00,1.3760966666666667
2011-11-08 00:00:00,1.3762675
2011-11-08 04:00:00,1.3755708333333334
2011-11-08 08:00:00,1.37487
2011-11-08 12:00:00,1.37737
2011-11-08 16:00:00,1.3801516666666667
2011-11-08 20:00:00,1.3817691666666667
2011-11-09 00:00:00,1.3830758333333333
2011-11-09 04:00:00,1.3835425
2011-11-09 08:00:00,1.3812008333333334
2011-11-09 12:00:00,1.3677458333333334
2011-11-09 16:00:00,1.3591266666666666
2011-11-09 20:00:00,1.3564933333333333
2011-11-10 00:00:00,1.3531958333333334
2011-11-10 04:00:00,1.3539066666666666
2011-11-10 08:00:00,1.352945
2011-11-10 12:00:00,1.359785
2011-11-10 16:00:00,1.3601625
2011-11-10 20:00:00,1.360325
2011-11-11 00:00:00,1.3603666666666667
2011-11-11 04:00:00,1.3613
2011-11-11 08:00:00,1.3627325
2011-11-11 12:00:00,1.3636033333333333
2011-11-11 16:00:00,1.3704991666666664
2011-11-11 20:00:00,1.3755091666666663
2011-11-14 00:00:00,1.3770608333333334
2011-11-14 04:00:00,1.3766583333333333
2011-11-14 08:00:00,1.3745416666666668
2011-11-14 12:00:00,1.3681466666666666
2011-11-14 16:00:00,1.3636508333333335
2011-11-14 20:00:00,1.3620325
2011-11-15 00:00:00,1.3626133333333335
2011-11-15 04:00:00,1.3618641666666667
2011-11-15 08:00:00,1.3596400000000002
2011-11-15 12:00:00,1.354274166666667
2011-11-15 16:00:00,1.3537533333333334
2011-11-15 20:00:00,1.3540183333333333
2011-11-16 00:00:00,1.3520808333333334
2011-11-16 04:00:00,1.346935
2011-11-16 08:00:00,1.34611
2011-11-16 12:00:00,1.3500275
2011-11-16 16:00:00,1.3502658333333333
2011-11-16 20:00:00,1.3515074999999999
2011-11-17 00:00:00,1.3450308333333334
2011-11-17 04:00:00,1.3465941666666668
2011-11-17 08:00:00,1.3492625
2011-11-17 12:00:00,1.3468666666666667
2011-11-17 16:00:00,1.3510708333333334
2011-11-17 20:00:00,1.3469841666666666
2011-11-18 00:00:00,1.3459633333333334
2011-11-18 04:00:00,1.34802
2011-11-18 08:00:00,1.349238333333333
2011-11-18 12:00:00,1.3552541666666669
2011-11-18 16:00:00,1.3540608333333333
2011-11-18 20:00:00,1.3518325
2011-11-21 00:00:00,1.3521258333333335
2011-11-21 04:00:00,1.3525174999999998
2011-11-21 08:00:00,1.3499775
2011-11-21 12:00:00,1.3450983333333335
2011-11-21 16:00:00,1.3471391666666666
2011-11-21 20:00:00,1.3505666666666665
2011-11-22 00:00:00,1.348875
2011-11-22 04:00:00,1.3488816666666665
2011-11-22 08:00:00,1.3506075000000002
2011-11-22 12:00:00,1.3539525
2011-11-22 16:00:00,1.3506475
2011-11-22 20:00:00,1.3514875
2011-11-23 00:00:00,1.3514308333333334
2011-11-23 04:00:00,1.3472033333333333
2011-11-23 08:00:00,1.34593
2011-11-23 12:00:00,1.3407908333333334
2011-11-23 16:00:00,1.3370391666666666
2011-11-23 20:00:00,1.3341475
2011-11-24 00:00:00,1.3346966666666669
2011-11-24 04:00:00,1.3371549999999999
2011-11-24 08:00:00,1.3369333333333335
2011-11-24 12:00:00,1.33814
2011-11-24 16:00:00,1.3334916666666667
2011-11-24 20:00:00,1.3340008333333333
2011-11-25 00:00:00,1.33355
2011-11-25 04:00:00,1.3317541666666666
2011-11-25 08:00:00,1.3302458333333336
2011-11-25 12:00:00,1.3248941666666667
2011-11-25 16:00:00,1.3254458333333334
2011-11-25 20:00:00,1.3231583333333332
2011-11-28 00:00:00,1.3287075000000002
2011-11-28 04:00:00,1.3305141666666667
2011-11-28 08:00:00,1.3302558333333332
2011-11-28 12:00:00,1.3369558333333333
2011-11-28 16:00:00,1.3362349999999998
2011-11-28 20:00:00,1.3315075
2011-11-29 00:00:00,1.3310666666666666
2011-11-29 04:00:00,1.3323516666666666
2011-11-29 08:00:00,1.3349608333333334
2011-11-29 12:00:00,1.3368891666666665
2011-11-29 16:00:00,1.3330125000000002
2011-11-29 20:00:00,1.3330233333333332
2011-11-30 00:00:00,1.332235
2011-11-30 04:00:00,1.3334141666666666
2011-11-30 08:00:00,1.3297308333333335
2011-11-30 12:00:00,1.329485
2011-11-30 16:00:00,1.3463708333333333
2011-11-30 20:00:00,1.3438399999999997
2011-12-01 00:00:00,1.34409
2011-12-01 04:00:00,1.345005
2011-12-01 08:00:00,1.3450741666666668
2011-12-01 12:00:00,1.3483708333333333
2011-12-01 16:00:00,1.3481958333333335
2011-12-01 20:00:00,1.3460566666666667
2011-12-02 00:00:00,1.34658
2011-12-02 04:00:00,1.3465141666666667
2011-12-02 08:00:00,1.3467483333333332
2011-12-02 12:00:00,1.3493024999999998
2011-12-02 16:00:00,1.3457533333333334
2011-12-02 20:00:00,1.3396283333333334
2011-12-05 00:00:00,1.34063
2011-12-05 04:00:00,1.3410950000000001
2011-12-05 08:00:00,1.3422075
2011-12-05 12:00:00,1.3444616666666667
2011-12-05 16:00:00,1.3460066666666668
2011-12-05 20:00:00,1.3414166666666667
2011-12-06 00:00:00,1.33933
2011-12-06 04:00:00,1.3373408333333334
2011-12-06 08:00:00,1.3367433333333332
2011-12-06 12:00:00,1.3395266666666665
2011-12-06 16:00:00,1.33827
2011-12-06 20:00:00,1.3398533333333333
2011-12-07 00:00:00,1.3404425
2011-12-07 04:00:00,1.3415925
2011-12-07 08:00:00,1.3433033333333335
2011-12-07 12:00:00,1.3392916666666665
2011-12-07 16:00:00,1.3378100000000002
2011-12-07 20:00:00,1.3408375000000001
2011-12-08 00:00:00,1.3407325
2011-12-08 04:00:00,1.3402108333333334
2011-12-08 08:00:00,1.340924166666667
2011-12-08 12:00:00,1.3397033333333332
2011-12-08 16:00:00,1.3343758333333333
2011-12-08 20:00:00,1.3335141666666668
2011-12-09 00:00:00,1.3344358333333333
2011-12-09 04:00:00,1.3340616666666665
2011-12-09 08:00:00,1.3314658333333333
2011-12-09 12:00:00,1.3376908333333335
2011-12-09 16:00:00,1.3359291666666666
2011-12-09 20:00:00,1.3369358333333332
2011-12-12 00:00:00,1.3368091666666666
2011-12-12 04:00:00,1.3349158333333333
2011-12-12 08:00:00,1.3328716666666667
2011-12-12 12:00:00,1.3268883333333332
2011-12-12 16:00:00,1.3227825
2011-12-12 20:00:00,1.3187483333333334
2011-12-13 00:00:00,1.3175766666666666
2011-12-13 04:00:00,1.3188591666666665
2011-12-13 08:00:00,1.3191533333333334
2011-12-13 12:00:00,1.3196241666666668
2011-12-13 16:00:00,1.3146466666666667
2011-12-13 20:00:00,1.3062816666666666
2011-12-14 00:00:00,1.3030591666666669
2011-12-14 04:00:00,1.3031041666666667
2011-12-14 08:00:00,1.30312
2011-12-14 12:00:00,1.3015325
2011-12-14 16:00:00,1.2974291666666666
2011-12-14 20:00:00,1.2985091666666668
2011-12-15 00:00:00,1.2984658333333332
2011-12-15 04:00:00,1.2987866666666665
2011-12-15 08:00:00,1.2999933333333333
2011-12-15 12:00:00,1.2995133333333333
2011-12-15 16:00:00,1.3017400000000001
2011-12-15 20:00:00,1.3012775
2011-12-16 00:00:00,1.3022958333333334
2011-12-16 04:00:00,1.3035733333333335
2011-12-16 08:00:00,1.302445
2011-12-16 12:00:00,1.3038591666666668
2011-12-16 16:00:00,1.3045508333333333
2011-12-16 20:00:00,1.3019283333333334
2011-12-19 00:00:00,1.3032241666666666
2011-12-19 04:00:00,1.3006091666666668
2011-12-19 08:00:00,1.30102
2011-12-19 12:00:00,1.3020333333333332
2011-12-19 16:00:00,1.3024275
2011-12-19 20:00:00,1.3010591666666667
2011-12-20 00:00:00,1.3000825
2011-12-20 04:00:00,1.3001733333333334
2011-12-20 08:00:00,1.3014775
2011-12-20 12:00:00,1.3072441666666668
2011-12-20 16:00:00,1.3104908333333334
2011-12-20 20:00:00,1.3079075
2011-12-21 00:00:00,1.3087116666666667
2011-12-21 04:00:00,1.3115283333333334
2011-12-21 08:00:00,1.3121508333333334
2011-12-21 12:00:00,1.3110933333333334
2011-12-21 16:00:00,1.3045033333333333
2011-12-21 20:00:00,1.3056541666666668
2011-12-22 00:00:00,1.3041683333333334
2011-12-22 04:00:00,1.3043391666666666
2011-12-22 08:00:00,1.3066441666666668
2011-12-22 12:00:00,1.3069716666666666
2011-12-22 16:00:00,1.3044408333333333
2011-12-22 20:00:00,1.3046758333333333
2011-12-23 00:00:00,1.3052666666666666
2011-12-23 04:00:00,1.3068308333333334
2011-12-23 08:00:00,1.3076258333333333
2011-12-23 12:00:00,1.3070208333333333
2011-12-23 16:00:00,1.3042550000000002
2011-12-23 20:00:00,1.3046008333333334
2011-12-26 00:00:00,1.3040666666666667
2011-12-26 04:00:00,1.3054549999999998
2011-12-26 08:00:00,1.306005
2011-12-26 12:00:00,1.3066483333333334
2011-12-26 16:00:00,1.3069575
2011-12-26 20:00:00,1.3065033333333333
2011-12-27 00:00:00,1.3053675
2011-12-27 04:00:00,1.306575
2011-12-27 08:00:00,1.3071233333333332
2011-12-27 12:00:00,1.3070333333333333
2011-12-27 16:00:00,1.3067
2011-12-27 20:00:00,1.3071583333333332
2011-12-28 00:00:00,1.3068675
2011-12-28 04:00:00,1.3068333333333333
2011-12-28 08:00:00,1.30639
2011-12-28 12:00:00,1.3070708333333334
2011-12-28 16:00:00,1.2994125
2011-12-28 20:00:00,1.2937175
2011-12-29 00:00:00,1.2927575
2011-12-29 04:00:00,1.2925675
2011-12-29 08:00:00,1.2929383333333333
2011-12-29 12:00:00,1.2895575
2011-12-29 16:00:00,1.2911525
2011-12-29 20:00:00,1.2944225
2011-12-30 00:00:00,1.2953283333333334
2011-12-30 04:00:00,1.2944541666666667
2011-12-30 08:00:00,1.2935691666666664
2011-12-30 12:00:00,1.2933233333333334
2011-12-30 16:00:00,1.2969358333333334
2011-12-30 20:00:00,1.295175
2012-01-02 00:00:00,1.2942433333333332
2012-01-02 04:00:00,1.293155
2012-01-02 08:00:00,1.2935508333333334
2012-01-02 12:00:00,1.2947375
2012-01-02 16:00:00,1.2927416666666667
2012-01-02 20:00:00,1.292635
2012-01-03 00:00:00,1.2937216666666667
2012-01-03 04:00:00,1.2974066666666668
2012-01-03 08:00:00,1.2984783333333332
2012-01-03 12:00:00,1.3026216666666668
2012-01-03 16:00:00,1.3042175
2012-01-03 20:00:00,1.3057775
2012-01-04 00:00:00,1.3050758333333334
2012-01-04 04:00:00,1.3036791666666665
2012-01-04 08:00:00,1.3038275000000001
2012-01-04 12:00:00,1.3007225
2012-01-04 16:00:00,1.293485
2012-01-04 20:00:00,1.2943099999999998
2012-01-05 00:00:00,1.2936691666666666
2012-01-05 04:00:00,1.2926308333333334
2012-01-05 08:00:00,1.2912708333333334
2012-01-05 12:00:00,1.2846658333333334
2012-01-05 16:00:00,1.2801166666666666
2012-01-05 20:00:00,1.2788249999999999
2012-01-06 00:00:00,1.2788583333333332
2012-01-06 04:00:00,1.2791775
2012-01-06 08:00:00,1.2780924999999999
2012-01-06 12:00:00,1.2794683333333334
2012-01-06 16:00:00,1.2727733333333333
2012-01-06 20:00:00,1.2720691666666668
2012-01-09 00:00:00,1.2693858333333332
2012-01-09 04:00:00,1.2690608333333333
2012-01-09 08:00:00,1.272985
2012-01-09 12:00:00,1.2762025000000001
2012-01-09 16:00:00,1.2741616666666666
2012-01-09 20:00:00,1.27525
2012-01-10 00:00:00,1.2768358333333334
2012-01-10 04:00:00,1.27713
2012-01-10 08:00:00,1.2777224999999999
2012-01-10 12:00:00,1.2787208333333333
2012-01-10 16:00:00,1.2788441666666666
2012-01-10 20:00:00,1.2779391666666666
2012-01-11 00:00:00,1.2763408333333333
2012-01-11 04:00:00,1.274245
2012-01-11 08:00:00,1.2753791666666667
2012-01-11 12:00:00,1.27436
2012-01-11 16:00:00,1.2689633333333332
2012-01-11 20:00:00,1.2698875
2012-01-12 00:00:00,1.2710958333333333
2012-01-12 04:00:00,1.2717608333333335
2012-01-12 08:00:00,1.271475
2012-01-12 12:00:00,1.2750575
2012-01-12 16:00:00,1.2789883333333334
2012-01-12 20:00:00,1.282995
2012-01-13 00:00:00,1.2816758333333333
2012-01-13 04:00:00,1.2819416666666665
2012-01-13 08:00:00,1.2852783333333333
2012-01-13 12:00:00,1.2800158333333334
2012-01-13 16:00:00,1.2693966666666667
2012-01-13 20:00:00,1.266995
2012-01-16 00:00:00,1.2651175000000001
2012-01-16 04:00:00,1.2643291666666667
2012-01-16 08:00:00,1.2652225000000001
2012-01-16 12:00:00,1.2666316666666666
2012-01-16 16:00:00,1.2672158333333332
2012-01-16 20:00:00,1.2667408333333332
2012-01-17 00:00:00,1.2664300000000002
2012-01-17 04:00:00,1.271935
2012-01-17 08:00:00,1.2742175
2012-01-17 12:00:00,1.2778758333333333
2012-01-17 16:00:00,1.273855
2012-01-17 20:00:00,1.2732041666666667
2012-01-18 00:00:00,1.274236666666667
2012-01-18 04:00:00,1.2772325
2012-01-18 08:00:00,1.2771275
2012-01-18 12:00:00,1.28078
2012-01-18 16:00:00,1.2821075
2012-01-18 20:00:00,1.2844766666666665
2012-01-19 00:00:00,1.2858425
2012-01-19 04:00:00,1.2860691666666668
2012-01-19 08:00:00,1.2859383333333334
2012-01-19 12:00:00,1.2896866666666666
2012-01-19 16:00:00,1.2902716666666667
2012-01-19 20:00:00,1.2939441666666667
2012-01-20 00:00:00,1.2963049999999998
2012-01-20 04:00:00,1.2961166666666668
2012-01-20 08:00:00,1.2961375
2012-01-20 12:00:00,1.2910425
2012-01-20 16:00:00,1.2922375
2012-01-20 20:00:00,1.2928475
2012-01-23 00:00:00,1.2896383333333334
2012-01-23 04:00:00,1.2892716666666666
2012-01-23 08:00:00,1.2902550000000002
2012-01-23 12:00:00,1.2969416666666667
2012-01-23 16:00:00,1.3031041666666665
2012-01-23 20:00:00,1.301765
2012-01-24 00:00:00,1.3019758333333333
2012-01-24 04:00:00,1.29999
2012-01-24 08:00:00,1.3015391666666667
2012-01-24 12:00:00,1.3007891666666667
2012-01-24 16:00:00,1.2978358333333335
2012-01-24 20:00:00,1.3020591666666665
2012-01-25 00:00:00,1.3032358333333334
2012-01-25 04:00:00,1.3022966666666667
2012-01-25 08:00:00,1.3028516666666667
2012-01-25 12:00:00,1.2973875
2012-01-25 16:00:00,1.2963483333333334
2012-01-25 20:00:00,1.3069658333333334
2012-01-26 00:00:00,1.3102675000000001
2012-01-26 04:00:00,1.310515
2012-01-26 08:00:00,1.3114291666666666
2012-01-26 12:00:00,1.3150133333333334
2012-01-26 16:00:00,1.3159016666666667
2012-01-26 20:00:00,1.3117999999999999
2012-01-27 00:00:00,1.3097433333333335
2012-01-27 04:00:00,1.3102391666666668
2012-01-27 08:00:00,1.3100783333333332
2012-01-27 12:00:00,1.3136733333333335
2012-01-27 16:00:00,1.3133916666666667
2012-01-27 20:00:00,1.319935
2012-01-30 00:00:00,1.3210425000000001
2012-01-30 04:00:00,1.3182783333333334
2012-01-30 08:00:00,1.3158750000000001
2012-01-30 12:00:00,1.3123475
2012-01-30 16:00:00,1.3103133333333332
2012-01-30 20:00:00,1.3124891666666667
2012-01-31 00:00:00,1.3141666666666667
2012-01-31 04:00:00,1.3179625
2012-01-31 08:00:00,1.3181316666666667
2012-01-31 12:00:00,1.3191016666666666
2012-01-31 16:00:00,1.3123175
2012-01-31 20:00:00,1.3075791666666667
2012-02-01 00:00:00,1.3080725
2012-02-01 04:00:00,1.3068033333333333
2012-02-01 08:00:00,1.3055833333333333
2012-02-01 12:00:00,1.3136675000000002
2012-02-01 16:00:00,1.3181891666666667
2012-02-01 20:00:00,1.3169225
2012-02-02 00:00:00,1.3168158333333333
2012-02-02 04:00:00,1.3180741666666667
2012-02-02 08:00:00,1.3168983333333333
2012-02-02 12:00:00,1.313381666666667
2012-02-02 16:00:00,1.3143591666666667
2012-02-02 20:00:00,1.3146499999999999
2012-02-03 00:00:00,1.3140008333333333
2012-02-03 04:00:00,1.3128225
2012-02-03 08:00:00,1.3142283333333333
2012-02-03 12:00:00,1.3164841666666667
2012-02-03 16:00:00,1.3113691666666667
2012-02-03 20:00:00,1.3142683333333334
2012-02-06 00:00:00,1.3127341666666665
2012-02-06 04:00:00,1.3094983333333334
2012-02-06 08:00:00,1.30766
2012-02-06 12:00:00,1.305245
2012-02-06 16:00:00,1.3069983333333333
2012-02-06 20:00:00,1.3126783333333334
2012-02-07 00:00:00,1.3123408333333335
2012-02-07 04:00:00,1.3111283333333332
2012-02-07 08:00:00,1.3122158333333334
2012-02-07 12:00:00,1.3128075
2012-02-07 16:00:00,1.3202608333333332
2012-02-07 20:00:00,1.3248516666666665
2012-02-08 00:00:00,1.3255341666666667
2012-02-08 04:00:00,1.3247716666666667
2012-02-08 08:00:00,1.326905
2012-02-08 12:00:00,1.3269258333333334
2012-02-08 16:00:00,1.3256016666666666
2012-02-08 20:00:00,1.3260266666666667
2012-02-09 00:00:00,1.3247758333333333
2012-02-09 04:00:00,1.3255225
2012-02-09 08:00:00,1.3287891666666667
2012-02-09 12:00:00,1.3265575
2012-02-09 16:00:00,1.3291883333333334
2012-02-09 20:00:00,1.3289849999999999
2012-02-10 00:00:00,1.3282566666666666
2012-02-10 04:00:00,1.3271675
2012-02-10 08:00:00,1.3258874999999999
2012-02-10 12:00:00,1.3244083333333334
2012-02-10 16:00:00,1.3181941666666668
2012-02-10 20:00:00,1.3176825
2012-02-13 00:00:00,1.321965
2012-02-13 04:00:00,1.3237058333333334
2012-02-13 08:00:00,1.325515
2012-02-13 12:00:00,1.325915
2012-02-13 16:00:00,1.3226675
2012-02-13 20:00:00,1.3204116666666668
2012-02-14 00:00:00,1.3172366666666666
2012-02-14 04:00:00,1.3159508333333334
2012-02-14 08:00:00,1.3153841666666668
2012-02-14 12:00:00,1.3190216666666665
2012-02-14 16:00:00,1.31511
2012-02-14 20:00:00,1.3110033333333333
2012-02-15 00:00:00,1.3127441666666666
2012-02-15 04:00:00,1.3147441666666668
2012-02-15 08:00:00,1.31703
2012-02-15 12:00:00,1.3153916666666667
2012-02-15 16:00:00,1.3085266666666666
2012-02-15 20:00:00,1.3068975
2012-02-16 00:00:00,1.3055908333333335
2012-02-16 04:00:00,1.3026391666666668
2012-02-16 08:00:00,1.3011266666666668
2012-02-16 12:00:00,1.29976
2012-02-16 16:00:00,1.303539166666667
2012-02-16 20:00:00,1.31213
2012-02-17 00:00:00,1.3130275
2012-02-17 04:00:00,1.3131675
2012-02-17 08:00:00,1.3128733333333333
2012-02-17 12:00:00,1.3149291666666665
2012-02-17 16:00:00,1.3165291666666668
2012-02-17 20:00:00,1.3152724999999998
2012-02-20 00:00:00,1.3192883333333334
2012-02-20 04:00:00,1.32113
2012-02-20 08:00:00,1.3203091666666666
2012-02-20 12:00:00,1.3240825
2012-02-20 16:00:00,1.325635
2012-02-20 20:00:00,1.3241
2012-02-21 00:00:00,1.322735
2012-02-21 04:00:00,1.3244358333333333
2012-02-21 08:00:00,1.3266341666666668
2012-02-21 12:00:00,1.3232716666666666
2012-02-21 16:00:00,1.3240224999999999
2012-02-21 20:00:00,1.3247625
2012-02-22 00:00:00,1.323645
2012-02-22 04:00:00,1.3224083333333334
2012-02-22 08:00:00,1.3240175
2012-02-22 12:00:00,1.3230966666666668
2012-02-22 16:00:00,1.3236391666666667
2012-02-22 20:00:00,1.324705
2012-02-23 00:00:00,1.3247008333333332
2012-02-23 04:00:00,1.3252683333333333
2012-02-23 08:00:00,1.3273391666666667
2012-02-23 12:00:00,1.3306258333333334
2012-02-23 16:00:00,1.3298708333333333
2012-02-23 20:00:00,1.3334416666666666
2012-02-24 00:00:00,1.3371041666666665
2012-02-24 04:00:00,1.3369733333333333
2012-02-24 08:00:00,1.3373375
2012-02-24 12:00:00,1.3401275
2012-02-24 16:00:00,1.3443433333333332
2012-02-24 20:00:00,1.3462933333333333
2012-02-27 00:00:00,1.3459433333333335
2012-02-27 04:00:00,1.345255
2012-02-27 08:00:00,1.3443741666666666
2012-02-27 12:00:00,1.3409516666666668
2012-02-27 16:00:00,1.3393125000000001
2012-02-27 20:00:00,1.3398599999999998
2012-02-28 00:00:00,1.3398616666666667
2012-02-28 04:00:00,1.3417649999999999
2012-02-28 08:00:00,1.3441716666666668
2012-02-28 12:00:00,1.3441708333333333
2012-02-28 16:00:00,1.3433916666666668
2012-02-28 20:00:00,1.3454708333333332
2012-02-29 00:00:00,1.3466058333333333
2012-02-29 04:00:00,1.3477333333333334
2012-02-29 08:00:00,1.3466908333333332
2012-02-29 12:00:00,1.3446566666666668
2012-02-29 16:00:00,1.3413583333333334
2012-02-29 20:00:00,1.3343133333333335
2012-03-01 00:00:00,1.3325733333333334
2012-03-01 04:00:00,1.3339066666666668
2012-03-01 08:00:00,1.3333183333333332
2012-03-01 12:00:00,1.3327908333333334
2012-03-01 16:00:00,1.3311508333333335
2012-03-01 20:00:00,1.3311466666666667
2012-03-02 00:00:00,1.3317591666666666
2012-03-02 04:00:00,1.331075
2012-03-02 08:00:00,1.3283858333333334
2012-03-02 12:00:00,1.3239791666666665
2012-03-02 16:00:00,1.3205016666666667
2012-03-02 20:00:00,1.3201033333333334
2012-03-05 00:00:00,1.3194000000000001
2012-03-05 04:00:00,1.31991
2012-03-05 08:00:00,1.3191950000000001
2012-03-05 12:00:00,1.3190175
2012-03-05 16:00:00,1.3223708333333335
2012-03-05 20:00:00,1.3223116666666666
2012-03-06 00:00:00,1.32176
2012-03-06 04:00:00,1.3207200000000001
2012-03-06 08:00:00,1.319715
2012-03-06 12:00:00,1.3153416666666666
2012-03-06 16:00:00,1.3124741666666668
2012-03-06 20:00:00,1.3114058333333332
2012-03-07 00:00:00,1.3116575
2012-03-07 04:00:00,1.3140016666666667
2012-03-07 08:00:00,1.3139133333333333
2012-03-07 12:00:00,1.3138091666666667
2012-03-07 16:00:00,1.3124383333333332
2012-03-07 20:00:00,1.3143358333333333
2012-03-08 00:00:00,1.3145908333333334
2012-03-08 04:00:00,1.3154591666666666
2012-03-08 08:00:00,1.3174166666666667
2012-03-08 12:00:00,1.3224866666666668
2012-03-08 16:00:00,1.3252774999999999
2012-03-08 20:00:00,1.3266133333333334
2012-03-09 00:00:00,1.3270308333333334
2012-03-09 04:00:00,1.3265691666666666
2012-03-09 08:00:00,1.3236841666666666
2012-03-09 12:00:00,1.321745
2012-03-09 16:00:00,1.3127641666666665
2012-03-09 20:00:00,1.3110783333333333
2012-03-12 00:00:00,1.3114391666666667
2012-03-12 04:00:00,1.3094691666666667
2012-03-12 08:00:00,1.309935
2012-03-12 12:00:00,1.3116375
2012-03-12 16:00:00,1.3130508333333333
2012-03-12 20:00:00,1.3149875
2012-03-13 00:00:00,1.315739166666667
2012-03-13 04:00:00,1.3174325
2012-03-13 08:00:00,1.3158083333333332
2012-03-13 12:00:00,1.3112858333333335
2012-03-13 16:00:00,1.3088616666666666
2012-03-13 20:00:00,1.3085175
2012-03-14 00:00:00,1.3078375
2012-03-14 04:00:00,1.3068325
2012-03-14 08:00:00,1.3045925
2012-03-14 12:00:00,1.306475
2012-03-14 16:00:00,1.3041425
2012-03-14 20:00:00,1.3024566666666666
2012-03-15 00:00:00,1.3026191666666667
2012-03-15 04:00:00,1.3025916666666666
2012-03-15 08:00:00,1.3041033333333334
2012-03-15 12:00:00,1.3053133333333333
2012-03-15 16:00:00,1.3066741666666666
2012-03-15 20:00:00,1.3092316666666666
2012-03-16 00:00:00,1.3076833333333333
2012-03-16 04:00:00,1.3084575
2012-03-16 08:00:00,1.3077025
2012-03-16 12:00:00,1.3075566666666667
2012-03-16 16:00:00,1.3166716666666667
2012-03-16 20:00:00,1.3168875
2012-03-19 00:00:00,1.3176166666666667
2012-03-19 04:00:00,1.3168358333333332
2012-03-19 08:00:00,1.3162191666666667
2012-03-19 12:00:00,1.3160183333333333
2012-03-19 16:00:00,1.3205500000000001
2012-03-19 20:00:00,1.3240483333333333
2012-03-20 00:00:00,1.3235291666666666
2012-03-20 04:00:00,1.3232341666666665
2012-03-20 08:00:00,1.3227708333333332
2012-03-20 12:00:00,1.3194883333333332
2012-03-20 16:00:00,1.3226916666666666
2012-03-20 20:00:00,1.3225825
2012-03-21 00:00:00,1.3235433333333333
2012-03-21 04:00:00,1.3269208333333333
2012-03-21 08:00:00,1.3267749999999998
2012-03-21 12:00:00,1.3249066666666667
2012-03-21 16:00:00,1.3208241666666667
2012-03-21 20:00:00,1.3204483333333332
2012-03-22 00:00:00,1.3216666666666665
2012-03-22 04:00:00,1.3230125
2012-03-22 08:00:00,1.3223408333333335
2012-03-22 12:00:00,1.3159191666666668
2012-03-22 16:00:00,1.3172866666666667
2012-03-22 20:00:00,1.3185775
2012-03-23 00:00:00,1.3198933333333334
2012-03-23 04:00:00,1.3201641666666668
2012-03-23 08:00:00,1.3220800000000001
2012-03-23 12:00:00,1.3251058333333332
2012-03-23 16:00:00,1.32585
2012-03-23 20:00:00,1.3263091666666667
2012-03-26 00:00:00,1.3273883333333334
2012-03-26 04:00:00,1.3263241666666667
2012-03-26 08:00:00,1.3243449999999999
2012-03-26 12:00:00,1.3245741666666666
2012-03-26 16:00:00,1.3323158333333334
2012-03-26 20:00:00,1.33456
2012-03-27 00:00:00,1.3356091666666665
2012-03-27 04:00:00,1.3352724999999999
2012-03-27 08:00:00,1.3345933333333333
2012-03-27 12:00:00,1.3349408333333335
2012-03-27 16:00:00,1.3334341666666667
2012-03-27 20:00:00,1.3329033333333333
2012-03-28 00:00:00,1.3323125
2012-03-28 04:00:00,1.3327375000000001
2012-03-28 08:00:00,1.3339325
2012-03-28 12:00:00,1.3338766666666668
2012-03-28 16:00:00,1.3300908333333332
2012-03-28 20:00:00,1.3315783333333333
2012-03-29 00:00:00,1.3319975
2012-03-29 04:00:00,1.3321166666666666
2012-03-29 08:00:00,1.3326258333333336
2012-03-29 12:00:00,1.3280233333333333
2012-03-29 16:00:00,1.32708
2012-03-29 20:00:00,1.3287
2012-03-30 00:00:00,1.3311708333333332
2012-03-30 04:00:00,1.3350591666666667
2012-03-30 08:00:00,1.3351525
2012-03-30 12:00:00,1.3343516666666668
2012-03-30 16:00:00,1.3333716666666666
2012-03-30 20:00:00,1.3334808333333332
2012-04-02 00:00:00,1.3357858333333334
2012-04-02 04:00:00,1.3338525
2012-04-02 08:00:00,1.33511
2012-04-02 12:00:00,1.3335833333333333
2012-04-02 16:00:00,1.3308325
2012-04-02 20:00:00,1.3326016666666667
2012-04-03 00:00:00,1.3326191666666667
2012-04-03 04:00:00,1.3342100000000001
2012-04-03 08:00:00,1.3337683333333332
2012-04-03 12:00:00,1.3329883333333334
2012-04-03 16:00:00,1.3327433333333332
2012-04-03 20:00:00,1.3262916666666666
2012-04-04 00:00:00,1.3227208333333333
2012-04-04 04:00:00,1.3197533333333333
2012-04-04 08:00:00,1.3191425
2012-04-04 12:00:00,1.3153391666666665
2012-04-04 16:00:00,1.312765
2012-04-04 20:00:00,1.3138475
2012-04-05 00:00:00,1.3142291666666668
2012-04-05 04:00:00,1.3149308333333334
2012-04-05 08:00:00,1.3144066666666667
2012-04-05 12:00:00,1.3070033333333333
2012-04-05 16:00:00,1.306065
2012-04-05 20:00:00,1.3061341666666666
2012-04-06 00:00:00,1.3061691666666668
2012-04-06 04:00:00,1.3067250000000001
2012-04-06 08:00:00,1.3068275
2012-04-06 12:00:00,1.3070749999999998
2012-04-06 16:00:00,1.3086900000000001
2012-04-06 20:00:00,1.3094475
2012-04-09 00:00:00,1.3078299999999998
2012-04-09 04:00:00,1.3056166666666666
2012-04-09 08:00:00,1.307015
2012-04-09 12:00:00,1.3073441666666668
2012-04-09 16:00:00,1.3081225
2012-04-09 20:00:00,1.3117916666666667
2012-04-10 00:00:00,1.3109541666666669
2012-04-10 04:00:00,1.313325
2012-04-10 08:00:00,1.3098725
2012-04-10 12:00:00,1.3086875
2012-04-10 16:00:00,1.3084833333333332
2012-04-10 20:00:00,1.3083575
2012-04-11 00:00:00,1.3077183333333333
2012-04-11 04:00:00,1.3086633333333335
2012-04-11 08:00:00,1.3109983333333333
2012-04-11 12:00:00,1.3134933333333332
2012-04-11 16:00:00,1.3121416666666668
2012-04-11 20:00:00,1.3104974999999999
2012-04-12 00:00:00,1.3114558333333333
2012-04-12 04:00:00,1.3125666666666667
2012-04-12 08:00:00,1.3128775
2012-04-12 12:00:00,1.3140133333333335
2012-04-12 16:00:00,1.3172633333333332
2012-04-12 20:00:00,1.3191408333333334
2012-04-13 00:00:00,1.3186783333333334
2012-04-13 04:00:00,1.317445
2012-04-13 08:00:00,1.3165941666666665
2012-04-13 12:00:00,1.3153225
2012-04-13 16:00:00,1.3091183333333332
2012-04-13 20:00:00,1.3075483333333333
2012-04-16 00:00:00,1.3051708333333334
2012-04-16 04:00:00,1.30202
2012-04-16 08:00:00,1.3015374999999998
2012-04-16 12:00:00,1.3027391666666666
2012-04-16 16:00:00,1.3063458333333333
2012-04-16 20:00:00,1.3134275
2012-04-17 00:00:00,1.3128958333333334
2012-04-17 04:00:00,1.3116308333333333
2012-04-17 08:00:00,1.3119041666666664
2012-04-17 12:00:00,1.3140316666666667
2012-04-17 16:00:00,1.3126483333333334
2012-04-17 20:00:00,1.3131016666666666
2012-04-18 00:00:00,1.3129675
2012-04-18 04:00:00,1.3118158333333332
2012-04-18 08:00:00,1.31089
2012-04-18 12:00:00,1.3078999999999998
2012-04-18 16:00:00,1.3108475
2012-04-18 20:00:00,1.3117341666666666
2012-04-19 00:00:00,1.311875
2012-04-19 04:00:00,1.3118808333333334
2012-04-19 08:00:00,1.3125683333333333
2012-04-19 12:00:00,1.3110591666666667
2012-04-19 16:00:00,1.3129091666666666
2012-04-19 20:00:00,1.3130925
2012-04-20 00:00:00,1.3140341666666666
2012-04-20 04:00:00,1.3138933333333334
2012-04-20 08:00:00,1.3152249999999999
2012-04-20 12:00:00,1.318365
2012-04-20 16:00:00,1.3205566666666666
2012-04-20 20:00:00,1.3213241666666669
2012-04-23 00:00:00,1.3196299999999999
2012-04-23 04:00:00,1.3190441666666668
2012-04-23 08:00:00,1.3164766666666665
2012-04-23 12:00:00,1.313835833333333
2012-04-23 16:00:00,1.3129816666666667
2012-04-23 20:00:00,1.3145666666666667
2012-04-24 00:00:00,1.3152866666666667
2012-04-24 04:00:00,1.3151333333333333
2012-04-24 08:00:00,1.3166583333333333
2012-04-24 12:00:00,1.3163775
2012-04-24 16:00:00,1.3197333333333332
2012-04-24 20:00:00,1.31915
2012-04-25 00:00:00,1.3196816666666666
2012-04-25 04:00:00,1.3195241666666666
2012-04-25 08:00:00,1.3203225
2012-04-25 12:00:00,1.3212458333333332
2012-04-25 16:00:00,1.3202425
2012-04-25 20:00:00,1.3213266666666668
2012-04-26 00:00:00,1.3223741666666666
2012-04-26 04:00:00,1.3223858333333334
2012-04-26 08:00:00,1.3236358333333333
2012-04-26 12:00:00,1.3215725
2012-04-26 16:00:00,1.3226799999999999
2012-04-26 20:00:00,1.3233433333333333
2012-04-27 00:00:00,1.3192841666666668
2012-04-27 04:00:00,1.3197608333333333
2012-04-27 08:00:00,1.3182941666666665
2012-04-27 12:00:00,1.3233525
2012-04-27 16:00:00,1.32522
2012-04-27 20:00:00,1.3250416666666667
2012-04-30 00:00:00,1.3238275
2012-04-30 04:00:00,1.3241775
2012-04-30 08:00:00,1.3246875
2012-04-30 12:00:00,1.3222458333333333
2012-04-30 16:00:00,1.3229875
2012-04-30 20:00:00,1.3235516666666667
2012-05-01 00:00:00,1.3239791666666667
2012-05-01 04:00:00,1.3243341666666666
2012-05-01 08:00:00,1.3258383333333335
2012-05-01 12:00:00,1.325995
2012-05-01 16:00:00,1.3238241666666668
2012-05-01 20:00:00,1.3229116666666667
2012-05-02 00:00:00,1.3233266666666665
2012-05-02 04:00:00,1.3223025
2012-05-02 08:00:00,1.3198325
2012-05-02 12:00:00,1.3140158333333334
2012-05-02 16:00:00,1.3151825
2012-05-02 20:00:00,1.3157833333333335
2012-05-03 00:00:00,1.3152208333333333
2012-05-03 04:00:00,1.3143833333333332
2012-05-03 08:00:00,1.3145375000000001
2012-05-03 12:00:00,1.3135275
2012-05-03 16:00:00,1.3154641666666667
2012-05-03 20:00:00,1.3148058333333332
2012-05-04 00:00:00,1.3150583333333332
2012-05-04 04:00:00,1.3155225000000002
2012-05-04 08:00:00,1.3143166666666666
2012-05-04 12:00:00,1.3132408333333334
2012-05-04 16:00:00,1.3118758333333334
2012-05-04 20:00:00,1.3084816666666668
2012-05-07 00:00:00,1.2988841666666668
2012-05-07 04:00:00,1.2978633333333334
2012-05-07 08:00:00,1.3002941666666668
2012-05-07 12:00:00,1.3029416666666667
2012-05-07 16:00:00,1.30492
2012-05-07 20:00:00,1.3054458333333334
2012-05-08 00:00:00,1.3054525
2012-05-08 04:00:00,1.3032308333333333
2012-05-08 08:00:00,1.302395
2012-05-08 12:00:00,1.3018683333333334
2012-05-08 16:00:00,1.3003558333333332
2012-05-08 20:00:00,1.301955
2012-05-09 00:00:00,1.2995875000000001
2012-05-09 04:00:00,1.2971683333333333
2012-05-09 08:00:00,1.2980783333333334
2012-05-09 12:00:00,1.2966683333333333
2012-05-09 16:00:00,1.2940708333333333
2012-05-09 20:00:00,1.2947233333333332
2012-05-10 00:00:00,1.2933708333333334
2012-05-10 04:00:00,1.2946408333333332
2012-05-10 08:00:00,1.2953483333333333
2012-05-10 12:00:00,1.2944941666666667
2012-05-10 16:00:00,1.2962716666666667
2012-05-10 20:00:00,1.2949508333333335
2012-05-11 00:00:00,1.2935041666666667
2012-05-11 04:00:00,1.2922583333333333
2012-05-11 08:00:00,1.2924341666666668
2012-05-11 12:00:00,1.2938858333333334
2012-05-11 16:00:00,1.2938800000000001
2012-05-11 20:00:00,1.292075
2012-05-14 00:00:00,1.2894008333333333
2012-05-14 04:00:00,1.2887325
2012-05-14 08:00:00,1.28832
2012-05-14 12:00:00,1.2864208333333333
2012-05-14 16:00:00,1.2840916666666666
2012-05-14 20:00:00,1.2838891666666667
2012-05-15 00:00:00,1.2827725
2012-05-15 04:00:00,1.2827775
2012-05-15 08:00:00,1.2850375
2012-05-15 12:00:00,1.2841624999999999
2012-05-15 16:00:00,1.2777433333333332
2012-05-15 20:00:00,1.2735541666666665
2012-05-16 00:00:00,1.2732483333333333
2012-05-16 04:00:00,1.2724158333333333
2012-05-16 08:00:00,1.2711125
2012-05-16 12:00:00,1.2720850000000001
2012-05-16 16:00:00,1.2736375
2012-05-16 20:00:00,1.2720225
2012-05-17 00:00:00,1.2724941666666667
2012-05-17 04:00:00,1.2741408333333333
2012-05-17 08:00:00,1.2729825
2012-05-17 12:00:00,1.2697658333333335
2012-05-17 16:00:00,1.2706058333333334
2012-05-17 20:00:00,1.2708891666666666
2012-05-18 00:00:00,1.2689991666666667
2012-05-18 04:00:00,1.2678233333333333
2012-05-18 08:00:00,1.2669391666666667
2012-05-18 12:00:00,1.27003
2012-05-18 16:00:00,1.27208
2012-05-18 20:00:00,1.2748233333333334
2012-05-21 00:00:00,1.2770024999999998
2012-05-21 04:00:00,1.2797091666666667
2012-05-21 08:00:00,1.2777108333333334
2012-05-21 12:00:00,1.2762041666666666
2012-05-21 16:00:00,1.2761158333333333
2012-05-21 20:00:00,1.27968
2012-05-22 00:00:00,1.2809166666666667
2012-05-22 04:00:00,1.2790191666666666
2012-05-22 08:00:00,1.2791016666666666
2012-05-22 12:00:00,1.2758183333333335
2012-05-22 16:00:00,1.274725
2012-05-22 20:00:00,1.270235
2012-05-23 00:00:00,1.2669241666666666
2012-05-23 04:00:00,1.2671608333333333
2012-05-23 08:00:00,1.2662741666666666
2012-05-23 12:00:00,1.2655491666666667
2012-05-23 16:00:00,1.2596558333333334
2012-05-23 20:00:00,1.2577108333333333
2012-05-24 00:00:00,1.2579991666666666
2012-05-24 04:00:00,1.2576150000000001
2012-05-24 08:00:00,1.2561933333333333
2012-05-24 12:00:00,1.2572616666666667
2012-05-24 16:00:00,1.2577575
2012-05-24 20:00:00,1.2532691666666667
2012-05-25 00:00:00,1.2536283333333333
2012-05-25 04:00:00,1.2532066666666666
2012-05-25 08:00:00,1.2559733333333334
2012-05-25 12:00:00,1.2564425
2012-05-25 16:00:00,1.2519516666666668
2012-05-25 20:00:00,1.2514641666666666
2012-05-28 00:00:00,1.2569
2012-05-28 04:00:00,1.2590008333333333
2012-05-28 08:00:00,1.2594916666666667
2012-05-28 12:00:00,1.2578108333333333
2012-05-28 16:00:00,1.2539641666666668
2012-05-28 20:00:00,1.2536866666666668
2012-05-29 00:00:00,1.25316
2012-05-29 04:00:00,1.2530258333333333
2012-05-29 08:00:00,1.2548266666666668
2012-05-29 12:00:00,1.2532391666666667
2012-05-29 16:00:00,1.2510875000000001
2012-05-29 20:00:00,1.2489133333333333
2012-05-30 00:00:00,1.2480916666666666
2012-05-30 04:00:00,1.2463991666666665
2012-05-30 08:00:00,1.2460533333333335
2012-05-30 12:00:00,1.2441975
2012-05-30 16:00:00,1.2407658333333333
2012-05-30 20:00:00,1.2377924999999999
2012-05-31 00:00:00,1.2367933333333334
2012-05-31 04:00:00,1.2373883333333333
2012-05-31 08:00:00,1.2398916666666668
2012-05-31 12:00:00,1.2408166666666665
2012-05-31 16:00:00,1.2371183333333333
2012-05-31 20:00:00,1.2366566666666667
2012-06-01 00:00:00,1.2357141666666667
2012-06-01 04:00:00,1.2344891666666666
2012-06-01 08:00:00,1.2349566666666667
2012-06-01 12:00:00,1.2323683333333333
2012-06-01 16:00:00,1.2393725
2012-06-01 20:00:00,1.2413091666666667
2012-06-04 00:00:00,1.2413524999999999
2012-06-04 04:00:00,1.23983
2012-06-04 08:00:00,1.2415541666666667
2012-06-04 12:00:00,1.2434066666666668
2012-06-04 16:00:00,1.2486066666666666
2012-06-04 20:00:00,1.2491916666666667
2012-06-05 00:00:00,1.2510608333333333
2012-06-05 04:00:00,1.2527608333333333
2012-06-05 08:00:00,1.2478933333333333
2012-06-05 12:00:00,1.2427266666666665
2012-06-05 16:00:00,1.2448508333333335
2012-06-05 20:00:00,1.2445883333333334
2012-06-06 00:00:00,1.2453116666666668
2012-06-06 04:00:00,1.2493483333333333
2012-06-06 08:00:00,1.2500633333333333
2012-06-06 12:00:00,1.2488858333333333
2012-06-06 16:00:00,1.2516083333333334
2012-06-06 20:00:00,1.2561749999999998
2012-06-07 00:00:00,1.2573733333333332
2012-06-07 04:00:00,1.2567325
2012-06-07 08:00:00,1.2558783333333334
2012-06-07 12:00:00,1.2586033333333333
2012-06-07 16:00:00,1.2578433333333332
2012-06-07 20:00:00,1.25812
2012-06-08 00:00:00,1.2560725
2012-06-08 04:00:00,1.2524841666666666
2012-06-08 08:00:00,1.2493275000000001
2012-06-08 12:00:00,1.2462624999999998
2012-06-08 16:00:00,1.2469383333333333
2012-06-08 20:00:00,1.2504091666666666
2012-06-11 00:00:00,1.2641483333333334
2012-06-11 04:00:00,1.2632991666666666
2012-06-11 08:00:00,1.2622016666666667
2012-06-11 12:00:00,1.2562075
2012-06-11 16:00:00,1.2517616666666669
2012-06-11 20:00:00,1.2491566666666667
2012-06-12 00:00:00,1.2471691666666667
2012-06-12 04:00:00,1.2490016666666666
2012-06-12 08:00:00,1.2493883333333335
2012-06-12 12:00:00,1.2502875
2012-06-12 16:00:00,1.2476541666666667
2012-06-12 20:00:00,1.2500291666666667
2012-06-13 00:00:00,1.2504308333333334
2012-06-13 04:00:00,1.2485875000000002
2012-06-13 08:00:00,1.25091
2012-06-13 12:00:00,1.253963333333333
2012-06-13 16:00:00,1.2565891666666666
2012-06-13 20:00:00,1.2579633333333333
2012-06-14 00:00:00,1.256675
2012-06-14 04:00:00,1.2566525
2012-06-14 08:00:00,1.2568308333333333
2012-06-14 12:00:00,1.2564916666666666
2012-06-14 16:00:00,1.2597558333333334
2012-06-14 20:00:00,1.2609208333333333
2012-06-15 00:00:00,1.2624633333333333
2012-06-15 04:00:00,1.2630508333333332
2012-06-15 08:00:00,1.2628708333333334
2012-06-15 12:00:00,1.2614433333333332
2012-06-15 16:00:00,1.2624558333333333
2012-06-15 20:00:00,1.2643208333333333
2012-06-18 00:00:00,1.2717975
2012-06-18 04:00:00,1.2692916666666667
2012-06-18 08:00:00,1.2687025
2012-06-18 12:00:00,1.2626249999999999
2012-06-18 16:00:00,1.2581133333333334
2012-06-18 20:00:00,1.2574874999999999
2012-06-19 00:00:00,1.2586333333333333
2012-06-19 04:00:00,1.2605983333333333
2012-06-19 08:00:00,1.2599449999999999
2012-06-19 12:00:00,1.2613208333333334
2012-06-19 16:00:00,1.267075
2012-06-19 20:00:00,1.2696591666666668
2012-06-20 00:00:00,1.26813
2012-06-20 04:00:00,1.2672491666666665
2012-06-20 08:00:00,1.26836
2012-06-20 12:00:00,1.2700225
2012-06-20 16:00:00,1.26974
2012-06-20 20:00:00,1.2691383333333333
2012-06-21 00:00:00,1.2686741666666665
2012-06-21 04:00:00,1.2668608333333333
2012-06-21 08:00:00,1.2669058333333334
2012-06-21 12:00:00,1.2673591666666666
2012-06-21 16:00:00,1.2600016666666667
2012-06-21 20:00:00,1.2552400000000001
2012-06-22 00:00:00,1.2548058333333332
2012-06-22 04:00:00,1.2556341666666666
2012-06-22 08:00:00,1.2543675
2012-06-22 12:00:00,1.2545600000000001
2012-06-22 16:00:00,1.2551741666666667
2012-06-22 20:00:00,1.2562024999999999
2012-06-25 00:00:00,1.2541533333333335
2012-06-25 04:00:00,1.2536308333333332
2012-06-25 08:00:00,1.2509566666666667
2012-06-25 12:00:00,1.2488025
2012-06-25 16:00:00,1.2486258333333333
2012-06-25 20:00:00,1.2499600000000002
2012-06-26 00:00:00,1.250435
2012-06-26 04:00:00,1.2512508333333332
2012-06-26 08:00:00,1.2505925
2012-06-26 12:00:00,1.2488791666666668
2012-06-26 16:00:00,1.2477908333333334
2012-06-26 20:00:00,1.2492733333333335
2012-06-27 00:00:00,1.2488891666666666
2012-06-27 04:00:00,1.2497508333333334
2012-06-27 08:00:00,1.2495566666666666
2012-06-27 12:00:00,1.2488616666666668
2012-06-27 16:00:00,1.2463458333333333
2012-06-27 20:00:00,1.2465183333333334
2012-06-28 00:00:00,1.2473908333333332
2012-06-28 04:00:00,1.2501341666666668
2012-06-28 08:00:00,1.2479933333333333
2012-06-28 12:00:00,1.2430283333333334
2012-06-28 16:00:00,1.2431316666666667
2012-06-28 20:00:00,1.2431291666666666
2012-06-29 00:00:00,1.2441974999999998
2012-06-29 04:00:00,1.2524175
2012-06-29 08:00:00,1.2581183333333334
2012-06-29 12:00:00,1.2598466666666668
2012-06-29 16:00:00,1.2671041666666667
2012-06-29 20:00:00,1.2654883333333333
2012-07-02 00:00:00,1.265665
2012-07-02 04:00:00,1.262465
2012-07-02 08:00:00,1.2629041666666667
2012-07-02 12:00:00,1.2618475
2012-07-02 16:00:00,1.258855
2012-07-02 20:00:00,1.2581716666666667
2012-07-03 00:00:00,1.2581483333333332
2012-07-03 04:00:00,1.2590358333333334
2012-07-03 08:00:00,1.2596725000000002
2012-07-03 12:00:00,1.2582291666666667
2012-07-03 16:00:00,1.2599891666666667
2012-07-03 20:00:00,1.2607283333333332
2012-07-04 00:00:00,1.2600791666666669
2012-07-04 04:00:00,1.2589591666666666
2012-07-04 08:00:00,1.2588466666666667
2012-07-04 12:00:00,1.2568774999999999
2012-07-04 16:00:00,1.2535266666666667
2012-07-04 20:00:00,1.2533375000000002
2012-07-05 00:00:00,1.2522491666666666
2012-07-05 04:00:00,1.2528325
2012-07-05 08:00:00,1.2524475
2012-07-05 12:00:00,1.247085
2012-07-05 16:00:00,1.238305
2012-07-05 20:00:00,1.2388716666666668
2012-07-06 00:00:00,1.2388133333333333
2012-07-06 04:00:00,1.2380116666666667
2012-07-06 08:00:00,1.2381341666666668
2012-07-06 12:00:00,1.2369391666666667
2012-07-06 16:00:00,1.2298141666666667
2012-07-06 20:00:00,1.2279083333333332
2012-07-09 00:00:00,1.2272308333333333
2012-07-09 04:00:00,1.2289525
2012-07-09 08:00:00,1.2288808333333332
2012-07-09 12:00:00,1.2294908333333332
2012-07-09 16:00:00,1.2298541666666667
2012-07-09 20:00:00,1.2312316666666667
2012-07-10 00:00:00,1.2312716666666668
2012-07-10 04:00:00,1.2292741666666667
2012-07-10 08:00:00,1.2296191666666667
2012-07-10 12:00:00,1.2305616666666668
2012-07-10 16:00:00,1.2260325
2012-07-10 20:00:00,1.2252874999999999
2012-07-11 00:00:00,1.2251458333333334
2012-07-11 04:00:00,1.2257683333333333
2012-07-11 08:00:00,1.22688
2012-07-11 12:00:00,1.2275216666666666
2012-07-11 16:00:00,1.2254641666666666
2012-07-11 20:00:00,1.2242141666666666
2012-07-12 00:00:00,1.2241425000000001
2012-07-12 04:00:00,1.2236
2012-07-12 08:00:00,1.2225133333333333
2012-07-12 12:00:00,1.2193333333333334
2012-07-12 16:00:00,1.2190008333333333
2012-07-12 20:00:00,1.2197883333333333
2012-07-13 00:00:00,1.2197575
2012-07-13 04:00:00,1.2204216666666667
2012-07-13 08:00:00,1.2199083333333334
2012-07-13 12:00:00,1.2194858333333334
2012-07-13 16:00:00,1.2231508333333334
2012-07-13 20:00:00,1.2240199999999999
2012-07-16 00:00:00,1.2249983333333334
2012-07-16 04:00:00,1.2238133333333334
2012-07-16 08:00:00,1.2228233333333334
2012-07-16 12:00:00,1.2196791666666666
2012-07-16 16:00:00,1.2246199999999998
2012-07-16 20:00:00,1.2274041666666666
2012-07-17 00:00:00,1.2269833333333333
2012-07-17 04:00:00,1.2296983333333333
2012-07-17 08:00:00,1.22898
2012-07-17 12:00:00,1.2286183333333334
2012-07-17 16:00:00,1.2243525
2012-07-17 20:00:00,1.2280108333333333
2012-07-18 00:00:00,1.2291400000000001
2012-07-18 04:00:00,1.2289958333333333
2012-07-18 08:00:00,1.2280558333333333
2012-07-18 12:00:00,1.2237375
2012-07-18 16:00:00,1.2256741666666668
2012-07-18 20:00:00,1.2271633333333334
2012-07-19 00:00:00,1.2280091666666666
2012-07-19 04:00:00,1.2288100000000002
2012-07-19 08:00:00,1.2286375
2012-07-19 12:00:00,1.2293383333333332
2012-07-19 16:00:00,1.2257716666666667
2012-07-19 20:00:00,1.2274508333333334
2012-07-20 00:00:00,1.2272241666666666
2012-07-20 04:00:00,1.2264433333333333
2012-07-20 08:00:00,1.2258799999999999
2012-07-20 12:00:00,1.2219633333333333
2012-07-20 16:00:00,1.21677
2012-07-20 20:00:00,1.21587
2012-07-23 00:00:00,1.2123808333333335
2012-07-23 04:00:00,1.2117141666666666
2012-07-23 08:00:00,1.2100966666666666
2012-07-23 12:00:00,1.21083
2012-07-23 16:00:00,1.2109975
2012-07-23 20:00:00,1.2126375
2012-07-24 00:00:00,1.2119333333333333
2012-07-24 04:00:00,1.2125941666666666
2012-07-24 08:00:00,1.2113691666666666
2012-07-24 12:00:00,1.2095224999999998
2012-07-24 16:00:00,1.2078799999999998
2012-07-24 20:00:00,1.2060066666666667
2012-07-25 00:00:00,1.2061383333333333
2012-07-25 04:00:00,1.2070991666666666
2012-07-25 08:00:00,1.20827
2012-07-25 12:00:00,1.2141533333333334
2012-07-25 16:00:00,1.2129458333333334
2012-07-25 20:00:00,1.2151883333333333
2012-07-26 00:00:00,1.2143358333333332
2012-07-26 04:00:00,1.21368
2012-07-26 08:00:00,1.2143191666666666
2012-07-26 12:00:00,1.2216333333333331
2012-07-26 16:00:00,1.2292833333333335
2012-07-26 20:00:00,1.2283225
2012-07-27 00:00:00,1.2278483333333332
2012-07-27 04:00:00,1.228425
2012-07-27 08:00:00,1.2281841666666666
2012-07-27 12:00:00,1.2288566666666667
2012-07-27 16:00:00,1.2355758333333333
2012-07-27 20:00:00,1.2316225
2012-07-30 00:00:00,1.2301766666666667
2012-07-30 04:00:00,1.22886
2012-07-30 08:00:00,1.2281325
2012-07-30 12:00:00,1.2259808333333333
2012-07-30 16:00:00,1.2249825
2012-07-30 20:00:00,1.2256399999999998
2012-07-31 00:00:00,1.2258308333333332
2012-07-31 04:00:00,1.22793
2012-07-31 08:00:00,1.2268241666666666
2012-07-31 12:00:00,1.2283783333333336
2012-07-31 16:00:00,1.2303683333333333
2012-07-31 20:00:00,1.2304366666666666
2012-08-01 00:00:00,1.2294858333333334
2012-08-01 04:00:00,1.2291441666666667
2012-08-01 08:00:00,1.2312016666666665
2012-08-01 12:00:00,1.2307408333333334
2012-08-01 16:00:00,1.2303175
2012-08-01 20:00:00,1.2251316666666667
2012-08-02 00:00:00,1.2232108333333334
2012-08-02 04:00:00,1.2243058333333332
2012-08-02 08:00:00,1.2255541666666667
2012-08-02 12:00:00,1.2277116666666665
2012-08-02 16:00:00,1.2171275
2012-08-02 20:00:00,1.2172225
2012-08-03 00:00:00,1.217775
2012-08-03 04:00:00,1.2174508333333334
2012-08-03 08:00:00,1.2196875
2012-08-03 12:00:00,1.2255316666666667
2012-08-03 16:00:00,1.2344733333333333
2012-08-03 20:00:00,1.2377000000000002
2012-08-06 00:00:00,1.2403616666666666
2012-08-06 04:00:00,1.2395166666666666
2012-08-06 08:00:00,1.2370216666666667
2012-08-06 12:00:00,1.2371016666666668
2012-08-06 16:00:00,1.2406658333333334
2012-08-06 20:00:00,1.2399408333333333
2012-08-07 00:00:00,1.239265
2012-08-07 04:00:00,1.2398633333333333
2012-08-07 08:00:00,1.2400383333333334
2012-08-07 12:00:00,1.2416166666666666
2012-08-07 16:00:00,1.2423366666666666
2012-08-07 20:00:00,1.2407766666666666
2012-08-08 00:00:00,1.2391116666666668
2012-08-08 04:00:00,1.2394166666666666
2012-08-08 08:00:00,1.2379108333333333
2012-08-08 12:00:00,1.2354716666666667
2012-08-08 16:00:00,1.2355233333333335
2012-08-08 20:00:00,1.2357091666666666
2012-08-09 00:00:00,1.2368758333333334
2012-08-09 04:00:00,1.2379499999999999
2012-08-09 08:00:00,1.2362908333333333
2012-08-09 12:00:00,1.2318341666666668
2012-08-09 16:00:00,1.2292066666666666
2012-08-09 20:00:00,1.2292441666666667
2012-08-10 00:00:00,1.2299091666666666
2012-08-10 04:00:00,1.229345
2012-08-10 08:00:00,1.2281225
2012-08-10 12:00:00,1.2269433333333333
2012-08-10 16:00:00,1.2287258333333333
2012-08-10 20:00:00,1.2292549999999998
2012-08-13 00:00:00,1.2280975
2012-08-13 04:00:00,1.2289666666666668
2012-08-13 08:00:00,1.2284575
2012-08-13 12:00:00,1.2333149999999997
2012-08-13 16:00:00,1.2349566666666667
2012-08-13 20:00:00,1.2334308333333333
2012-08-14 00:00:00,1.2332508333333334
2012-08-14 04:00:00,1.2345625
2012-08-14 08:00:00,1.2365483333333334
2012-08-14 12:00:00,1.2351766666666668
2012-08-14 16:00:00,1.2331925
2012-08-14 20:00:00,1.2326458333333332
2012-08-15 00:00:00,1.2321525000000002
2012-08-15 04:00:00,1.2324525
2012-08-15 08:00:00,1.2329058333333331
2012-08-15 12:00:00,1.2292741666666667
2012-08-15 16:00:00,1.228205
2012-08-15 20:00:00,1.2286483333333333
2012-08-16 00:00:00,1.2289175
2012-08-16 04:00:00,1.2288083333333333
2012-08-16 08:00:00,1.22721
2012-08-16 12:00:00,1.2283775000000001
2012-08-16 16:00:00,1.2348391666666667
2012-08-16 20:00:00,1.2360891666666667
2012-08-17 00:00:00,1.2355825
2012-08-17 04:00:00,1.2350316666666665
2012-08-17 08:00:00,1.2357008333333332
2012-08-17 12:00:00,1.2357758333333333
2012-08-17 16:00:00,1.2316566666666666
2012-08-17 20:00:00,1.23249
2012-08-20 00:00:00,1.2335025
2012-08-20 04:00:00,1.2330741666666667
2012-08-20 08:00:00,1.2347591666666666
2012-08-20 12:00:00,1.2321866666666665
2012-08-20 16:00:00,1.2331908333333332
2012-08-20 20:00:00,1.23449
2012-08-21 00:00:00,1.2349366666666666
2012-08-21 04:00:00,1.2354808333333331
2012-08-21 08:00:00,1.2381558333333333
2012-08-21 12:00:00,1.2424666666666666
2012-08-21 16:00:00,1.2471866666666667
2012-08-21 20:00:00,1.2469208333333333
2012-08-22 00:00:00,1.2470558333333333
2012-08-22 04:00:00,1.2464416666666667
2012-08-22 08:00:00,1.2462291666666667
2012-08-22 12:00:00,1.2455191666666667
2012-08-22 16:00:00,1.2468666666666666
2012-08-22 20:00:00,1.2506908333333333
2012-08-23 00:00:00,1.2531625
2012-08-23 04:00:00,1.2541791666666668
2012-08-23 08:00:00,1.2549058333333334
2012-08-23 12:00:00,1.2551541666666666
2012-08-23 16:00:00,1.2567516666666667
2012-08-23 20:00:00,1.2564383333333333
2012-08-24 00:00:00,1.2560141666666667
2012-08-24 04:00:00,1.2559166666666666
2012-08-24 08:00:00,1.2547333333333333
2012-08-24 12:00:00,1.2518858333333331
2012-08-24 16:00:00,1.2520766666666667
2012-08-24 20:00:00,1.2519925
2012-08-27 00:00:00,1.2510858333333332
2012-08-27 04:00:00,1.2507791666666666
2012-08-27 08:00:00,1.2507791666666666
2012-08-27 12:00:00,1.2522766666666667
2012-08-27 16:00:00,1.2516
2012-08-27 20:00:00,1.2503658333333334
2012-08-28 00:00:00,1.24977
2012-08-28 04:00:00,1.2478258333333332
2012-08-28 08:00:00,1.2498225
2012-08-28 12:00:00,1.2545541666666669
2012-08-28 16:00:00,1.2561666666666667
2012-08-28 20:00:00,1.2566175
2012-08-29 00:00:00,1.2564708333333332
2012-08-29 04:00:00,1.2556391666666666
2012-08-29 08:00:00,1.2553308333333333
2012-08-29 12:00:00,1.2554291666666666
2012-08-29 16:00:00,1.2532933333333334
2012-08-29 20:00:00,1.2527975
2012-08-30 00:00:00,1.2530158333333334
2012-08-30 04:00:00,1.25358
2012-08-30 08:00:00,1.2548866666666667
2012-08-30 12:00:00,1.2547108333333332
2012-08-30 16:00:00,1.2515241666666665
2012-08-30 20:00:00,1.2504241666666667
2012-08-31 00:00:00,1.2508325
2012-08-31 04:00:00,1.2515874999999999
2012-08-31 08:00:00,1.2513408333333333
2012-08-31 12:00:00,1.2583941666666667
2012-08-31 16:00:00,1.2590108333333334
2012-08-31 20:00:00,1.2573883333333333
2012-09-03 00:00:00,1.2573133333333333
2012-09-03 04:00:00,1.2573716666666666
2012-09-03 08:00:00,1.2572575000000001
2012-09-03 12:00:00,1.2569958333333333
2012-09-03 16:00:00,1.2584825
2012-09-03 20:00:00,1.2594375
2012-09-04 00:00:00,1.2587741666666667
2012-09-04 04:00:00,1.2613333333333334
2012-09-04 08:00:00,1.2612949999999998
2012-09-04 12:00:00,1.2590675
2012-09-04 16:00:00,1.2567308333333331
2012-09-04 20:00:00,1.2565525
2012-09-05 00:00:00,1.2550241666666666
2012-09-05 04:00:00,1.2536825
2012-09-05 08:00:00,1.2524983333333333
2012-09-05 12:00:00,1.2554525
2012-09-05 16:00:00,1.2603166666666668
2012-09-05 20:00:00,1.2598175
2012-09-06 00:00:00,1.2599333333333333
2012-09-06 04:00:00,1.2608975
2012-09-06 08:00:00,1.2615316666666667
2012-09-06 12:00:00,1.2615125
2012-09-06 16:00:00,1.2614583333333333
2012-09-06 20:00:00,1.2637200000000002
2012-09-07 00:00:00,1.263105
2012-09-07 04:00:00,1.2632016666666668
2012-09-07 08:00:00,1.265325
2012-09-07 12:00:00,1.2704541666666667
2012-09-07 16:00:00,1.2781966666666666
2012-09-07 20:00:00,1.2798858333333334
2012-09-10 00:00:00,1.2797808333333334
2012-09-10 04:00:00,1.2787641666666667
2012-09-10 08:00:00,1.2785775
2012-09-10 12:00:00,1.2781316666666667
2012-09-10 16:00:00,1.2786541666666666
2012-09-10 20:00:00,1.2769041666666667
2012-09-11 00:00:00,1.2761025000000001
2012-09-11 04:00:00,1.277315
2012-09-11 08:00:00,1.2789108333333332
2012-09-11 12:00:00,1.2792716666666666
2012-09-11 16:00:00,1.2846666666666666
2012-09-11 20:00:00,1.2858675
2012-09-12 00:00:00,1.2851908333333333
2012-09-12 04:00:00,1.2861125000000002
2012-09-12 08:00:00,1.2869383333333333
2012-09-12 12:00:00,1.2909408333333334
2012-09-12 16:00:00,1.2892941666666666
2012-09-12 20:00:00,1.2894925
2012-09-13 00:00:00,1.2902991666666668
2012-09-13 04:00:00,1.2918183333333333
2012-09-13 08:00:00,1.2917991666666666
2012-09-13 12:00:00,1.2906716666666667
2012-09-13 16:00:00,1.2902741666666666
2012-09-13 20:00:00,1.297505
2012-09-14 00:00:00,1.2989308333333334
2012-09-14 04:00:00,1.3013416666666666
2012-09-14 08:00:00,1.30343
2012-09-14 12:00:00,1.3082975000000001
2012-09-14 16:00:00,1.3137075
2012-09-14 20:00:00,1.3116033333333332
2012-09-17 00:00:00,1.3116050000000001
2012-09-17 04:00:00,1.3126958333333334
2012-09-17 08:00:00,1.3116791666666665
2012-09-17 12:00:00,1.3108558333333333
2012-09-17 16:00:00,1.3134183333333334
2012-09-17 20:00:00,1.3107658333333334
2012-09-18 00:00:00,1.3109058333333334
2012-09-18 04:00:00,1.31019
2012-09-18 08:00:00,1.3089666666666666
2012-09-18 12:00:00,1.3062183333333333
2012-09-18 16:00:00,1.3052608333333333
2012-09-18 20:00:00,1.3038325
2012-09-19 00:00:00,1.3043391666666666
2012-09-19 04:00:00,1.3048833333333332
2012-09-19 08:00:00,1.30641
2012-09-19 12:00:00,1.3012541666666668
2012-09-19 16:00:00,1.3050008333333334
2012-09-19 20:00:00,1.3055141666666668
2012-09-20 00:00:00,1.304975
2012-09-20 04:00:00,1.3019133333333333
2012-09-20 08:00:00,1.2973358333333334
2012-09-20 12:00:00,1.2948066666666667
2012-09-20 16:00:00,1.2942258333333332
2012-09-20 20:00:00,1.2960816666666668
2012-09-21 00:00:00,1.2971283333333334
2012-09-21 04:00:00,1.2976433333333335
2012-09-21 08:00:00,1.2992516666666667
2012-09-21 12:00:00,1.3011724999999998
2012-09-21 16:00:00,1.300065
2012-09-21 20:00:00,1.2989758333333334
2012-09-24 00:00:00,1.2973841666666668
2012-09-24 04:00:00,1.2943825000000002
2012-09-24 08:00:00,1.2940216666666666
2012-09-24 12:00:00,1.2910658333333331
2012-09-24 16:00:00,1.2910225
2012-09-24 20:00:00,1.2926674999999999
2012-09-25 00:00:00,1.293415
2012-09-25 04:00:00,1.2940225
2012-09-25 08:00:00,1.2906883333333332
2012-09-25 12:00:00,1.2920883333333333
2012-09-25 16:00:00,1.2950966666666668
2012-09-25 20:00:00,1.2924083333333334
2012-09-26 00:00:00,1.2902025
2012-09-26 04:00:00,1.2897591666666668
2012-09-26 08:00:00,1.2868025
2012-09-26 12:00:00,1.28595
2012-09-26 16:00:00,1.2851766666666666
2012-09-26 20:00:00,1.2862283333333333
2012-09-27 00:00:00,1.2873508333333334
2012-09-27 04:00:00,1.2879375
2012-09-27 08:00:00,1.2884416666666667
2012-09-27 12:00:00,1.2864058333333332
2012-09-27 16:00:00,1.2870650000000001
2012-09-27 20:00:00,1.2913066666666666
2012-09-28 00:00:00,1.2913291666666669
2012-09-28 04:00:00,1.2928583333333334
2012-09-28 08:00:00,1.2932758333333334
2012-09-28 12:00:00,1.2931983333333332
2012-09-28 16:00:00,1.2876241666666668
2012-09-28 20:00:00,1.2854966666666667
2012-10-01 00:00:00,1.2828650000000001
2012-10-01 04:00:00,1.2816733333333334
2012-10-01 08:00:00,1.2852733333333333
2012-10-01 12:00:00,1.2898025000000002
2012-10-01 16:00:00,1.29063
2012-10-01 20:00:00,1.2889
2012-10-02 00:00:00,1.2888375
2012-10-02 04:00:00,1.2897733333333334
2012-10-02 08:00:00,1.2902291666666668
2012-10-02 12:00:00,1.2918983333333334
2012-10-02 16:00:00,1.2939383333333332
2012-10-02 20:00:00,1.2923116666666667
2012-10-03 00:00:00,1.291375
2012-10-03 04:00:00,1.2903608333333332
2012-10-03 08:00:00,1.2902541666666667
2012-10-03 12:00:00,1.29114
2012-10-03 16:00:00,1.2904641666666667
2012-10-03 20:00:00,1.2901908333333334
2012-10-04 00:00:00,1.29148
2012-10-04 04:00:00,1.2922175
2012-10-04 08:00:00,1.2936883333333333
2012-10-04 12:00:00,1.2953258333333333
2012-10-04 16:00:00,1.2996500000000002
2012-10-04 20:00:00,1.3018708333333333
2012-10-05 00:00:00,1.3016633333333334
2012-10-05 04:00:00,1.3015991666666666
2012-10-05 08:00:00,1.3005466666666665
2012-10-05 12:00:00,1.3010041666666667
2012-10-05 16:00:00,1.3052858333333333
2012-10-05 20:00:00,1.3031266666666665
2012-10-08 00:00:00,1.3016441666666667
2012-10-08 04:00:00,1.2997641666666668
2012-10-08 08:00:00,1.2977941666666666
2012-10-08 12:00:00,1.2959441666666667
2012-10-08 16:00:00,1.2970949999999999
2012-10-08 20:00:00,1.2969066666666667
2012-10-09 00:00:00,1.2971300000000001
2012-10-09 04:00:00,1.2981125
2012-10-09 08:00:00,1.2956941666666666
2012-10-09 12:00:00,1.2937283333333334
2012-10-09 16:00:00,1.2894375
2012-10-09 20:00:00,1.2873383333333333
2012-10-10 00:00:00,1.28698
2012-10-10 04:00:00,1.285755
2012-10-10 08:00:00,1.286375
2012-10-10 12:00:00,1.2871241666666666
2012-10-10 16:00:00,1.2890241666666666
2012-10-10 20:00:00,1.2892941666666666
2012-10-11 00:00:00,1.2852458333333334
2012-10-11 04:00:00,1.2853358333333333
2012-10-11 08:00:00,1.2864833333333334
2012-10-11 12:00:00,1.29092
2012-10-11 16:00:00,1.2937208333333334
2012-10-11 20:00:00,1.2929691666666665
2012-10-12 00:00:00,1.2930633333333332
2012-10-12 04:00:00,1.2932333333333332
2012-10-12 08:00:00,1.2952416666666666
2012-10-12 12:00:00,1.2972783333333333
2012-10-12 16:00:00,1.2961616666666667
2012-10-12 20:00:00,1.2953966666666665
2012-10-15 00:00:00,1.2937808333333334
2012-10-15 04:00:00,1.2905183333333332
2012-10-15 08:00:00,1.2930358333333334
2012-10-15 12:00:00,1.2961858333333334
2012-10-15 16:00:00,1.2943733333333334
2012-10-15 20:00:00,1.2945825
2012-10-16 00:00:00,1.2956174999999999
2012-10-16 04:00:00,1.2961141666666667
2012-10-16 08:00:00,1.2989016666666666
2012-10-16 12:00:00,1.3024908333333334
2012-10-16 16:00:00,1.3039675
2012-10-16 20:00:00,1.304795
2012-10-17 00:00:00,1.3094908333333333
2012-10-17 04:00:00,1.3094408333333334
2012-10-17 08:00:00,1.3099925
2012-10-17 12:00:00,1.3118183333333335
2012-10-17 16:00:00,1.312375
2012-10-17 20:00:00,1.3122758333333333
2012-10-18 00:00:00,1.3111733333333333
2012-10-18 04:00:00,1.3101316666666667
2012-10-18 08:00:00,1.3101441666666669
2012-10-18 12:00:00,1.31072
2012-10-18 16:00:00,1.3100983333333334
2012-10-18 20:00:00,1.3073858333333335
2012-10-19 00:00:00,1.3069083333333333
2012-10-19 04:00:00,1.3068808333333333
2012-10-19 08:00:00,1.3063433333333334
2012-10-19 12:00:00,1.3047191666666667
2012-10-19 16:00:00,1.3032341666666667
2012-10-19 20:00:00,1.3022141666666667
2012-10-22 00:00:00,1.3024816666666665
2012-10-22 04:00:00,1.3041741666666666
2012-10-22 08:00:00,1.3048708333333334
2012-10-22 12:00:00,1.3061641666666666
2012-10-22 16:00:00,1.3061608333333334
2012-10-22 20:00:00,1.3051558333333333
2012-10-23 00:00:00,1.3065816666666665
2012-10-23 04:00:00,1.3056
2012-10-23 08:00:00,1.3037800000000002
2012-10-23 12:00:00,1.3007624999999998
2012-10-23 16:00:00,1.2966883333333334
2012-10-23 20:00:00,1.2976283333333334
2012-10-24 00:00:00,1.2980358333333333
2012-10-24 04:00:00,1.2985283333333333
2012-10-24 08:00:00,1.2969308333333336
2012-10-24 12:00:00,1.2939841666666667
2012-10-24 16:00:00,1.2959216666666666
2012-10-24 20:00:00,1.2962916666666666
2012-10-25 00:00:00,1.2968008333333332
2012-10-25 04:00:00,1.2976541666666668
2012-10-25 08:00:00,1.3002483333333332
2012-10-25 12:00:00,1.2997025
2012-10-25 16:00:00,1.2962891666666667
2012-10-25 20:00:00,1.2945708333333332
2012-10-26 00:00:00,1.2938941666666666
2012-10-26 04:00:00,1.2944575
2012-10-26 08:00:00,1.293095
2012-10-26 12:00:00,1.2910125000000001
2012-10-26 16:00:00,1.2929858333333333
2012-10-26 20:00:00,1.2933391666666667
2012-10-29 00:00:00,1.2929058333333332
2012-10-29 04:00:00,1.2929258333333333
2012-10-29 08:00:00,1.2914225000000001
2012-10-29 12:00:00,1.2902591666666665
2012-10-29 16:00:00,1.2902416666666667
2012-10-29 20:00:00,1.290055
2012-10-30 00:00:00,1.2905358333333334
2012-10-30 04:00:00,1.29095
2012-10-30 08:00:00,1.2919341666666666
2012-10-30 12:00:00,1.2947633333333335
2012-10-30 16:00:00,1.296885
2012-10-30 20:00:00,1.2961733333333334
2012-10-31 00:00:00,1.2961975000000001
2012-10-31 04:00:00,1.2960633333333331
2012-10-31 08:00:00,1.2968833333333334
2012-10-31 12:00:00,1.3004166666666666
2012-10-31 16:00:00,1.2974858333333334
2012-10-31 20:00:00,1.296345
2012-11-01 00:00:00,1.2959433333333332
2012-11-01 04:00:00,1.2963566666666666
2012-11-01 08:00:00,1.2950725
2012-11-01 12:00:00,1.2950949999999999
2012-11-01 16:00:00,1.2955683333333334
2012-11-01 20:00:00,1.2937041666666667
2012-11-02 00:00:00,1.2941733333333334
2012-11-02 04:00:00,1.2931275
2012-11-02 08:00:00,1.2899916666666666
2012-11-02 12:00:00,1.2876925
2012-11-02 16:00:00,1.2846458333333333
2012-11-02 20:00:00,1.2831241666666666
2012-11-05 00:00:00,1.2826475
2012-11-05 04:00:00,1.28246
2012-11-05 08:00:00,1.2815108333333334
2012-11-05 12:00:00,1.2790291666666667
2012-11-05 16:00:00,1.2783575
2012-11-05 20:00:00,1.278605
2012-11-06 00:00:00,1.2795475
2012-11-06 04:00:00,1.2788458333333332
2012-11-06 08:00:00,1.2784433333333334
2012-11-06 12:00:00,1.279445
2012-11-06 16:00:00,1.2806516666666665
2012-11-06 20:00:00,1.2817124999999998
2012-11-07 00:00:00,1.2806708333333334
2012-11-07 04:00:00,1.2818433333333332
2012-11-07 08:00:00,1.2861591666666665
2012-11-07 12:00:00,1.2820233333333333
2012-11-07 16:00:00,1.2756691666666666
2012-11-07 20:00:00,1.2764675
2012-11-08 00:00:00,1.2763608333333334
2012-11-08 04:00:00,1.2754608333333333
2012-11-08 08:00:00,1.2761483333333334
2012-11-08 12:00:00,1.2739708333333333
2012-11-08 16:00:00,1.27401
2012-11-08 20:00:00,1.2743474999999997
2012-11-09 00:00:00,1.2743091666666666
2012-11-09 04:00:00,1.2763233333333335
2012-11-09 08:00:00,1.2764141666666666
2012-11-09 12:00:00,1.2721683333333333
2012-11-09 16:00:00,1.2708283333333332
2012-11-09 20:00:00,1.2714683333333332
2012-11-12 00:00:00,1.2716916666666667
2012-11-12 04:00:00,1.2724316666666666
2012-11-12 08:00:00,1.2719658333333335
2012-11-12 12:00:00,1.2712575000000002
2012-11-12 16:00:00,1.2717391666666666
2012-11-12 20:00:00,1.2712266666666665
2012-11-13 00:00:00,1.2705958333333334
2012-11-13 04:00:00,1.2682891666666667
2012-11-13 08:00:00,1.2682691666666666
2012-11-13 12:00:00,1.2691391666666667
2012-11-13 16:00:00,1.2699266666666666
2012-11-13 20:00:00,1.2707708333333334
2012-11-14 00:00:00,1.27058
2012-11-14 04:00:00,1.2717575
2012-11-14 08:00:00,1.2723049999999998
2012-11-14 12:00:00,1.2740733333333334
2012-11-14 16:00:00,1.2737675
2012-11-14 20:00:00,1.2745891666666667
2012-11-15 00:00:00,1.2731249999999998
2012-11-15 04:00:00,1.2736791666666667
2012-11-15 08:00:00,1.2742308333333334
2012-11-15 12:00:00,1.2760633333333333
2012-11-15 16:00:00,1.2775316666666667
2012-11-15 20:00:00,1.2773183333333333
2012-11-16 00:00:00,1.2778358333333333
2012-11-16 04:00:00,1.2771766666666666
2012-11-16 08:00:00,1.2759783333333334
2012-11-16 12:00:00,1.27358
2012-11-16 16:00:00,1.2723191666666667
2012-11-16 20:00:00,1.2727216666666665
2012-11-19 00:00:00,1.2746558333333335
2012-11-19 04:00:00,1.2761433333333332
2012-11-19 08:00:00,1.27655
2012-11-19 12:00:00,1.2770458333333332
2012-11-19 16:00:00,1.2790216666666667
2012-11-19 20:00:00,1.2805116666666667
2012-11-20 00:00:00,1.2787266666666668
2012-11-20 04:00:00,1.2792266666666665
2012-11-20 08:00:00,1.2792733333333335
2012-11-20 12:00:00,1.28046
2012-11-20 16:00:00,1.2806108333333333
2012-11-20 20:00:00,1.2807266666666668
2012-11-21 00:00:00,1.28143
2012-11-21 04:00:00,1.2786133333333334
2012-11-21 08:00:00,1.2758133333333335
2012-11-21 12:00:00,1.2792841666666668
2012-11-21 16:00:00,1.2818658333333333
2012-11-21 20:00:00,1.2824025
2012-11-22 00:00:00,1.2841025
2012-11-22 04:00:00,1.2845841666666666
2012-11-22 08:00:00,1.2848741666666665
2012-11-22 12:00:00,1.2868541666666666
2012-11-22 16:00:00,1.2880874999999998
2012-11-22 20:00:00,1.2871116666666667
2012-11-23 00:00:00,1.2878191666666665
2012-11-23 04:00:00,1.2883958333333334
2012-11-23 08:00:00,1.2891750000000002
2012-11-23 12:00:00,1.2898716666666665
2012-11-23 16:00:00,1.2943808333333333
2012-11-23 20:00:00,1.2974508333333332
2012-11-26 00:00:00,1.2969741666666668
2012-11-26 04:00:00,1.2956308333333333
2012-11-26 08:00:00,1.2959683333333334
2012-11-26 12:00:00,1.296375
2012-11-26 16:00:00,1.2965158333333333
2012-11-26 20:00:00,1.2963783333333334
2012-11-27 00:00:00,1.2983983333333333
2012-11-27 04:00:00,1.2982741666666668
2012-11-27 08:00:00,1.2986116666666667
2012-11-27 12:00:00,1.295495
2012-11-27 16:00:00,1.2939066666666665
2012-11-27 20:00:00,1.2933583333333334
2012-11-28 00:00:00,1.2938458333333334
2012-11-28 04:00:00,1.2933000000000001
2012-11-28 08:00:00,1.29237
2012-11-28 12:00:00,1.291045
2012-11-28 16:00:00,1.2901633333333333
2012-11-28 20:00:00,1.2933808333333332
2012-11-29 00:00:00,1.2948674999999998
2012-11-29 04:00:00,1.2952208333333333
2012-11-29 08:00:00,1.2955724999999998
2012-11-29 12:00:00,1.2985841666666667
2012-11-29 16:00:00,1.2983666666666667
2012-11-29 20:00:00,1.2970908333333333
2012-11-30 00:00:00,1.2975150000000002
2012-11-30 04:00:00,1.2993525
2012-11-30 08:00:00,1.3006216666666668
2012-11-30 12:00:00,1.3000625
2012-11-30 16:00:00,1.2996791666666667
2012-11-30 20:00:00,1.3001316666666667
2012-12-03 00:00:00,1.2993316666666666
2012-12-03 04:00:00,1.3035625
2012-12-03 08:00:00,1.3029775000000001
2012-12-03 12:00:00,1.3038775
2012-12-03 16:00:00,1.3057383333333332
2012-12-03 20:00:00,1.3057850000000002
2012-12-04 00:00:00,1.3055216666666667
2012-12-04 04:00:00,1.3052725
2012-12-04 08:00:00,1.3063616666666666
2012-12-04 12:00:00,1.3077583333333334
2012-12-04 16:00:00,1.3087825
2012-12-04 20:00:00,1.3095033333333332
2012-12-05 00:00:00,1.3096958333333333
2012-12-05 04:00:00,1.3106900000000001
2012-12-05 08:00:00,1.3112691666666667
2012-12-05 12:00:00,1.3085541666666667
2012-12-05 16:00:00,1.3070408333333332
2012-12-05 20:00:00,1.30804
2012-12-06 00:00:00,1.30675
2012-12-06 04:00:00,1.3053358333333334
2012-12-06 08:00:00,1.3055991666666666
2012-12-06 12:00:00,1.3072275
2012-12-06 16:00:00,1.3005466666666667
2012-12-06 20:00:00,1.2960266666666667
2012-12-07 00:00:00,1.2964408333333333
2012-12-07 04:00:00,1.2967966666666666
2012-12-07 08:00:00,1.2947833333333332
2012-12-07 12:00:00,1.292445
2012-12-07 16:00:00,1.2915658333333333
2012-12-07 20:00:00,1.2931525000000001
2012-12-10 00:00:00,1.2906575
2012-12-10 04:00:00,1.2902775
2012-12-10 08:00:00,1.29027
2012-12-10 12:00:00,1.2907583333333335
2012-12-10 16:00:00,1.2930549999999998
2012-12-10 20:00:00,1.2936533333333333
2012-12-11 00:00:00,1.2940025
2012-12-11 04:00:00,1.2938083333333332
2012-12-11 08:00:00,1.29499
2012-12-11 12:00:00,1.2972525
2012-12-11 16:00:00,1.2993808333333334
2012-12-11 20:00:00,1.3002808333333333
2012-12-12 00:00:00,1.3006291666666667
2012-12-12 04:00:00,1.3005291666666667
2012-12-12 08:00:00,1.3002816666666666
2012-12-12 12:00:00,1.3026
2012-12-12 16:00:00,1.3038625
2012-12-12 20:00:00,1.30768
2012-12-13 00:00:00,1.3069475
2012-12-13 04:00:00,1.307085
2012-12-13 08:00:00,1.3084433333333334
2012-12-13 12:00:00,1.3059158333333334
2012-12-13 16:00:00,1.3077883333333333
2012-12-13 20:00:00,1.3072525
2012-12-14 00:00:00,1.3074416666666666
2012-12-14 04:00:00,1.3085691666666666
2012-12-14 08:00:00,1.3098583333333333
2012-12-14 12:00:00,1.3083575
2012-12-14 16:00:00,1.3098708333333333
2012-12-14 20:00:00,1.3159341666666666
2012-12-17 00:00:00,1.316715
2012-12-17 04:00:00,1.3157058333333334
2012-12-17 08:00:00,1.3156458333333334
2012-12-17 12:00:00,1.31566
2012-12-17 16:00:00,1.3164658333333334
2012-12-17 20:00:00,1.316045
2012-12-18 00:00:00,1.3161916666666666
2012-12-18 04:00:00,1.3171658333333331
2012-12-18 08:00:00,1.3169116666666667
2012-12-18 12:00:00,1.3179316666666667
2012-12-18 16:00:00,1.3195183333333333
2012-12-18 20:00:00,1.3225333333333333
2012-12-19 00:00:00,1.3226991666666665
2012-12-19 04:00:00,1.324205
2012-12-19 08:00:00,1.3242691666666666
2012-12-19 12:00:00,1.3274374999999998
2012-12-19 16:00:00,1.3275958333333333
2012-12-19 20:00:00,1.3243983333333333
2012-12-20 00:00:00,1.3214833333333333
2012-12-20 04:00:00,1.322165
2012-12-20 08:00:00,1.3216999999999999
2012-12-20 12:00:00,1.3244416666666667
2012-12-20 16:00:00,1.3256058333333334
2012-12-20 20:00:00,1.3239708333333333
2012-12-21 00:00:00,1.3239158333333334
2012-12-21 04:00:00,1.3196625
2012-12-21 08:00:00,1.3203683333333334
2012-12-21 12:00:00,1.3206375
2012-12-21 16:00:00,1.3182616666666667
2012-12-21 20:00:00,1.317355
2012-12-24 00:00:00,1.3179325
2012-12-24 04:00:00,1.3178816666666666
2012-12-24 08:00:00,1.3193516666666665
2012-12-24 12:00:00,1.3218016666666668
2012-12-24 16:00:00,1.3202941666666668
2012-12-26 16:00:00,1.3221458333333334
2012-12-26 20:00:00,1.3221375
2012-12-27 00:00:00,1.3225908333333334
2012-12-27 04:00:00,1.3231583333333332
2012-12-27 08:00:00,1.3242966666666667
2012-12-27 12:00:00,1.3268141666666666
2012-12-27 16:00:00,1.3251516666666667
2012-12-27 20:00:00,1.3226766666666667
2012-12-28 00:00:00,1.3240625
2012-12-28 04:00:00,1.32419
2012-12-28 08:00:00,1.3239966666666667
2012-12-28 12:00:00,1.3183233333333333
2012-12-28 16:00:00,1.3216516666666667
2012-12-28 20:00:00,1.3218866666666667
2012-12-31 00:00:00,1.3220875
2012-12-31 04:00:00,1.3212625
2012-12-31 08:00:00,1.3192375
2012-12-31 12:00:00,1.3187858333333335
2012-12-31 16:00:00,1.3200716666666668
2013-01-02 08:00:00,1.3273199999999998
2013-01-02 12:00:00,1.3256091666666667
2013-01-02 16:00:00,1.3239233333333333
2013-01-02 20:00:00,1.3172166666666667
2013-01-03 00:00:00,1.318435
2013-01-03 04:00:00,1.3146575
2013-01-03 08:00:00,1.3143941666666668
2013-01-03 12:00:00,1.3117808333333332
2013-01-03 16:00:00,1.3103016666666667
2013-01-03 20:00:00,1.3086658333333334
2013-01-04 00:00:00,1.3036333333333334
2013-01-04 04:00:00,1.3029266666666666
2013-01-04 08:00:00,1.3028641666666667
2013-01-04 12:00:00,1.3008816666666665
2013-01-04 16:00:00,1.3043691666666666
2013-01-04 20:00:00,1.3060891666666667
2013-01-07 00:00:00,1.3067491666666666
2013-01-07 04:00:00,1.3052266666666665
2013-01-07 08:00:00,1.3034441666666665
2013-01-07 12:00:00,1.3034908333333333
2013-01-07 16:00:00,1.3073058333333334
2013-01-07 20:00:00,1.3109216666666668
2013-01-08 00:00:00,1.3119708333333333
2013-01-08 04:00:00,1.3120625
2013-01-08 08:00:00,1.3117983333333334
2013-01-08 12:00:00,1.3116708333333333
2013-01-08 16:00:00,1.3075716666666666
2013-01-08 20:00:00,1.3076625
2013-01-09 00:00:00,1.3079866666666669
2013-01-09 04:00:00,1.3075075
2013-01-09 08:00:00,1.308265
2013-01-09 12:00:00,1.3064491666666667
2013-01-09 16:00:00,1.3053033333333333
2013-01-09 20:00:00,1.30606
2013-01-10 00:00:00,1.3056266666666665
2013-01-10 04:00:00,1.3046099999999998
2013-01-10 08:00:00,1.3056775
2013-01-10 12:00:00,1.3099791666666665
2013-01-10 16:00:00,1.31916
2013-01-10 20:00:00,1.3252783333333333
2013-01-11 00:00:00,1.3267974999999999
2013-01-11 04:00:00,1.3257066666666668
2013-01-11 08:00:00,1.3261116666666666
2013-01-11 12:00:00,1.326564166666667
2013-01-11 16:00:00,1.3338066666666666
2013-01-11 20:00:00,1.3346016666666667
2013-01-14 00:00:00,1.3356625000000002
2013-01-14 04:00:00,1.3387908333333334
2013-01-14 08:00:00,1.3377408333333336
2013-01-14 12:00:00,1.3363016666666665
2013-01-14 16:00:00,1.3355466666666667
2013-01-14 20:00:00,1.3371283333333333
2013-01-15 00:00:00,1.3379133333333333
2013-01-15 04:00:00,1.3371666666666666
2013-01-15 08:00:00,1.3354608333333333
2013-01-15 12:00:00,1.3351625
2013-01-15 16:00:00,1.3336425
2013-01-15 20:00:00,1.3307925
2013-01-16 00:00:00,1.3304241666666667
2013-01-16 04:00:00,1.3289374999999999
2013-01-16 08:00:00,1.3283125
2013-01-16 12:00:00,1.3290875
2013-01-16 16:00:00,1.3284658333333335
2013-01-16 20:00:00,1.3288958333333334
2013-01-17 00:00:00,1.3290275
2013-01-17 04:00:00,1.3294425
2013-01-17 08:00:00,1.3298208333333332
2013-01-17 12:00:00,1.3359058333333333
2013-01-17 16:00:00,1.3350633333333333
2013-01-17 20:00:00,1.3372324999999998
2013-01-18 00:00:00,1.3374008333333334
2013-01-18 04:00:00,1.3375675
2013-01-18 08:00:00,1.3382091666666667
2013-01-18 12:00:00,1.3349383333333333
2013-01-18 16:00:00,1.3307766666666667
2013-01-18 20:00:00,1.332035833333333
2013-01-21 00:00:00,1.3313291666666667
2013-01-21 04:00:00,1.3320691666666669
2013-01-21 08:00:00,1.3316966666666668
2013-01-21 12:00:00,1.3312833333333334
2013-01-21 16:00:00,1.331325
2013-01-21 20:00:00,1.3314741666666667
2013-01-22 00:00:00,1.3310933333333335
2013-01-22 04:00:00,1.3319633333333334
2013-01-22 08:00:00,1.3351375
2013-01-22 12:00:00,1.3330966666666666
2013-01-22 16:00:00,1.3303941666666668
2013-01-22 20:00:00,1.3311758333333334
2013-01-23 00:00:00,1.331845
2013-01-23 04:00:00,1.3315008333333334
2013-01-23 08:00:00,1.3302033333333334
2013-01-23 12:00:00,1.3332875
2013-01-23 16:00:00,1.3314766666666666
2013-01-23 20:00:00,1.3313133333333331
2013-01-24 00:00:00,1.3310291666666667
2013-01-24 04:00:00,1.3313608333333333
2013-01-24 08:00:00,1.33182
2013-01-24 12:00:00,1.3325566666666666
2013-01-24 16:00:00,1.3359066666666668
2013-01-24 20:00:00,1.3370691666666665
2013-01-25 00:00:00,1.3372633333333335
2013-01-25 04:00:00,1.3359341666666666
2013-01-25 08:00:00,1.33903
2013-01-25 12:00:00,1.3435008333333336
2013-01-25 16:00:00,1.3462866666666669
2013-01-25 20:00:00,1.3460116666666666
2013-01-28 00:00:00,1.346055
2013-01-28 04:00:00,1.3454641666666667
2013-01-28 08:00:00,1.344595
2013-01-28 12:00:00,1.3443558333333334
2013-01-28 16:00:00,1.3457741666666667
2013-01-28 20:00:00,1.345375
2013-01-29 00:00:00,1.3449399999999998
2013-01-29 04:00:00,1.3451708333333332
2013-01-29 08:00:00,1.344495
2013-01-29 12:00:00,1.3434083333333335
2013-01-29 16:00:00,1.3467116666666665
2013-01-29 20:00:00,1.3485158333333334
2013-01-30 00:00:00,1.3488225
2013-01-30 04:00:00,1.3489208333333333
2013-01-30 08:00:00,1.3496083333333333
2013-01-30 12:00:00,1.3540466666666664
2013-01-30 16:00:00,1.3555391666666667
2013-01-30 20:00:00,1.3568541666666667
2013-01-31 00:00:00,1.3567866666666668
2013-01-31 04:00:00,1.3567625
2013-01-31 08:00:00,1.3562224999999999
2013-01-31 12:00:00,1.3555308333333334
2013-01-31 16:00:00,1.3571075000000001
2013-01-31 20:00:00,1.3578166666666664
2013-02-01 00:00:00,1.3593166666666667
2013-02-01 04:00:00,1.3611658333333334
2013-02-01 08:00:00,1.3626491666666667
2013-02-01 12:00:00,1.3656308333333333
2013-02-01 16:00:00,1.3655658333333336
2013-02-01 20:00:00,1.3665541666666667
2013-02-04 00:00:00,1.3646591666666668
2013-02-04 04:00:00,1.3626866666666668
2013-02-04 08:00:00,1.3621066666666666
2013-02-04 12:00:00,1.3572816666666667
2013-02-04 16:00:00,1.3557483333333333
2013-02-04 20:00:00,1.3520025000000002
2013-02-05 00:00:00,1.3506908333333334
2013-02-05 04:00:00,1.3495
2013-02-05 08:00:00,1.3483366666666667
2013-02-05 12:00:00,1.3542916666666667
2013-02-05 16:00:00,1.3535633333333332
2013-02-05 20:00:00,1.3580349999999999
2013-02-06 00:00:00,1.3580850000000002
2013-02-06 04:00:00,1.3583375
2013-02-06 08:00:00,1.3554091666666666
2013-02-06 12:00:00,1.3531016666666666
2013-02-06 16:00:00,1.3521591666666666
2013-02-06 20:00:00,1.3519341666666667
2013-02-07 00:00:00,1.3519025
2013-02-07 04:00:00,1.350905
2013-02-07 08:00:00,1.3534825
2013-02-07 12:00:00,1.35638
2013-02-07 16:00:00,1.3430966666666666
2013-02-07 20:00:00,1.3397058333333334
2013-02-08 00:00:00,1.33922
2013-02-08 04:00:00,1.3406733333333334
2013-02-08 08:00:00,1.3400891666666666
2013-02-08 12:00:00,1.3408641666666667
2013-02-08 16:00:00,1.337835
2013-02-08 20:00:00,1.3360458333333334
2013-02-11 00:00:00,1.3367308333333334
2013-02-11 04:00:00,1.3371983333333333
2013-02-11 08:00:00,1.3377641666666666
2013-02-11 12:00:00,1.3390149999999998
2013-02-11 16:00:00,1.338525
2013-02-11 20:00:00,1.3404075
2013-02-12 00:00:00,1.3402749999999999
2013-02-12 04:00:00,1.3396124999999999
2013-02-12 08:00:00,1.3381833333333335
2013-02-12 12:00:00,1.3423233333333333
2013-02-12 16:00:00,1.3438775
2013-02-12 20:00:00,1.3451374999999999
2013-02-13 00:00:00,1.3451183333333332
2013-02-13 04:00:00,1.3447783333333334
2013-02-13 08:00:00,1.345255
2013-02-13 12:00:00,1.3482883333333333
2013-02-13 16:00:00,1.3462
2013-02-13 20:00:00,1.3448858333333333
2013-02-14 00:00:00,1.3446633333333333
2013-02-14 04:00:00,1.3445875
2013-02-14 08:00:00,1.3414458333333334
2013-02-14 12:00:00,1.3343649999999998
2013-02-14 16:00:00,1.3334891666666666
2013-02-14 20:00:00,1.3344133333333335
2013-02-15 00:00:00,1.3356525
2013-02-15 04:00:00,1.335755
2013-02-15 08:00:00,1.3360725
2013-02-15 12:00:00,1.332695
2013-02-15 16:00:00,1.3352483333333334
2013-02-15 20:00:00,1.33566
2013-02-18 00:00:00,1.3347983333333333
2013-02-18 04:00:00,1.3333808333333332
2013-02-18 08:00:00,1.3338433333333333
2013-02-18 12:00:00,1.3352899999999999
2013-02-18 16:00:00,1.3350116666666667
2013-02-18 20:00:00,1.3350791666666668
2013-02-19 00:00:00,1.3349725
2013-02-19 04:00:00,1.3345975
2013-02-19 08:00:00,1.3349633333333335
2013-02-19 12:00:00,1.334215
2013-02-19 16:00:00,1.3360599999999998
2013-02-19 20:00:00,1.3388608333333334
2013-02-20 00:00:00,1.3393375
2013-02-20 04:00:00,1.3415774999999999
2013-02-20 08:00:00,1.3416625
2013-02-20 12:00:00,1.339445
2013-02-20 16:00:00,1.337025
2013-02-20 20:00:00,1.3316566666666667
2013-02-21 00:00:00,1.3280699999999999
2013-02-21 04:00:00,1.3271316666666666
2013-02-21 08:00:00,1.3246825
2013-02-21 12:00:00,1.3186366666666667
2013-02-21 16:00:00,1.3204166666666666
2013-02-21 20:00:00,1.3184616666666666
2013-02-22 00:00:00,1.3188683333333333
2013-02-22 04:00:00,1.3201133333333332
2013-02-22 08:00:00,1.3212633333333335
2013-02-22 12:00:00,1.3198483333333333
2013-02-22 16:00:00,1.3167908333333334
2013-02-22 20:00:00,1.3181958333333332
2013-02-25 00:00:00,1.3190916666666668
2013-02-25 04:00:00,1.3186966666666666
2013-02-25 08:00:00,1.3213075
2013-02-25 12:00:00,1.3262691666666668
2013-02-25 16:00:00,1.3253233333333334
2013-02-25 20:00:00,1.3121524999999998
2013-02-26 00:00:00,1.306845
2013-02-26 04:00:00,1.3071216666666667
2013-02-26 08:00:00,1.3056941666666666
2013-02-26 12:00:00,1.309175
2013-02-26 16:00:00,1.3076808333333334
2013-02-26 20:00:00,1.3052774999999999
2013-02-27 00:00:00,1.3061866666666666
2013-02-27 04:00:00,1.3055825
2013-02-27 08:00:00,1.3075483333333333
2013-02-27 12:00:00,1.3096625
2013-02-27 16:00:00,1.3096233333333334
2013-02-27 20:00:00,1.3111141666666666
2013-02-28 00:00:00,1.3142274999999999
2013-02-28 04:00:00,1.3145600000000002
2013-02-28 08:00:00,1.3142816666666668
2013-02-28 12:00:00,1.3116908333333335
2013-02-28 16:00:00,1.3097050000000001
2013-02-28 20:00:00,1.3072825
2013-03-01 00:00:00,1.3061441666666667
2013-03-01 04:00:00,1.3072666666666666
2013-03-01 08:00:00,1.3075483333333333
2013-03-01 12:00:00,1.3026266666666668
2013-03-01 16:00:00,1.299115
2013-03-01 20:00:00,1.3021608333333332
2013-03-04 00:00:00,1.3015275000000002
2013-03-04 04:00:00,1.3016275
2013-03-04 08:00:00,1.300755
2013-03-04 12:00:00,1.2997108333333334
2013-03-04 16:00:00,1.3005075
2013-03-04 20:00:00,1.3011541666666668
2013-03-05 00:00:00,1.3026883333333334
2013-03-05 04:00:00,1.3030358333333332
2013-03-05 08:00:00,1.3043833333333335
2013-03-05 12:00:00,1.3040866666666666
2013-03-05 16:00:00,1.3033166666666665
2013-03-05 20:00:00,1.3036508333333332
2013-03-06 00:00:00,1.3049283333333335
2013-03-06 04:00:00,1.3062408333333333
2013-03-06 08:00:00,1.3057716666666668
2013-03-06 12:00:00,1.3036675
2013-03-06 16:00:00,1.301016666666667
2013-03-06 20:00:00,1.2989924999999998
2013-03-07 00:00:00,1.2975191666666666
2013-03-07 04:00:00,1.2988091666666668
2013-03-07 08:00:00,1.2998233333333333
2013-03-07 12:00:00,1.3023850000000001
2013-03-07 16:00:00,1.3082333333333334
2013-03-07 20:00:00,1.310665
2013-03-08 00:00:00,1.310535
2013-03-08 04:00:00,1.3094191666666666
2013-03-08 08:00:00,1.3088291666666667
2013-03-08 12:00:00,1.3104958333333334
2013-03-08 16:00:00,1.2994408333333334
2013-03-08 20:00:00,1.2994424999999998
2013-03-11 00:00:00,1.298985833333333
2013-03-11 04:00:00,1.3000975000000001
2013-03-11 08:00:00,1.3004391666666666
2013-03-11 12:00:00,1.3001158333333334
2013-03-11 16:00:00,1.3004
2013-03-11 20:00:00,1.3036091666666665
2013-03-12 00:00:00,1.303515
2013-03-12 04:00:00,1.302935
2013-03-12 08:00:00,1.3014158333333334
2013-03-12 12:00:00,1.3015233333333334
2013-03-12 16:00:00,1.3040791666666667
2013-03-12 20:00:00,1.3027566666666668
2013-03-13 00:00:00,1.3027699999999998
2013-03-13 04:00:00,1.3035491666666668
2013-03-13 08:00:00,1.3041408333333333
2013-03-13 12:00:00,1.30041
2013-03-13 16:00:00,1.2946
2013-03-13 20:00:00,1.2960741666666666
2013-03-14 00:00:00,1.2961591666666668
2013-03-14 04:00:00,1.2959591666666666
2013-03-14 08:00:00,1.2955466666666666
2013-03-14 12:00:00,1.2935375
2013-03-14 16:00:00,1.2969766666666667
2013-03-14 20:00:00,1.3005933333333335
2013-03-15 00:00:00,1.3006791666666666
2013-03-15 04:00:00,1.3014233333333334
2013-03-15 08:00:00,1.3022091666666666
2013-03-15 12:00:00,1.3061775
2013-03-15 16:00:00,1.3065541666666667
2013-03-15 20:00:00,1.3059749999999999
2013-03-18 00:00:00,1.2905291666666665
2013-03-18 04:00:00,1.2901941666666668
2013-03-18 08:00:00,1.2914116666666666
2013-03-18 12:00:00,1.295185
2013-03-18 16:00:00,1.2953108333333334
2013-03-18 20:00:00,1.2950225
2013-03-19 00:00:00,1.2949708333333334
2013-03-19 04:00:00,1.2956508333333334
2013-03-19 08:00:00,1.2943633333333333
2013-03-19 12:00:00,1.29403
2013-03-19 16:00:00,1.2914016666666666
2013-03-19 20:00:00,1.2878258333333332
2013-03-20 00:00:00,1.28653
2013-03-20 04:00:00,1.2873283333333332
2013-03-20 08:00:00,1.2887216666666668
2013-03-20 12:00:00,1.2916433333333333
2013-03-20 16:00:00,1.2951308333333333
2013-03-20 20:00:00,1.2943158333333336
2013-03-21 00:00:00,1.2936825
2013-03-21 04:00:00,1.2947258333333331
2013-03-21 08:00:00,1.2929591666666667
2013-03-21 12:00:00,1.2912625
2013-03-21 16:00:00,1.2910408333333332
2013-03-21 20:00:00,1.2905133333333334
2013-03-22 00:00:00,1.2900066666666667
2013-03-22 04:00:00,1.2912025
2013-03-22 08:00:00,1.2901091666666666
2013-03-22 12:00:00,1.2939541666666667
2013-03-22 16:00:00,1.2974558333333333
2013-03-22 20:00:00,1.2982466666666665
2013-03-25 00:00:00,1.2991083333333333
2013-03-25 04:00:00,1.3031808333333332
2013-03-25 08:00:00,1.3017366666666665
2013-03-25 12:00:00,1.2989933333333332
2013-03-25 16:00:00,1.2891991666666667
2013-03-25 20:00:00,1.285865
2013-03-26 00:00:00,1.2854408333333334
2013-03-26 04:00:00,1.2866183333333332
2013-03-26 08:00:00,1.2869033333333335
2013-03-26 12:00:00,1.2864866666666668
2013-03-26 16:00:00,1.2859841666666667
2013-03-26 20:00:00,1.2855666666666665
2013-03-27 00:00:00,1.28595
2013-03-27 04:00:00,1.2850133333333333
2013-03-27 08:00:00,1.2838333333333334
2013-03-27 12:00:00,1.27908
2013-03-27 16:00:00,1.2771425
2013-03-27 20:00:00,1.277325
2013-03-28 00:00:00,1.2777691666666666
2013-03-28 04:00:00,1.2781916666666668
2013-03-28 08:00:00,1.2788733333333333
2013-03-28 12:00:00,1.2792316666666668
2013-03-28 16:00:00,1.2826041666666668
2013-03-28 20:00:00,1.2818708333333335
2013-03-29 00:00:00,1.2816966666666665
2013-03-29 04:00:00,1.2826125
2013-03-29 08:00:00,1.2809658333333334
2013-03-29 12:00:00,1.2819241666666668
2013-03-29 16:00:00,1.2815641666666666
2013-03-29 20:00:00,1.281855
2013-04-01 00:00:00,1.2803499999999999
2013-04-01 04:00:00,1.2779575
2013-04-01 08:00:00,1.2801283333333333
2013-04-01 12:00:00,1.2815016666666668
2013-04-01 16:00:00,1.28411
2013-04-01 20:00:00,1.2849858333333333
2013-04-02 00:00:00,1.2848408333333332
2013-04-02 04:00:00,1.2867541666666666
2013-04-02 08:00:00,1.2853591666666668
2013-04-02 12:00:00,1.2836691666666666
2013-04-02 16:00:00,1.2829841666666668
2013-04-02 20:00:00,1.2817216666666666
2013-04-03 00:00:00,1.281800833333333
2013-04-03 04:00:00,1.28026
2013-04-03 08:00:00,1.2803708333333335
2013-04-03 12:00:00,1.2826458333333335
2013-04-03 16:00:00,1.2845175
2013-04-03 20:00:00,1.2846291666666665
2013-04-04 00:00:00,1.2845083333333331
2013-04-04 04:00:00,1.2842766666666667
2013-04-04 08:00:00,1.2816216666666667
2013-04-04 12:00:00,1.2797983333333334
2013-04-04 16:00:00,1.2851891666666666
2013-04-04 20:00:00,1.2932475
2013-04-05 00:00:00,1.2929341666666667
2013-04-05 04:00:00,1.292815
2013-04-05 08:00:00,1.2914708333333333
2013-04-05 12:00:00,1.2938991666666666
2013-04-05 16:00:00,1.30144
2013-04-05 20:00:00,1.3008016666666666
2013-04-08 00:00:00,1.2992541666666666
2013-04-08 04:00:00,1.2989558333333333
2013-04-08 08:00:00,1.2991658333333334
2013-04-08 12:00:00,1.3019516666666666
2013-04-08 16:00:00,1.3012416666666666
2013-04-08 20:00:00,1.3006883333333334
2013-04-09 00:00:00,1.3026033333333333
2013-04-09 04:00:00,1.3052358333333334
2013-04-09 08:00:00,1.3028625
2013-04-09 12:00:00,1.3042208333333334
2013-04-09 16:00:00,1.3067600000000001
2013-04-09 20:00:00,1.3089066666666667
2013-04-10 00:00:00,1.3080333333333334
2013-04-10 04:00:00,1.3085524999999998
2013-04-10 08:00:00,1.3092175
2013-04-10 12:00:00,1.3094083333333333
2013-04-10 16:00:00,1.3071424999999999
2013-04-10 20:00:00,1.3062525
2013-04-11 00:00:00,1.306025
2013-04-11 04:00:00,1.3056116666666666
2013-04-11 08:00:00,1.3074383333333335
2013-04-11 12:00:00,1.3113241666666666
2013-04-11 16:00:00,1.3115141666666665
2013-04-11 20:00:00,1.3108241666666667
2013-04-12 00:00:00,1.3108441666666666
2013-04-12 04:00:00,1.3115075
2013-04-12 08:00:00,1.30887
2013-04-12 12:00:00,1.3056141666666667
2013-04-12 16:00:00,1.3088716666666667
2013-04-12 20:00:00,1.30961
2013-04-15 00:00:00,1.3102541666666667
2013-04-15 04:00:00,1.3083491666666667
2013-04-15 08:00:00,1.3071316666666668
2013-04-15 12:00:00,1.307515
2013-04-15 16:00:00,1.3081283333333333
2013-04-15 20:00:00,1.3048033333333335
2013-04-16 00:00:00,1.3046791666666666
2013-04-16 04:00:00,1.3050725
2013-04-16 08:00:00,1.3062041666666666
2013-04-16 12:00:00,1.3100891666666665
2013-04-16 16:00:00,1.3139958333333335
2013-04-16 20:00:00,1.3185166666666668
2013-04-17 00:00:00,1.3177383333333332
2013-04-17 04:00:00,1.3177358333333333
2013-04-17 08:00:00,1.317415
2013-04-17 12:00:00,1.3142466666666666
2013-04-17 16:00:00,1.3064733333333334
2013-04-17 20:00:00,1.3026658333333332
2013-04-18 00:00:00,1.3031933333333334
2013-04-18 04:00:00,1.3043691666666666
2013-04-18 08:00:00,1.3047175
2013-04-18 12:00:00,1.3057383333333334
2013-04-18 16:00:00,1.3069333333333333
2013-04-18 20:00:00,1.3055266666666667
2013-04-19 00:00:00,1.3052191666666666
2013-04-19 04:00:00,1.3062858333333334
2013-04-19 08:00:00,1.3073775
2013-04-19 12:00:00,1.3088041666666665
2013-04-19 16:00:00,1.3083066666666667
2013-04-19 20:00:00,1.306185
2013-04-22 00:00:00,1.3062441666666667
2013-04-22 04:00:00,1.3073758333333334
2013-04-22 08:00:00,1.3055958333333335
2013-04-22 12:00:00,1.3041383333333334
2013-04-22 16:00:00,1.3036566666666667
2013-04-22 20:00:00,1.3057591666666666
2013-04-23 00:00:00,1.306
2013-04-23 04:00:00,1.3043416666666667
2013-04-23 08:00:00,1.3024458333333333
2013-04-23 12:00:00,1.2986566666666666
2013-04-23 16:00:00,1.3011024999999998
2013-04-23 20:00:00,1.2997091666666665
2013-04-24 00:00:00,1.2997800000000002
2013-04-24 04:00:00,1.2995466666666666
2013-04-24 08:00:00,1.2997075
2013-04-24 12:00:00,1.3010416666666667
2013-04-24 16:00:00,1.299465
2013-04-24 20:00:00,1.3016949999999998
2013-04-25 00:00:00,1.3015416666666666
2013-04-25 04:00:00,1.3045525
2013-04-25 08:00:00,1.3044841666666667
2013-04-25 12:00:00,1.3070325
2013-04-25 16:00:00,1.3010866666666667
2013-04-25 20:00:00,1.30107
2013-04-26 00:00:00,1.3005958333333334
2013-04-26 04:00:00,1.3033208333333333
2013-04-26 08:00:00,1.3025916666666668
2013-04-26 12:00:00,1.3010825
2013-04-26 16:00:00,1.3020399999999999
2013-04-26 20:00:00,1.3027225
2013-04-29 00:00:00,1.30461
2013-04-29 04:00:00,1.3048916666666668
2013-04-29 08:00:00,1.3069600000000001
2013-04-29 12:00:00,1.3087383333333333
2013-04-29 16:00:00,1.3090374999999999
2013-04-29 20:00:00,1.3095608333333333
2013-04-30 00:00:00,1.3093591666666666
2013-04-30 04:00:00,1.3091675
2013-04-30 08:00:00,1.3084675
2013-04-30 12:00:00,1.30726
2013-04-30 16:00:00,1.3155066666666668
2013-04-30 20:00:00,1.3161208333333334
2013-05-01 00:00:00,1.3167833333333334
2013-05-01 04:00:00,1.3164408333333335
2013-05-01 08:00:00,1.3173433333333333
2013-05-01 12:00:00,1.3206508333333333
2013-05-01 16:00:00,1.3199675
2013-05-01 20:00:00,1.3191341666666667
2013-05-02 00:00:00,1.3178766666666666
2013-05-02 04:00:00,1.3174175
2013-05-02 08:00:00,1.3164858333333334
2013-05-02 12:00:00,1.31726
2013-05-02 16:00:00,1.30749
2013-05-02 20:00:00,1.3062991666666666
2013-05-03 00:00:00,1.3064016666666665
2013-05-03 04:00:00,1.307265
2013-05-03 08:00:00,1.3096041666666665
2013-05-03 12:00:00,1.3107775
2013-05-03 16:00:00,1.3110983333333333
2013-05-03 20:00:00,1.3110866666666667
2013-05-06 00:00:00,1.3118508333333334
2013-05-06 04:00:00,1.312375
2013-05-06 08:00:00,1.3111350000000002
2013-05-06 12:00:00,1.3105308333333332
2013-05-06 16:00:00,1.3077808333333334
2013-05-06 20:00:00,1.307595
2013-05-07 00:00:00,1.3073091666666667
2013-05-07 04:00:00,1.3078641666666666
2013-05-07 08:00:00,1.3080533333333333
2013-05-07 12:00:00,1.3103675
2013-05-07 16:00:00,1.3093566666666667
2013-05-07 20:00:00,1.3081116666666666
2013-05-08 00:00:00,1.3075816666666666
2013-05-08 04:00:00,1.3089258333333333
2013-05-08 08:00:00,1.310325
2013-05-08 12:00:00,1.3132608333333333
2013-05-08 16:00:00,1.3173133333333333
2013-05-08 20:00:00,1.315885
2013-05-09 00:00:00,1.3158116666666666
2013-05-09 04:00:00,1.316155
2013-05-09 08:00:00,1.3158683333333334
2013-05-09 12:00:00,1.3142591666666668
2013-05-09 16:00:00,1.3103283333333333
2013-05-09 20:00:00,1.3053100000000002
2013-05-10 00:00:00,1.3035283333333334
2013-05-10 04:00:00,1.3039883333333333
2013-05-10 08:00:00,1.3028333333333335
2013-05-10 12:00:00,1.3000558333333334
2013-05-10 16:00:00,1.2974158333333334
2013-05-10 20:00:00,1.2981791666666667
2013-05-13 00:00:00,1.2968475
2013-05-13 04:00:00,1.2969725
2013-05-13 08:00:00,1.2974175
2013-05-13 12:00:00,1.2977666666666667
2013-05-13 16:00:00,1.2980766666666668
2013-05-13 20:00:00,1.2972433333333333
2013-05-14 00:00:00,1.2987258333333334
2013-05-14 04:00:00,1.3013408333333334
2013-05-14 08:00:00,1.3002533333333335
2013-05-14 12:00:00,1.297235
2013-05-14 16:00:00,1.2970516666666667
2013-05-14 20:00:00,1.2935400000000001
2013-05-15 00:00:00,1.2933508333333332
2013-05-15 04:00:00,1.2929916666666668
2013-05-15 08:00:00,1.2910408333333334
2013-05-15 12:00:00,1.2869808333333332
2013-05-15 16:00:00,1.2861791666666667
2013-05-15 20:00:00,1.2875216666666667
2013-05-16 00:00:00,1.287895
2013-05-16 04:00:00,1.287215
2013-05-16 08:00:00,1.286305
2013-05-16 12:00:00,1.2877833333333335
2013-05-16 16:00:00,1.2902025000000001
2013-05-16 20:00:00,1.2894033333333335
2013-05-17 00:00:00,1.2883333333333333
2013-05-17 04:00:00,1.2863933333333335
2013-05-17 08:00:00,1.2864841666666664
2013-05-17 12:00:00,1.2863158333333333
2013-05-17 16:00:00,1.2819775
2013-05-17 20:00:00,1.2830866666666665
2013-05-20 00:00:00,1.2833591666666666
2013-05-20 04:00:00,1.2836041666666667
2013-05-20 08:00:00,1.2853866666666667
2013-05-20 12:00:00,1.285965
2013-05-20 16:00:00,1.2859058333333333
2013-05-20 20:00:00,1.2884333333333333
2013-05-21 00:00:00,1.2885325
2013-05-21 04:00:00,1.2884216666666668
2013-05-21 08:00:00,1.2882283333333333
2013-05-21 12:00:00,1.2864741666666668
2013-05-21 16:00:00,1.2883641666666668
2013-05-21 20:00:00,1.2905391666666666
2013-05-22 00:00:00,1.2916208333333332
2013-05-22 04:00:00,1.2921258333333334
2013-05-22 08:00:00,1.2921591666666667
2013-05-22 12:00:00,1.2932158333333332
2013-05-22 16:00:00,1.2898725
2013-05-22 20:00:00,1.2852875
2013-05-23 00:00:00,1.2844275
2013-05-23 04:00:00,1.2843091666666666
2013-05-23 08:00:00,1.285525
2013-05-23 12:00:00,1.2889308333333336
2013-05-23 16:00:00,1.2919975000000001
2013-05-23 20:00:00,1.2935008333333335
2013-05-24 00:00:00,1.2925825
2013-05-24 04:00:00,1.2918191666666667
2013-05-24 08:00:00,1.2938808333333331
2013-05-24 12:00:00,1.2958525
2013-05-24 16:00:00,1.2929883333333334
2013-05-24 20:00:00,1.2928008333333334
2013-05-27 00:00:00,1.2932975
2013-05-27 04:00:00,1.2922816666666668
2013-05-27 08:00:00,1.2935450000000002
2013-05-27 12:00:00,1.2941966666666667
2013-05-27 16:00:00,1.2934925
2013-05-27 20:00:00,1.2930424999999999
2013-05-28 00:00:00,1.2924341666666668
2013-05-28 04:00:00,1.290715
2013-05-28 08:00:00,1.2911016666666668
2013-05-28 12:00:00,1.2928866666666667
2013-05-28 16:00:00,1.2880291666666668
2013-05-28 20:00:00,1.2864025
2013-05-29 00:00:00,1.2850566666666667
2013-05-29 04:00:00,1.285495
2013-05-29 08:00:00,1.2861333333333334
2013-05-29 12:00:00,1.292595
2013-05-29 16:00:00,1.2946766666666667
2013-05-29 20:00:00,1.293555
2013-05-30 00:00:00,1.2941975000000001
2013-05-30 04:00:00,1.2958133333333333
2013-05-30 08:00:00,1.2966116666666667
2013-05-30 12:00:00,1.297645
2013-05-30 16:00:00,1.3038075
2013-05-30 20:00:00,1.3046324999999999
2013-05-31 00:00:00,1.3043791666666666
2013-05-31 04:00:00,1.3037258333333333
2013-05-31 08:00:00,1.30312
2013-05-31 12:00:00,1.2990575
2013-05-31 16:00:00,1.2971933333333334
2013-05-31 20:00:00,1.298245
2013-06-03 00:00:00,1.2992966666666668
2013-06-03 04:00:00,1.3005991666666668
2013-06-03 08:00:00,1.3020925
2013-06-03 12:00:00,1.301081666666667
2013-06-03 16:00:00,1.3036083333333333
2013-06-03 20:00:00,1.307845
2013-06-04 00:00:00,1.3071325
2013-06-04 04:00:00,1.306305
2013-06-04 08:00:00,1.3066858333333333
2013-06-04 12:00:00,1.308125
2013-06-04 16:00:00,1.3068083333333331
2013-06-04 20:00:00,1.3076708333333333
2013-06-05 00:00:00,1.3076058333333334
2013-06-05 04:00:00,1.3082708333333333
2013-06-05 08:00:00,1.3078958333333333
2013-06-05 12:00:00,1.306795
2013-06-05 16:00:00,1.3082150000000001
2013-06-05 20:00:00,1.3089091666666668
2013-06-06 00:00:00,1.3088241666666667
2013-06-06 04:00:00,1.3093741666666667
2013-06-06 08:00:00,1.3115216666666667
2013-06-06 12:00:00,1.3120008333333333
2013-06-06 16:00:00,1.32092
2013-06-06 20:00:00,1.3243616666666667
2013-06-07 00:00:00,1.3240208333333332
2013-06-07 04:00:00,1.3252566666666667
2013-06-07 08:00:00,1.3247033333333333
2013-06-07 12:00:00,1.3244408333333335
2013-06-07 16:00:00,1.321795
2013-06-07 20:00:00,1.3220666666666667
2013-06-10 00:00:00,1.3203683333333334
2013-06-10 04:00:00,1.3206033333333334
2013-06-10 08:00:00,1.3199416666666668
2013-06-10 12:00:00,1.3215208333333333
2013-06-10 16:00:00,1.321115
2013-06-10 20:00:00,1.3256425
2013-06-11 00:00:00,1.3254916666666667
2013-06-11 04:00:00,1.3267475
2013-06-11 08:00:00,1.3268425
2013-06-11 12:00:00,1.327295
2013-06-11 16:00:00,1.3273108333333334
2013-06-11 20:00:00,1.3303125
2013-06-12 00:00:00,1.3311916666666666
2013-06-12 04:00:00,1.3309433333333334
2013-06-12 08:00:00,1.3303291666666666
2013-06-12 12:00:00,1.3280816666666666
2013-06-12 16:00:00,1.3329875
2013-06-12 20:00:00,1.3331216666666665
2013-06-13 00:00:00,1.3342591666666666
2013-06-13 04:00:00,1.335635
2013-06-13 08:00:00,1.3355466666666667
2013-06-13 12:00:00,1.3323483333333332
2013-06-13 16:00:00,1.3309125
2013-06-13 20:00:00,1.3351675
2013-06-14 00:00:00,1.3365266666666666
2013-06-14 04:00:00,1.3352783333333333
2013-06-14 08:00:00,1.3337491666666668
2013-06-14 12:00:00,1.3314925
2013-06-14 16:00:00,1.3327849999999999
2013-06-14 20:00:00,1.3337875000000001
2013-06-17 00:00:00,1.334575
2013-06-17 04:00:00,1.3327033333333334
2013-06-17 08:00:00,1.3332225000000002
2013-06-17 12:00:00,1.3339816666666668
2013-06-17 16:00:00,1.3341866666666666
2013-06-17 20:00:00,1.3351541666666666
2013-06-18 00:00:00,1.3361858333333334
2013-06-18 04:00:00,1.3355233333333334
2013-06-18 08:00:00,1.3357366666666666
2013-06-18 12:00:00,1.3373808333333332
2013-06-18 16:00:00,1.3391691666666667
2013-06-18 20:00:00,1.3400491666666665
2013-06-19 00:00:00,1.3390799999999998
2013-06-19 04:00:00,1.33912
2013-06-19 08:00:00,1.3395541666666666
2013-06-19 12:00:00,1.3393983333333335
2013-06-19 16:00:00,1.3399858333333332
2013-06-19 20:00:00,1.3320400000000001
2013-06-20 00:00:00,1.3288191666666667
2013-06-20 04:00:00,1.3265333333333333
2013-06-20 08:00:00,1.3236808333333332
2013-06-20 12:00:00,1.3200225
2013-06-20 16:00:00,1.3202441666666667
2013-06-20 20:00:00,1.3215683333333332
2013-06-21 00:00:00,1.3225425
2013-06-21 04:00:00,1.3235225
2013-06-21 08:00:00,1.3229375
2013-06-21 12:00:00,1.3203274999999999
2013-06-21 16:00:00,1.3138450000000002
2013-06-21 20:00:00,1.3132525
2013-06-24 00:00:00,1.3103691666666668
2013-06-24 04:00:00,1.3100008333333333
2013-06-24 08:00:00,1.3100866666666666
2013-06-24 12:00:00,1.3101075
2013-06-24 16:00:00,1.3091941666666667
2013-06-24 20:00:00,1.3121883333333333
2013-06-25 00:00:00,1.31261
2013-06-25 04:00:00,1.3117991666666666
2013-06-25 08:00:00,1.3129833333333332
2013-06-25 12:00:00,1.3121341666666666
2013-06-25 16:00:00,1.3086308333333334
2013-06-25 20:00:00,1.3090058333333334
2013-06-26 00:00:00,1.3078458333333334
2013-06-26 04:00:00,1.3069691666666667
2013-06-26 08:00:00,1.3066691666666665
2013-06-26 12:00:00,1.3029775
2013-06-26 16:00:00,1.3013675
2013-06-26 20:00:00,1.3006016666666667
2013-06-27 00:00:00,1.301265
2013-06-27 04:00:00,1.3028933333333335
2013-06-27 08:00:00,1.3031441666666665
2013-06-27 12:00:00,1.3026133333333334
2013-06-27 16:00:00,1.3024208333333334
2013-06-27 20:00:00,1.3039475
2013-06-28 00:00:00,1.3034883333333334
2013-06-28 04:00:00,1.3063258333333336
2013-06-28 08:00:00,1.3054991666666667
2013-06-28 12:00:00,1.3068716666666667
2013-06-28 16:00:00,1.3016341666666666
2013-06-28 20:00:00,1.3011433333333333
2013-07-01 00:00:00,1.3009725
2013-07-01 04:00:00,1.3022041666666666
2013-07-01 08:00:00,1.3033575000000002
2013-07-01 12:00:00,1.3043008333333335
2013-07-01 16:00:00,1.3042933333333333
2013-07-01 20:00:00,1.3060791666666667
2013-07-02 00:00:00,1.3064125
2013-07-02 04:00:00,1.3057475
2013-07-02 08:00:00,1.3057333333333334
2013-07-02 12:00:00,1.3021966666666667
2013-07-02 16:00:00,1.3015416666666666
2013-07-02 20:00:00,1.2984425
2013-07-03 00:00:00,1.2975433333333335
2013-07-03 04:00:00,1.2972133333333333
2013-07-03 08:00:00,1.2957041666666667
2013-07-03 12:00:00,1.2961033333333334
2013-07-03 16:00:00,1.2988191666666666
2013-07-03 20:00:00,1.3006608333333334
2013-07-04 00:00:00,1.3010074999999999
2013-07-04 04:00:00,1.2995641666666666
2013-07-04 08:00:00,1.2995041666666667
2013-07-04 12:00:00,1.297945
2013-07-04 16:00:00,1.2913491666666668
2013-07-04 20:00:00,1.2914450000000002
2013-07-05 00:00:00,1.2902975
2013-07-05 04:00:00,1.2899283333333333
2013-07-05 08:00:00,1.2889075
2013-07-05 12:00:00,1.2869758333333334
2013-07-05 16:00:00,1.2829825
2013-07-05 20:00:00,1.2829774999999999
2013-07-08 00:00:00,1.2818641666666666
2013-07-08 04:00:00,1.2820575
2013-07-08 08:00:00,1.2826416666666667
2013-07-08 12:00:00,1.284685
2013-07-08 16:00:00,1.2864241666666665
2013-07-08 20:00:00,1.28683
2013-07-09 00:00:00,1.2862216666666666
2013-07-09 04:00:00,1.2855641666666666
2013-07-09 08:00:00,1.288085
2013-07-09 12:00:00,1.28643
2013-07-09 16:00:00,1.2805475
2013-07-09 20:00:00,1.2780133333333334
2013-07-10 00:00:00,1.2780125
2013-07-10 04:00:00,1.2776983333333334
2013-07-10 08:00:00,1.2799716666666665
2013-07-10 12:00:00,1.28198
2013-07-10 16:00:00,1.2841658333333332
2013-07-10 20:00:00,1.2893433333333333
2013-07-11 00:00:00,1.3089491666666668
2013-07-11 04:00:00,1.3108583333333335
2013-07-11 08:00:00,1.3071141666666666
2013-07-11 12:00:00,1.304775
2013-07-11 16:00:00,1.3032808333333334
2013-07-11 20:00:00,1.3078916666666665
2013-07-12 00:00:00,1.3092566666666667
2013-07-12 04:00:00,1.30844
2013-07-12 08:00:00,1.3058308333333333
2013-07-12 12:00:00,1.3040308333333333
2013-07-12 16:00:00,1.3046358333333332
2013-07-12 20:00:00,1.3062691666666666
2013-07-15 00:00:00,1.3061783333333334
2013-07-15 04:00:00,1.3066
2013-07-15 08:00:00,1.3054091666666667
2013-07-15 12:00:00,1.3024933333333333
2013-07-15 16:00:00,1.3045825
2013-07-15 20:00:00,1.3064041666666666
2013-07-16 00:00:00,1.3060816666666668
2013-07-16 04:00:00,1.3068708333333334
2013-07-16 08:00:00,1.3079183333333335
2013-07-16 12:00:00,1.31029
2013-07-16 16:00:00,1.3131875
2013-07-16 20:00:00,1.3156641666666669
2013-07-17 00:00:00,1.3149733333333333
2013-07-17 04:00:00,1.3139508333333334
2013-07-17 08:00:00,1.3139708333333333
2013-07-17 12:00:00,1.3144150000000001
2013-07-17 16:00:00,1.3119891666666665
2013-07-17 20:00:00,1.31263
2013-07-18 00:00:00,1.3117533333333333
2013-07-18 04:00:00,1.310365
2013-07-18 08:00:00,1.3101891666666667
2013-07-18 12:00:00,1.3100625
2013-07-18 16:00:00,1.3082558333333334
2013-07-18 20:00:00,1.3105916666666666
2013-07-19 00:00:00,1.3106458333333333
2013-07-19 04:00:00,1.3127316666666666
2013-07-19 08:00:00,1.3132341666666667
2013-07-19 12:00:00,1.31138
2013-07-19 16:00:00,1.3132225000000002
2013-07-19 20:00:00,1.313835
2013-07-22 00:00:00,1.3147866666666665
2013-07-22 04:00:00,1.3155125
2013-07-22 08:00:00,1.3154425
2013-07-22 12:00:00,1.31744
2013-07-22 16:00:00,1.3192708333333334
2013-07-22 20:00:00,1.3187958333333334
2013-07-23 00:00:00,1.3186608333333334
2013-07-23 04:00:00,1.3196958333333333
2013-07-23 08:00:00,1.3189508333333335
2013-07-23 12:00:00,1.3177766666666666
2013-07-23 16:00:00,1.3205008333333332
2013-07-23 20:00:00,1.3223108333333333
2013-07-24 00:00:00,1.3221
2013-07-24 04:00:00,1.3206891666666667
2013-07-24 08:00:00,1.3221016666666667
2013-07-24 12:00:00,1.3234833333333333
2013-07-24 16:00:00,1.3220666666666667
2013-07-24 20:00:00,1.3193608333333333
2013-07-25 00:00:00,1.3193616666666665
2013-07-25 04:00:00,1.3202766666666668
2013-07-25 08:00:00,1.3211925
2013-07-25 12:00:00,1.3197541666666668
2013-07-25 16:00:00,1.3227425
2013-07-25 20:00:00,1.3259416666666666
2013-07-26 00:00:00,1.3275266666666667
2013-07-26 04:00:00,1.3279083333333332
2013-07-26 08:00:00,1.328235
2013-07-26 12:00:00,1.3271666666666668
2013-07-26 16:00:00,1.3272541666666666
2013-07-26 20:00:00,1.3278208333333335
2013-07-29 00:00:00,1.3283541666666667
2013-07-29 04:00:00,1.328575
2013-07-29 08:00:00,1.3274116666666664
2013-07-29 12:00:00,1.32789
2013-07-29 16:00:00,1.3254791666666668
2013-07-29 20:00:00,1.3262858333333334
2013-07-30 00:00:00,1.3260291666666668
2013-07-30 04:00:00,1.3254566666666667
2013-07-30 08:00:00,1.3263766666666665
2013-07-30 12:00:00,1.3276858333333335
2013-07-30 16:00:00,1.3261833333333333
2013-07-30 20:00:00,1.3259566666666667
2013-07-31 00:00:00,1.3261483333333333
2013-07-31 04:00:00,1.3259708333333333
2013-07-31 08:00:00,1.3265875
2013-07-31 12:00:00,1.3258925000000001
2013-07-31 16:00:00,1.3262266666666667
2013-07-31 20:00:00,1.3302816666666668
2013-08-01 00:00:00,1.3299416666666666
2013-08-01 04:00:00,1.32798
2013-08-01 08:00:00,1.3252950000000001
2013-08-01 12:00:00,1.32346
2013-08-01 16:00:00,1.3228016666666669
2013-08-01 20:00:00,1.3211183333333332
2013-08-02 00:00:00,1.3207925
2013-08-02 04:00:00,1.3208008333333332
2013-08-02 08:00:00,1.3215066666666666
2013-08-02 12:00:00,1.321845
2013-08-02 16:00:00,1.3271341666666667
2013-08-02 20:00:00,1.328095
2013-08-05 00:00:00,1.3275941666666666
2013-08-05 04:00:00,1.3274216666666667
2013-08-05 08:00:00,1.3280641666666666
2013-08-05 12:00:00,1.3266983333333333
2013-08-05 16:00:00,1.3250266666666666
2013-08-05 20:00:00,1.3258200000000002
2013-08-06 00:00:00,1.3258741666666667
2013-08-06 04:00:00,1.3263016666666667
2013-08-06 08:00:00,1.32571
2013-08-06 12:00:00,1.3280124999999998
2013-08-06 16:00:00,1.3297949999999998
2013-08-06 20:00:00,1.3305708333333333
2013-08-07 00:00:00,1.3305116666666668
2013-08-07 04:00:00,1.3296258333333333
2013-08-07 08:00:00,1.3294366666666666
2013-08-07 12:00:00,1.3295533333333334
2013-08-07 16:00:00,1.3317191666666668
2013-08-07 20:00:00,1.3336008333333333
2013-08-08 00:00:00,1.3336733333333333
2013-08-08 04:00:00,1.3334066666666669
2013-08-08 08:00:00,1.3346941666666665
2013-08-08 12:00:00,1.3358275
2013-08-08 16:00:00,1.3382808333333334
2013-08-08 20:00:00,1.3385158333333333
2013-08-09 00:00:00,1.3379383333333332
2013-08-09 04:00:00,1.3380941666666668
2013-08-09 08:00:00,1.3380941666666666
2013-08-09 12:00:00,1.33747
2013-08-09 16:00:00,1.3348391666666668
2013-08-09 20:00:00,1.334165
2013-08-12 00:00:00,1.3332541666666666
2013-08-12 04:00:00,1.3325116666666665
2013-08-12 08:00:00,1.3315308333333333
2013-08-12 12:00:00,1.3291533333333332
2013-08-12 16:00:00,1.3297375
2013-08-12 20:00:00,1.3303991666666666
2013-08-13 00:00:00,1.32936
2013-08-13 04:00:00,1.330405
2013-08-13 08:00:00,1.329885
2013-08-13 12:00:00,1.3289958333333334
2013-08-13 16:00:00,1.3246333333333333
2013-08-13 20:00:00,1.3260366666666665
2013-08-14 00:00:00,1.32614
2013-08-14 04:00:00,1.3260866666666669
2013-08-14 08:00:00,1.3265983333333333
2013-08-14 12:00:00,1.3248733333333333
2013-08-14 16:00:00,1.3258383333333335
2013-08-14 20:00:00,1.3255916666666667
2013-08-15 00:00:00,1.3258991666666666
2013-08-15 04:00:00,1.3284624999999999
2013-08-15 08:00:00,1.3288441666666668
2013-08-15 12:00:00,1.3279733333333332
2013-08-15 16:00:00,1.3246641666666668
2013-08-15 20:00:00,1.3339591666666666
2013-08-16 00:00:00,1.3348758333333335
2013-08-16 04:00:00,1.3346608333333334
2013-08-16 08:00:00,1.3337516666666667
2013-08-16 12:00:00,1.33418
2013-08-16 16:00:00,1.3338091666666667
2013-08-16 20:00:00,1.3328050000000002
2013-08-19 00:00:00,1.3329199999999999
2013-08-19 04:00:00,1.3330933333333332
2013-08-19 08:00:00,1.3325133333333334
2013-08-19 12:00:00,1.3347300000000002
2013-08-19 16:00:00,1.3346799999999999
2013-08-19 20:00:00,1.3339616666666667
2013-08-20 00:00:00,1.3334616666666665
2013-08-20 04:00:00,1.3340649999999998
2013-08-20 08:00:00,1.3348625
2013-08-20 12:00:00,1.339175
2013-08-20 16:00:00,1.3429008333333334
2013-08-20 20:00:00,1.3418750000000002
2013-08-21 00:00:00,1.341815
2013-08-21 04:00:00,1.3420733333333332
2013-08-21 08:00:00,1.3403441666666667
2013-08-21 12:00:00,1.339235
2013-08-21 16:00:00,1.3375175
2013-08-21 20:00:00,1.3364375000000002
2013-08-22 00:00:00,1.3345358333333333
2013-08-22 04:00:00,1.3337675
2013-08-22 08:00:00,1.3344458333333333
2013-08-22 12:00:00,1.3319566666666667
2013-08-22 16:00:00,1.3349808333333333
2013-08-22 20:00:00,1.3356175000000001
2013-08-23 00:00:00,1.3354516666666667
2013-08-23 04:00:00,1.3347041666666666
2013-08-23 08:00:00,1.3345033333333334
2013-08-23 12:00:00,1.3357283333333332
2013-08-23 16:00:00,1.3377816666666669
2013-08-23 20:00:00,1.3382725
2013-08-26 00:00:00,1.338305833333333
2013-08-26 04:00:00,1.3381266666666667
2013-08-26 08:00:00,1.3373658333333334
2013-08-26 12:00:00,1.337345
2013-08-26 16:00:00,1.3373816666666667
2013-08-26 20:00:00,1.3368883333333335
2013-08-27 00:00:00,1.3374583333333332
2013-08-27 04:00:00,1.3373341666666667
2013-08-27 08:00:00,1.3363175
2013-08-27 12:00:00,1.3339758333333334
2013-08-27 16:00:00,1.3384325
2013-08-27 20:00:00,1.3388391666666666
2013-08-28 00:00:00,1.3387783333333334
2013-08-28 04:00:00,1.338475
2013-08-28 08:00:00,1.3375916666666667
2013-08-28 12:00:00,1.3356616666666665
2013-08-28 16:00:00,1.332945
2013-08-28 20:00:00,1.333525
2013-08-29 00:00:00,1.3336433333333333
2013-08-29 04:00:00,1.3331233333333334
2013-08-29 08:00:00,1.3280658333333333
2013-08-29 12:00:00,1.3255041666666667
2013-08-29 16:00:00,1.3233216666666667
2013-08-29 20:00:00,1.3242
2013-08-30 00:00:00,1.3236983333333332
2013-08-30 04:00:00,1.3244066666666667
2013-08-30 08:00:00,1.3238325
2013-08-30 12:00:00,1.3235616666666667
2013-08-30 16:00:00,1.3200325
2013-08-30 20:00:00,1.3212275
2013-09-02 00:00:00,1.3203733333333334
2013-09-02 04:00:00,1.3204325000000001
2013-09-02 08:00:00,1.3213275
2013-09-02 12:00:00,1.3215975
2013-09-02 16:00:00,1.3194508333333335
2013-09-02 20:00:00,1.3193616666666668
2013-09-03 00:00:00,1.3189458333333333
2013-09-03 04:00:00,1.318985
2013-09-03 08:00:00,1.3173275
2013-09-03 12:00:00,1.3173233333333334
2013-09-03 16:00:00,1.3162500000000001
2013-09-03 20:00:00,1.31708
2013-09-04 00:00:00,1.3169041666666668
2013-09-04 04:00:00,1.31654
2013-09-04 08:00:00,1.3167316666666666
2013-09-04 12:00:00,1.3174516666666667
2013-09-04 16:00:00,1.3194
2013-09-04 20:00:00,1.32092
2013-09-05 00:00:00,1.3201233333333333
2013-09-05 04:00:00,1.31924
2013-09-05 08:00:00,1.3176208333333332
2013-09-05 12:00:00,1.3195183333333333
2013-09-05 16:00:00,1.3129966666666666
2013-09-05 20:00:00,1.3119091666666667
2013-09-06 00:00:00,1.3118825
2013-09-06 04:00:00,1.3130083333333333
2013-09-06 08:00:00,1.3127633333333333
2013-09-06 12:00:00,1.3120383333333334
2013-09-06 16:00:00,1.3163675000000001
2013-09-06 20:00:00,1.3173133333333333
2013-09-09 00:00:00,1.3170866666666667
2013-09-09 04:00:00,1.3171725
2013-09-09 08:00:00,1.3178825
2013-09-09 12:00:00,1.3194024999999998
2013-09-09 16:00:00,1.3243458333333333
2013-09-09 20:00:00,1.3260225
2013-09-10 00:00:00,1.3253375
2013-09-10 04:00:00,1.3260791666666667
2013-09-10 08:00:00,1.3257683333333334
2013-09-10 12:00:00,1.3241483333333335
2013-09-10 16:00:00,1.3259625
2013-09-10 20:00:00,1.3267191666666667
2013-09-11 00:00:00,1.3266166666666668
2013-09-11 04:00:00,1.3264616666666667
2013-09-11 08:00:00,1.3255908333333335
2013-09-11 12:00:00,1.3262391666666669
2013-09-11 16:00:00,1.3295275
2013-09-11 20:00:00,1.3311483333333334
2013-09-12 00:00:00,1.3311899999999999
2013-09-12 04:00:00,1.3316033333333333
2013-09-12 08:00:00,1.3302625000000001
2013-09-12 12:00:00,1.3286833333333332
2013-09-12 16:00:00,1.3302958333333332
2013-09-12 20:00:00,1.3300683333333332
2013-09-13 00:00:00,1.3297175
2013-09-13 04:00:00,1.3281416666666666
2013-09-13 08:00:00,1.3281025
2013-09-13 12:00:00,1.3290733333333333
2013-09-13 16:00:00,1.3275000000000001
2013-09-13 20:00:00,1.3300516666666669
2013-09-16 00:00:00,1.3364533333333335
2013-09-16 04:00:00,1.3365
2013-09-16 08:00:00,1.3359833333333333
2013-09-16 12:00:00,1.3355008333333336
2013-09-16 16:00:00,1.3355283333333334
2013-09-16 20:00:00,1.333715
2013-09-17 00:00:00,1.3333691666666667
2013-09-17 04:00:00,1.3330891666666664
2013-09-17 08:00:00,1.3347241666666667
2013-09-17 12:00:00,1.3358183333333333
2013-09-17 16:00:00,1.335135
2013-09-17 20:00:00,1.3357208333333332
2013-09-18 00:00:00,1.3354708333333334
2013-09-18 04:00:00,1.3351491666666666
2013-09-18 08:00:00,1.3355299999999999
2013-09-18 12:00:00,1.33514
2013-09-18 16:00:00,1.3349025
2013-09-18 20:00:00,1.3464133333333332
2013-09-19 00:00:00,1.3516033333333333
2013-09-19 04:00:00,1.35265
2013-09-19 08:00:00,1.3540825
2013-09-19 12:00:00,1.3547758333333333
2013-09-19 16:00:00,1.3534891666666669
2013-09-19 20:00:00,1.3527591666666667
2013-09-20 00:00:00,1.3531433333333336
2013-09-20 04:00:00,1.3535391666666665
2013-09-20 08:00:00,1.3531866666666668
2013-09-20 12:00:00,1.3525533333333333
2013-09-20 16:00:00,1.3520941666666666
2013-09-20 20:00:00,1.3524991666666666
2013-09-23 00:00:00,1.3531141666666668
2013-09-23 04:00:00,1.352525
2013-09-23 08:00:00,1.3526550000000002
2013-09-23 12:00:00,1.3509799999999998
2013-09-23 16:00:00,1.3497916666666667
2013-09-23 20:00:00,1.3497416666666666
2013-09-24 00:00:00,1.3493533333333334
2013-09-24 04:00:00,1.3492775
2013-09-24 08:00:00,1.3501
2013-09-24 12:00:00,1.3481516666666669
2013-09-24 16:00:00,1.3486691666666664
2013-09-24 20:00:00,1.3477716666666666
2013-09-25 00:00:00,1.3471266666666666
2013-09-25 04:00:00,1.3471975
2013-09-25 08:00:00,1.3478575
2013-09-25 12:00:00,1.3507516666666666
2013-09-25 16:00:00,1.3515258333333333
2013-09-25 20:00:00,1.3525033333333334
2013-09-26 00:00:00,1.3519683333333332
2013-09-26 04:00:00,1.3519100000000002
2013-09-26 08:00:00,1.351773333333333
2013-09-26 12:00:00,1.3498758333333334
2013-09-26 16:00:00,1.3487050000000003
2013-09-26 20:00:00,1.3482658333333333
2013-09-27 00:00:00,1.3485883333333333
2013-09-27 04:00:00,1.3481158333333334
2013-09-27 08:00:00,1.3495625
2013-09-27 12:00:00,1.3517175
2013-09-27 16:00:00,1.3540025
2013-09-27 20:00:00,1.3519391666666667
2013-09-30 00:00:00,1.3489333333333333
2013-09-30 04:00:00,1.3499033333333332
2013-09-30 08:00:00,1.3494391666666667
2013-09-30 12:00:00,1.3505099999999999
2013-09-30 16:00:00,1.3534608333333336
2013-09-30 20:00:00,1.3526316666666665
2013-10-01 00:00:00,1.3521858333333334
2013-10-01 04:00:00,1.3530375
2013-10-01 08:00:00,1.3559649999999999
2013-10-01 12:00:00,1.3545125000000002
2013-10-01 16:00:00,1.353275
2013-10-01 20:00:00,1.3529841666666667
2013-10-02 00:00:00,1.352025
2013-10-02 04:00:00,1.351715
2013-10-02 08:00:00,1.3523649999999998
2013-10-02 12:00:00,1.353205
2013-10-02 16:00:00,1.3589041666666668
2013-10-02 20:00:00,1.3582516666666666
2013-10-03 00:00:00,1.3581933333333334
2013-10-03 04:00:00,1.3602866666666666
2013-10-03 08:00:00,1.36018
2013-10-03 12:00:00,1.3603233333333333
2013-10-03 16:00:00,1.3618725
2013-10-03 20:00:00,1.3620383333333335
2013-10-04 00:00:00,1.3622733333333334
2013-10-04 04:00:00,1.3625299999999998
2013-10-04 08:00:00,1.3620891666666668
2013-10-04 12:00:00,1.3593266666666666
2013-10-04 16:00:00,1.3581033333333332
2013-10-04 20:00:00,1.3552633333333333
2013-10-07 00:00:00,1.35651
2013-10-07 04:00:00,1.3566783333333332
2013-10-07 08:00:00,1.3575383333333333
2013-10-07 12:00:00,1.357265
2013-10-07 16:00:00,1.3568483333333332
2013-10-07 20:00:00,1.3577575
2013-10-08 00:00:00,1.3576808333333334
2013-10-08 04:00:00,1.3565408333333333
2013-10-08 08:00:00,1.3566866666666666
2013-10-08 12:00:00,1.3574266666666666
2013-10-08 16:00:00,1.3586708333333335
2013-10-08 20:00:00,1.3571741666666668
2013-10-09 00:00:00,1.3584066666666665
2013-10-09 04:00:00,1.3566908333333334
2013-10-09 08:00:00,1.3542983333333334
2013-10-09 12:00:00,1.3518158333333334
2013-10-09 16:00:00,1.3510425000000001
2013-10-09 20:00:00,1.3516324999999998
2013-10-10 00:00:00,1.3518658333333335
2013-10-10 04:00:00,1.349839166666667
2013-10-10 08:00:00,1.3503833333333333
2013-10-10 12:00:00,1.3527066666666667
2013-10-10 16:00:00,1.3523383333333334
2013-10-10 20:00:00,1.3525708333333333
2013-10-11 00:00:00,1.3524108333333333
2013-10-11 04:00:00,1.3534066666666666
2013-10-11 08:00:00,1.3546441666666666
2013-10-11 12:00:00,1.3568675000000001
2013-10-11 16:00:00,1.3554433333333333
2013-10-11 20:00:00,1.3544758333333333
2013-10-14 00:00:00,1.3555016666666666
2013-10-14 04:00:00,1.3561916666666667
2013-10-14 08:00:00,1.3561541666666668
2013-10-14 12:00:00,1.3564825
2013-10-14 16:00:00,1.3582958333333333
2013-10-14 20:00:00,1.3566941666666668
2013-10-15 00:00:00,1.3556158333333332
2013-10-15 04:00:00,1.355974166666667
2013-10-15 08:00:00,1.3561108333333332
2013-10-15 12:00:00,1.3498575
2013-10-15 16:00:00,1.3495466666666667
2013-10-15 20:00:00,1.3512258333333333
2013-10-16 00:00:00,1.3520633333333334
2013-10-16 04:00:00,1.3513125
2013-10-16 08:00:00,1.3520891666666668
2013-10-16 12:00:00,1.3545608333333334
2013-10-16 16:00:00,1.3507508333333333
2013-10-16 20:00:00,1.3531758333333332
2013-10-17 00:00:00,1.3527141666666664
2013-10-17 04:00:00,1.3543933333333333
2013-10-17 08:00:00,1.3584033333333334
2013-10-17 12:00:00,1.3634575000000002
2013-10-17 16:00:00,1.36655
2013-10-17 20:00:00,1.3672158333333333
2013-10-18 00:00:00,1.3667966666666667
2013-10-18 04:00:00,1.366295
2013-10-18 08:00:00,1.36781
2013-10-18 12:00:00,1.3687274999999999
2013-10-18 16:00:00,1.3687208333333332
2013-10-18 20:00:00,1.3681316666666667
2013-10-21 00:00:00,1.3680516666666667
2013-10-21 04:00:00,1.3674666666666668
2013-10-21 08:00:00,1.3675408333333332
2013-10-21 12:00:00,1.3673733333333336
2013-10-21 16:00:00,1.3668999999999998
2013-10-21 20:00:00,1.3680183333333336
2013-10-22 00:00:00,1.3673883333333334
2013-10-22 04:00:00,1.3666166666666666
2013-10-22 08:00:00,1.36717
2013-10-22 12:00:00,1.3682466666666666
2013-10-22 16:00:00,1.3769041666666666
2013-10-22 20:00:00,1.3783183333333335
2013-10-23 00:00:00,1.3778316666666668
2013-10-23 04:00:00,1.3783424999999998
2013-10-23 08:00:00,1.3764125
2013-10-23 12:00:00,1.3754316666666666
2013-10-23 16:00:00,1.3780333333333337
2013-10-23 20:00:00,1.3780683333333335
2013-10-24 00:00:00,1.3777491666666668
2013-10-24 04:00:00,1.3786791666666667
2013-10-24 08:00:00,1.3795633333333335
2013-10-24 12:00:00,1.380015
2013-10-24 16:00:00,1.3804358333333333
2013-10-24 20:00:00,1.3801916666666667
2013-10-25 00:00:00,1.3797091666666665
2013-10-25 04:00:00,1.3801966666666667
2013-10-25 08:00:00,1.38184
2013-10-25 12:00:00,1.3793658333333332
2013-10-25 16:00:00,1.3794566666666666
2013-10-25 20:00:00,1.38039
2013-10-28 00:00:00,1.3806808333333334
2013-10-28 04:00:00,1.3809741666666666
2013-10-28 08:00:00,1.3804391666666667
2013-10-28 12:00:00,1.380205
2013-10-28 16:00:00,1.3785558333333334
2013-10-28 20:00:00,1.3792283333333335
2013-10-29 00:00:00,1.3783933333333334
2013-10-29 04:00:00,1.37786
2013-10-29 08:00:00,1.377715
2013-10-29 12:00:00,1.3761791666666667
2013-10-29 16:00:00,1.37719
2013-10-29 20:00:00,1.3743941666666668
2013-10-30 00:00:00,1.3743508333333332
2013-10-30 04:00:00,1.3737316666666666
2013-10-30 08:00:00,1.3745100000000001
2013-10-30 12:00:00,1.3759925
2013-10-30 16:00:00,1.3765341666666666
2013-10-30 20:00:00,1.3741808333333334
2013-10-31 00:00:00,1.3727941666666665
2013-10-31 04:00:00,1.3721891666666666
2013-10-31 08:00:00,1.3702525
2013-10-31 12:00:00,1.3663366666666665
2013-10-31 16:00:00,1.3609883333333335
2013-10-31 20:00:00,1.3587449999999999
2013-11-01 00:00:00,1.3579483333333333
2013-11-01 04:00:00,1.3552849999999999
2013-11-01 08:00:00,1.355005
2013-11-01 12:00:00,1.3520991666666666
2013-11-01 16:00:00,1.349405
2013-11-01 20:00:00,1.3488666666666667
2013-11-04 00:00:00,1.3490458333333333
2013-11-04 04:00:00,1.34851
2013-11-04 08:00:00,1.3492849999999998
2013-11-04 12:00:00,1.3505866666666666
2013-11-04 16:00:00,1.3507241666666667
2013-11-04 20:00:00,1.3513358333333334
2013-11-05 00:00:00,1.3514483333333334
2013-11-05 04:00:00,1.3503908333333332
2013-11-05 08:00:00,1.3494158333333335
2013-11-05 12:00:00,1.3494566666666667
2013-11-05 16:00:00,1.3470641666666667
2013-11-05 20:00:00,1.3472125000000001
2013-11-06 00:00:00,1.3472041666666668
2013-11-06 04:00:00,1.3491624999999998
2013-11-06 08:00:00,1.3502216666666667
2013-11-06 12:00:00,1.35117
2013-11-06 16:00:00,1.3523741666666667
2013-11-06 20:00:00,1.3522208333333334
2013-11-07 00:00:00,1.3513149999999998
2013-11-07 04:00:00,1.3515066666666669
2013-11-07 08:00:00,1.352175
2013-11-07 12:00:00,1.3487441666666666
2013-11-07 16:00:00,1.3364441666666667
2013-11-07 20:00:00,1.3419691666666667
2013-11-08 00:00:00,1.3412708333333334
2013-11-08 04:00:00,1.3410275
2013-11-08 08:00:00,1.3408433333333334
2013-11-08 12:00:00,1.3420375
2013-11-08 16:00:00,1.3362183333333333
2013-11-08 20:00:00,1.3359425
2013-11-11 00:00:00,1.3356258333333333
2013-11-11 04:00:00,1.3359466666666666
2013-11-11 08:00:00,1.33687
2013-11-11 12:00:00,1.3393466666666667
2013-11-11 16:00:00,1.3404125
2013-11-11 20:00:00,1.3407566666666666
2013-11-12 00:00:00,1.3405683333333334
2013-11-12 04:00:00,1.3395808333333334
2013-11-12 08:00:00,1.3386825
2013-11-12 12:00:00,1.338975
2013-11-12 16:00:00,1.3436525000000001
2013-11-12 20:00:00,1.34337
2013-11-13 00:00:00,1.3434383333333333
2013-11-13 04:00:00,1.3443541666666665
2013-11-13 08:00:00,1.3436891666666666
2013-11-13 12:00:00,1.3418674999999998
2013-11-13 16:00:00,1.3422866666666669
2013-11-13 20:00:00,1.3457325
2013-11-14 00:00:00,1.3482750000000001
2013-11-14 04:00:00,1.3470933333333335
2013-11-14 08:00:00,1.3462991666666666
2013-11-14 12:00:00,1.3437091666666665
2013-11-14 16:00:00,1.3455733333333333
2013-11-14 20:00:00,1.3459983333333334
2013-11-15 00:00:00,1.3453883333333334
2013-11-15 04:00:00,1.3454641666666667
2013-11-15 08:00:00,1.3453616666666666
2013-11-15 12:00:00,1.3446933333333333
2013-11-15 16:00:00,1.3481033333333334
2013-11-15 20:00:00,1.3485041666666668
2013-11-18 00:00:00,1.3488041666666668
2013-11-18 04:00:00,1.3487758333333335
2013-11-18 08:00:00,1.3497166666666667
2013-11-18 12:00:00,1.3509075000000001
2013-11-18 16:00:00,1.3523891666666665
2013-11-18 20:00:00,1.35057
2013-11-19 00:00:00,1.3504133333333335
2013-11-19 04:00:00,1.3511641666666665
2013-11-19 08:00:00,1.3514758333333334
2013-11-19 12:00:00,1.3502308333333333
2013-11-19 16:00:00,1.3514408333333334
2013-11-19 20:00:00,1.3533733333333333
2013-11-20 00:00:00,1.3546508333333334
2013-11-20 04:00:00,1.3553133333333331
2013-11-20 08:00:00,1.3540524999999999
2013-11-20 12:00:00,1.3525633333333333
2013-11-20 16:00:00,1.3501591666666668
2013-11-20 20:00:00,1.3433650000000001
2013-11-21 00:00:00,1.3433316666666666
2013-11-21 04:00:00,1.3422425
2013-11-21 08:00:00,1.3420116666666666
2013-11-21 12:00:00,1.3445983333333333
2013-11-21 16:00:00,1.3460966666666665
2013-11-21 20:00:00,1.3460066666666668
2013-11-22 00:00:00,1.3474624999999998
2013-11-22 04:00:00,1.34685
2013-11-22 08:00:00,1.3481258333333335
2013-11-22 12:00:00,1.3516633333333334
2013-11-22 16:00:00,1.3528683333333333
2013-11-22 20:00:00,1.3545925
2013-11-25 00:00:00,1.3551324999999999
2013-11-25 04:00:00,1.3544658333333335
2013-11-25 08:00:00,1.3537566666666665
2013-11-25 12:00:00,1.35193
2013-11-25 16:00:00,1.3505633333333333
2013-11-25 20:00:00,1.3513566666666668
2013-11-26 00:00:00,1.3523941666666668
2013-11-26 04:00:00,1.3532866666666665
2013-11-26 08:00:00,1.3538208333333333
2013-11-26 12:00:00,1.3547783333333334
2013-11-26 16:00:00,1.3544566666666666
2013-11-26 20:00:00,1.3564108333333333
2013-11-27 00:00:00,1.3567341666666668
2013-11-27 04:00:00,1.3575858333333333
2013-11-27 08:00:00,1.3583816666666666
2013-11-27 12:00:00,1.3597691666666667
2013-11-27 16:00:00,1.3582758333333333
2013-11-27 20:00:00,1.3569925
2013-11-28 00:00:00,1.35733
2013-11-28 04:00:00,1.3575191666666666
2013-11-28 08:00:00,1.3584699999999998
2013-11-28 12:00:00,1.3595691666666667
2013-11-28 16:00:00,1.3599758333333334
2013-11-28 20:00:00,1.3600733333333332
2013-11-29 00:00:00,1.3603750000000001
2013-11-29 04:00:00,1.3615383333333333
2013-11-29 08:00:00,1.3610466666666667
2013-11-29 12:00:00,1.3609608333333334
2013-11-29 16:00:00,1.3605683333333334
2013-11-29 20:00:00,1.3586933333333333
2013-12-02 00:00:00,1.3588066666666667
2013-12-02 04:00:00,1.360030833333333
2013-12-02 08:00:00,1.3600933333333334
2013-12-02 12:00:00,1.3546308333333332
2013-12-02 16:00:00,1.3545116666666666
2013-12-02 20:00:00,1.3541383333333332
2013-12-03 00:00:00,1.3539225
2013-12-03 04:00:00,1.3532883333333334
2013-12-03 08:00:00,1.3550133333333334
2013-12-03 12:00:00,1.3571008333333332
2013-12-03 16:00:00,1.3586825
2013-12-03 20:00:00,1.3595391666666667
2013-12-04 00:00:00,1.3587850000000001
2013-12-04 04:00:00,1.3589616666666666
2013-12-04 08:00:00,1.3580208333333335
2013-12-04 12:00:00,1.3589266666666668
2013-12-04 16:00:00,1.3552391666666666
2013-12-04 20:00:00,1.3587758333333335
2013-12-05 00:00:00,1.3587083333333332
2013-12-05 04:00:00,1.3589708333333335
2013-12-05 08:00:00,1.3615316666666666
2013-12-05 12:00:00,1.3592525
2013-12-05 16:00:00,1.3636266666666668
2013-12-05 20:00:00,1.3667116666666668
2013-12-06 00:00:00,1.366755
2013-12-06 04:00:00,1.3665841666666667
2013-12-06 08:00:00,1.3658033333333333
2013-12-06 12:00:00,1.3666116666666666
2013-12-06 16:00:00,1.3673991666666667
2013-12-06 20:00:00,1.3694716666666666
2013-12-09 00:00:00,1.3707241666666667
2013-12-09 04:00:00,1.37066
2013-12-09 08:00:00,1.3703116666666668
2013-12-09 12:00:00,1.3717433333333333
2013-12-09 16:00:00,1.3721316666666667
2013-12-09 20:00:00,1.3733641666666667
2013-12-10 00:00:00,1.3736975
2013-12-10 04:00:00,1.3752033333333331
2013-12-10 08:00:00,1.3750375000000001
2013-12-10 12:00:00,1.3746033333333332
2013-12-10 16:00:00,1.3769908333333334
2013-12-10 20:00:00,1.3767108333333336
2013-12-11 00:00:00,1.3761066666666668
2013-12-11 04:00:00,1.3754708333333334
2013-12-11 08:00:00,1.3760583333333334
2013-12-11 12:00:00,1.376444166666667
2013-12-11 16:00:00,1.3782433333333333
2013-12-11 20:00:00,1.3793183333333334
2013-12-12 00:00:00,1.3783433333333335
2013-12-12 04:00:00,1.3788625
2013-12-12 08:00:00,1.3789933333333333
2013-12-12 12:00:00,1.3777333333333335
2013-12-12 16:00:00,1.3760683333333332
2013-12-12 20:00:00,1.3745875
2013-12-13 00:00:00,1.3748741666666668
2013-12-13 04:00:00,1.3751075
2013-12-13 08:00:00,1.375275
2013-12-13 12:00:00,1.3730941666666667
2013-12-13 16:00:00,1.3731133333333334
2013-12-13 20:00:00,1.372675
2013-12-16 00:00:00,1.3738541666666666
2013-12-16 04:00:00,1.375415
2013-12-16 08:00:00,1.3751225000000002
2013-12-16 12:00:00,1.3777074999999999
2013-12-16 16:00:00,1.3764658333333335
2013-12-16 20:00:00,1.3756316666666666
2013-12-17 00:00:00,1.3758741666666667
2013-12-17 04:00:00,1.3763508333333334
2013-12-17 08:00:00,1.3772966666666664
2013-12-17 12:00:00,1.3760441666666667
2013-12-17 16:00:00,1.3744541666666668
2013-12-17 20:00:00,1.3762358333333333
2013-12-18 00:00:00,1.3767600000000002
2013-12-18 04:00:00,1.37702
2013-12-18 08:00:00,1.3770299999999998
2013-12-18 12:00:00,1.375065
2013-12-18 16:00:00,1.3756008333333332
2013-12-18 20:00:00,1.3750316666666667
2013-12-19 00:00:00,1.3681675
2013-12-19 04:00:00,1.3661891666666668
2013-12-19 08:00:00,1.3674533333333334
2013-12-19 12:00:00,1.3677016666666666
2013-12-19 16:00:00,1.3665783333333335
2013-12-19 20:00:00,1.3658458333333334
2013-12-20 00:00:00,1.3652841666666666
2013-12-20 04:00:00,1.36405
2013-12-20 08:00:00,1.3632283333333333
2013-12-20 12:00:00,1.3649341666666666
2013-12-20 16:00:00,1.3666216666666666
2013-12-20 20:00:00,1.3674891666666666
2013-12-23 00:00:00,1.3676424999999999
2013-12-23 04:00:00,1.3678625
2013-12-23 08:00:00,1.3681033333333334
2013-12-23 12:00:00,1.3682275
2013-12-23 16:00:00,1.370075
2013-12-23 20:00:00,1.3696141666666668
2013-12-24 00:00:00,1.3693833333333334
2013-12-24 04:00:00,1.3682850000000002
2013-12-24 08:00:00,1.3681308333333333
2013-12-24 12:00:00,1.3677266666666668
2013-12-24 16:00:00,1.3668433333333334
2013-12-26 00:00:00,1.3674691666666665
2013-12-26 04:00:00,1.3674875000000002
2013-12-26 08:00:00,1.3682183333333335
2013-12-26 12:00:00,1.3691408333333333
2013-12-26 16:00:00,1.3687741666666666
2013-12-26 20:00:00,1.3691341666666665
2013-12-27 00:00:00,1.3692491666666669
2013-12-27 04:00:00,1.37247
2013-12-27 08:00:00,1.3762516666666664
2013-12-27 12:00:00,1.3824558333333332
2013-12-27 16:00:00,1.3794083333333336
2013-12-27 20:00:00,1.3753033333333333
2013-12-30 00:00:00,1.3751325
2013-12-30 04:00:00,1.3743991666666668
2013-12-30 08:00:00,1.3743166666666666
2013-12-30 12:00:00,1.3760733333333335
2013-12-30 16:00:00,1.3798841666666668
2013-12-30 20:00:00,1.3802291666666666
2013-12-31 00:00:00,1.3800383333333333
2013-12-31 04:00:00,1.3798641666666667
2013-12-31 08:00:00,1.3786133333333335
2013-12-31 12:00:00,1.3768316666666665
2013-12-31 16:00:00,1.3776083333333333
2014-01-02 00:00:00,1.3766116666666668
2014-01-02 04:00:00,1.3760241666666664
2014-01-02 08:00:00,1.3741741666666667
2014-01-02 12:00:00,1.3702983333333334
2014-01-02 16:00:00,1.3652900000000001
2014-01-02 20:00:00,1.3663916666666667
2014-01-03 00:00:00,1.36647
2014-01-03 04:00:00,1.3658375
2014-01-03 08:00:00,1.3649083333333336
2014-01-03 12:00:00,1.364425
2014-01-03 16:00:00,1.3617124999999999
2014-01-03 20:00:00,1.3597200000000003
2014-01-06 00:00:00,1.3592858333333333
2014-01-06 04:00:00,1.3583908333333334
2014-01-06 08:00:00,1.3583841666666667
2014-01-06 12:00:00,1.3607925
2014-01-06 16:00:00,1.3620358333333333
2014-01-06 20:00:00,1.3638325
2014-01-07 00:00:00,1.3628366666666667
2014-01-07 04:00:00,1.3625491666666667
2014-01-07 08:00:00,1.3620641666666669
2014-01-07 12:00:00,1.3634849999999998
2014-01-07 16:00:00,1.3620425
2014-01-07 20:00:00,1.3620066666666666
2014-01-08 00:00:00,1.3612916666666668
2014-01-08 04:00:00,1.3625091666666667
2014-01-08 08:00:00,1.3621508333333334
2014-01-08 12:00:00,1.3591149999999999
2014-01-08 16:00:00,1.3595424999999999
2014-01-08 20:00:00,1.3572950000000001
2014-01-09 00:00:00,1.3573633333333333
2014-01-09 04:00:00,1.3577125
2014-01-09 08:00:00,1.3594525
2014-01-09 12:00:00,1.360805
2014-01-09 16:00:00,1.3580041666666667
2014-01-09 20:00:00,1.3590033333333333
2014-01-10 00:00:00,1.360535
2014-01-10 04:00:00,1.3609624999999999
2014-01-10 08:00:00,1.3610266666666668
2014-01-10 12:00:00,1.3594483333333334
2014-01-10 16:00:00,1.365508333333333
2014-01-10 20:00:00,1.3663925000000001
2014-01-13 00:00:00,1.3667258333333332
2014-01-13 04:00:00,1.3674833333333334
2014-01-13 08:00:00,1.3672183333333334
2014-01-13 12:00:00,1.3664049999999999
2014-01-13 16:00:00,1.3649274999999998
2014-01-13 20:00:00,1.3661816666666666
2014-01-14 00:00:00,1.3667924999999999
2014-01-14 04:00:00,1.3661575
2014-01-14 08:00:00,1.3666641666666668
2014-01-14 12:00:00,1.3674908333333335
2014-01-14 16:00:00,1.3673916666666668
2014-01-14 20:00:00,1.367808333333333
2014-01-15 00:00:00,1.3672258333333334
2014-01-15 04:00:00,1.3638400000000002
2014-01-15 08:00:00,1.3634750000000002
2014-01-15 12:00:00,1.3617375
2014-01-15 16:00:00,1.3596616666666668
2014-01-15 20:00:00,1.3597066666666668
2014-01-16 00:00:00,1.3599733333333333
2014-01-16 04:00:00,1.3617325
2014-01-16 08:00:00,1.3614608333333331
2014-01-16 12:00:00,1.3612933333333335
2014-01-16 16:00:00,1.3616975
2014-01-16 20:00:00,1.3604233333333333
2014-01-17 00:00:00,1.3616133333333333
2014-01-17 04:00:00,1.3614549999999999
2014-01-17 08:00:00,1.3607941666666667
2014-01-17 12:00:00,1.3598474999999999
2014-01-17 16:00:00,1.3569658333333334
2014-01-17 20:00:00,1.3529308333333332
2014-01-20 00:00:00,1.35282
2014-01-20 04:00:00,1.3526741666666666
2014-01-20 08:00:00,1.3539916666666665
2014-01-20 12:00:00,1.3553100000000002
2014-01-20 16:00:00,1.3560833333333333
2014-01-20 20:00:00,1.356305
2014-01-21 00:00:00,1.3550558333333333
2014-01-21 04:00:00,1.3547266666666666
2014-01-21 08:00:00,1.3545708333333335
2014-01-21 12:00:00,1.3530833333333332
2014-01-21 16:00:00,1.3540925000000001
2014-01-21 20:00:00,1.3553516666666665
2014-01-22 00:00:00,1.3560641666666668
2014-01-22 04:00:00,1.3566775
2014-01-22 08:00:00,1.3550600000000002
2014-01-22 12:00:00,1.3550499999999999
2014-01-22 16:00:00,1.3562816666666666
2014-01-22 20:00:00,1.3546225
2014-01-23 00:00:00,1.3543066666666665
2014-01-23 04:00:00,1.3545183333333335
2014-01-23 08:00:00,1.3570591666666667
2014-01-23 12:00:00,1.3634133333333334
2014-01-23 16:00:00,1.36676
2014-01-23 20:00:00,1.3687708333333335
2014-01-24 00:00:00,1.3691258333333334
2014-01-24 04:00:00,1.368385
2014-01-24 08:00:00,1.3684716666666668
2014-01-24 12:00:00,1.3689425
2014-01-24 16:00:00,1.36828
2014-01-24 20:00:00,1.3678649999999999
2014-01-27 00:00:00,1.3680358333333333
2014-01-27 04:00:00,1.3683100000000001
2014-01-27 08:00:00,1.3685791666666667
2014-01-27 12:00:00,1.3679566666666667
2014-01-27 16:00:00,1.3667066666666665
2014-01-27 20:00:00,1.3671591666666667
2014-01-28 00:00:00,1.3671699999999998
2014-01-28 04:00:00,1.367329166666667
2014-01-28 08:00:00,1.3673583333333332
2014-01-28 12:00:00,1.3645116666666668
2014-01-28 16:00:00,1.3664583333333333
2014-01-28 20:00:00,1.3661158333333334
2014-01-29 00:00:00,1.3657991666666667
2014-01-29 04:00:00,1.3655899999999999
2014-01-29 08:00:00,1.3663916666666667
2014-01-29 12:00:00,1.3664658333333333
2014-01-29 16:00:00,1.3648466666666665
2014-01-29 20:00:00,1.3658625000000002
2014-01-30 00:00:00,1.3659116666666669
2014-01-30 04:00:00,1.36503
2014-01-30 08:00:00,1.363715
2014-01-30 12:00:00,1.3598158333333332
2014-01-30 16:00:00,1.3569266666666668
2014-01-30 20:00:00,1.3550425
2014-01-31 00:00:00,1.3553899999999999
2014-01-31 04:00:00,1.3551208333333336
2014-01-31 08:00:00,1.3545791666666667
2014-01-31 12:00:00,1.3539033333333335
2014-01-31 16:00:00,1.3498166666666667
2014-01-31 20:00:00,1.3494641666666667
2014-02-03 00:00:00,1.3485183333333333
2014-02-03 04:00:00,1.3485083333333332
2014-02-03 08:00:00,1.3488216666666668
2014-02-03 12:00:00,1.3504183333333333
2014-02-03 16:00:00,1.350425
2014-02-03 20:00:00,1.3522933333333333
2014-02-04 00:00:00,1.3524216666666666
2014-02-04 04:00:00,1.3511383333333333
2014-02-04 08:00:00,1.3518949999999998
2014-02-04 12:00:00,1.3514849999999998
2014-02-04 16:00:00,1.3510525
2014-02-04 20:00:00,1.3516283333333334
2014-02-05 00:00:00,1.3515491666666666
2014-02-05 04:00:00,1.35165
2014-02-05 08:00:00,1.3511175
2014-02-05 12:00:00,1.3515966666666668
2014-02-05 16:00:00,1.3523175
2014-02-05 20:00:00,1.3532658333333334
2014-02-06 00:00:00,1.3533708333333334
2014-02-06 04:00:00,1.3527766666666667
2014-02-06 08:00:00,1.3520933333333334
2014-02-06 12:00:00,1.3519466666666669
2014-02-06 16:00:00,1.3591833333333334
2014-02-06 20:00:00,1.3593583333333332
2014-02-07 00:00:00,1.3589633333333333
2014-02-07 04:00:00,1.359085
2014-02-07 08:00:00,1.3581491666666667
2014-02-07 12:00:00,1.3567116666666665
2014-02-07 16:00:00,1.3601558333333335
2014-02-07 20:00:00,1.3623916666666667
2014-02-10 00:00:00,1.3623341666666666
2014-02-10 04:00:00,1.3624783333333335
2014-02-10 08:00:00,1.3631241666666667
2014-02-10 12:00:00,1.3632983333333335
2014-02-10 16:00:00,1.3638716666666668
2014-02-10 20:00:00,1.36412
2014-02-11 00:00:00,1.3648741666666666
2014-02-11 04:00:00,1.3667358333333333
2014-02-11 08:00:00,1.3664100000000001
2014-02-11 12:00:00,1.3669916666666666
2014-02-11 16:00:00,1.36571
2014-02-11 20:00:00,1.3641908333333335
2014-02-12 00:00:00,1.3635908333333333
2014-02-12 04:00:00,1.3630108333333335
2014-02-12 08:00:00,1.3635291666666665
2014-02-12 12:00:00,1.3613583333333334
2014-02-12 16:00:00,1.358015
2014-02-12 20:00:00,1.3590658333333332
2014-02-13 00:00:00,1.3592558333333333
2014-02-13 04:00:00,1.3610283333333333
2014-02-13 08:00:00,1.3622425
2014-02-13 12:00:00,1.3663958333333335
2014-02-13 16:00:00,1.3670200000000001
2014-02-13 20:00:00,1.367325
2014-02-14 00:00:00,1.3677916666666667
2014-02-14 04:00:00,1.3679991666666667
2014-02-14 08:00:00,1.3689491666666667
2014-02-14 12:00:00,1.3697758333333332
2014-02-14 16:00:00,1.3690550000000001
2014-02-14 20:00:00,1.3696191666666666
2014-02-17 00:00:00,1.3699866666666667
2014-02-17 04:00:00,1.3712766666666667
2014-02-17 08:00:00,1.3706358333333335
2014-02-17 12:00:00,1.3703841666666667
2014-02-17 16:00:00,1.3702016666666665
2014-02-17 20:00:00,1.37024
2014-02-18 00:00:00,1.3703441666666665
2014-02-18 04:00:00,1.3707166666666666
2014-02-18 08:00:00,1.3710316666666666
2014-02-18 12:00:00,1.3723991666666666
2014-02-18 16:00:00,1.3751175
2014-02-18 20:00:00,1.37558
2014-02-19 00:00:00,1.3760141666666668
2014-02-19 04:00:00,1.3763858333333332
2014-02-19 08:00:00,1.3759691666666667
2014-02-19 12:00:00,1.3748091666666666
2014-02-19 16:00:00,1.3752716666666667
2014-02-19 20:00:00,1.3743633333333332
2014-02-20 00:00:00,1.3732725
2014-02-20 04:00:00,1.3748041666666666
2014-02-20 08:00:00,1.3731808333333333
2014-02-20 12:00:00,1.3698191666666668
2014-02-20 16:00:00,1.3709483333333332
2014-02-20 20:00:00,1.37088
2014-02-21 00:00:00,1.3718108333333334
2014-02-21 04:00:00,1.3717308333333333
2014-02-21 08:00:00,1.37138
2014-02-21 12:00:00,1.3710441666666666
2014-02-21 16:00:00,1.3730641666666665
2014-02-21 20:00:00,1.37378
2014-02-24 00:00:00,1.373651666666667
2014-02-24 04:00:00,1.3735049999999998
2014-02-24 08:00:00,1.3740875000000001
2014-02-24 12:00:00,1.3747816666666666
2014-02-24 16:00:00,1.3725108333333331
2014-02-24 20:00:00,1.3736083333333335
2014-02-25 00:00:00,1.37327
2014-02-25 04:00:00,1.3733983333333333
2014-02-25 08:00:00,1.3743916666666667
2014-02-25 12:00:00,1.3748825
2014-02-25 16:00:00,1.3749058333333335
2014-02-25 20:00:00,1.3744183333333333
2014-02-26 00:00:00,1.3743766666666668
2014-02-26 04:00:00,1.3741208333333332
2014-02-26 08:00:00,1.3740966666666665
2014-02-26 12:00:00,1.3738925
2014-02-26 16:00:00,1.3687433333333334
2014-02-26 20:00:00,1.3676433333333333
2014-02-27 00:00:00,1.3683258333333332
2014-02-27 04:00:00,1.3688158333333333
2014-02-27 08:00:00,1.3678266666666667
2014-02-27 12:00:00,1.3654724999999999
2014-02-27 16:00:00,1.368345
2014-02-27 20:00:00,1.3710491666666669
2014-02-28 00:00:00,1.37078
2014-02-28 04:00:00,1.3705466666666668
2014-02-28 08:00:00,1.3706166666666666
2014-02-28 12:00:00,1.377285
2014-02-28 16:00:00,1.3805475
2014-02-28 20:00:00,1.3811141666666666
2014-03-03 00:00:00,1.37813
2014-03-03 04:00:00,1.3777050000000002
2014-03-03 08:00:00,1.3779858333333332
2014-03-03 12:00:00,1.3773125
2014-03-03 16:00:00,1.3769158333333333
2014-03-03 20:00:00,1.3736766666666667
2014-03-04 00:00:00,1.3734183333333334
2014-03-04 04:00:00,1.3727441666666667
2014-03-04 08:00:00,1.3749000000000002
2014-03-04 12:00:00,1.3758408333333334
2014-03-04 16:00:00,1.3751066666666667
2014-03-04 20:00:00,1.3734516666666667
2014-03-05 00:00:00,1.373935
2014-03-05 04:00:00,1.37334
2014-03-05 08:00:00,1.373145
2014-03-05 12:00:00,1.3726283333333333
2014-03-05 16:00:00,1.3729808333333333
2014-03-05 20:00:00,1.3732591666666667
2014-03-06 00:00:00,1.3732433333333334
2014-03-06 04:00:00,1.3726075
2014-03-06 08:00:00,1.37283
2014-03-06 12:00:00,1.3739341666666667
2014-03-06 16:00:00,1.3827358333333333
2014-03-06 20:00:00,1.3859316666666666
2014-03-07 00:00:00,1.3860983333333334
2014-03-07 04:00:00,1.3857949999999999
2014-03-07 08:00:00,1.3864100000000001
2014-03-07 12:00:00,1.3890508333333333
2014-03-07 16:00:00,1.386740833333333
2014-03-07 20:00:00,1.3871966666666666
2014-03-10 00:00:00,1.387605
2014-03-10 04:00:00,1.3884933333333334
2014-03-10 08:00:00,1.3885391666666667
2014-03-10 12:00:00,1.3877125000000001
2014-03-10 16:00:00,1.3876566666666665
2014-03-10 20:00:00,1.3872650000000002
2014-03-11 00:00:00,1.3875291666666665
2014-03-11 04:00:00,1.3868850000000001
2014-03-11 08:00:00,1.3860591666666666
2014-03-11 12:00:00,1.3849616666666669
2014-03-11 16:00:00,1.3861325
2014-03-11 20:00:00,1.386345
2014-03-12 00:00:00,1.385645
2014-03-12 04:00:00,1.3856525
2014-03-12 08:00:00,1.3853366666666667
2014-03-12 12:00:00,1.3869433333333332
2014-03-12 16:00:00,1.3895683333333333
2014-03-12 20:00:00,1.3904675
2014-03-13 00:00:00,1.3901708333333334
2014-03-13 04:00:00,1.3909124999999998
2014-03-13 08:00:00,1.3943841666666665
2014-03-13 12:00:00,1.3953000000000002
2014-03-13 16:00:00,1.3930058333333333
2014-03-13 20:00:00,1.3862991666666666
2014-03-14 00:00:00,1.3865891666666668
2014-03-14 04:00:00,1.3862541666666666
2014-03-14 08:00:00,1.3860125000000003
2014-03-14 12:00:00,1.3883991666666666
2014-03-14 16:00:00,1.3914141666666666
2014-03-14 20:00:00,1.3905283333333336
2014-03-17 00:00:00,1.3906858333333334
2014-03-17 04:00:00,1.3905575000000001
2014-03-17 08:00:00,1.3896675
2014-03-17 12:00:00,1.3896074999999999
2014-03-17 16:00:00,1.3928366666666667
2014-03-17 20:00:00,1.3923258333333333
2014-03-18 00:00:00,1.3925383333333334
2014-03-18 04:00:00,1.3932025
2014-03-18 08:00:00,1.3922075
2014-03-18 12:00:00,1.3910933333333335
2014-03-18 16:00:00,1.3902424999999998
2014-03-18 20:00:00,1.39269
2014-03-19 00:00:00,1.3930033333333334
2014-03-19 04:00:00,1.3924641666666666
2014-03-19 08:00:00,1.3920158333333335
2014-03-19 12:00:00,1.3918791666666666
2014-03-19 16:00:00,1.3911733333333332
2014-03-19 20:00:00,1.3856941666666667
2014-03-20 00:00:00,1.3820483333333333
2014-03-20 04:00:00,1.3829283333333335
2014-03-20 08:00:00,1.3833858333333333
2014-03-20 12:00:00,1.3777408333333332
2014-03-20 16:00:00,1.3773725
2014-03-20 20:00:00,1.3777491666666668
2014-03-21 00:00:00,1.3778808333333334
2014-03-21 04:00:00,1.3782791666666667
2014-03-21 08:00:00,1.3780608333333333
2014-03-21 12:00:00,1.3790666666666667
2014-03-21 16:00:00,1.3796216666666667
2014-03-21 20:00:00,1.3794541666666666
2014-03-24 00:00:00,1.3794533333333334
2014-03-24 04:00:00,1.3795525
2014-03-24 08:00:00,1.3800891666666668
2014-03-24 12:00:00,1.3771725
2014-03-24 16:00:00,1.3779883333333334
2014-03-24 20:00:00,1.3842541666666666
2014-03-25 00:00:00,1.3835941666666667
2014-03-25 04:00:00,1.3833399999999998
2014-03-25 08:00:00,1.3831491666666667
2014-03-25 12:00:00,1.3810225
2014-03-25 16:00:00,1.3785908333333332
2014-03-25 20:00:00,1.3823808333333334
2014-03-26 00:00:00,1.3822316666666667
2014-03-26 04:00:00,1.3814066666666667
2014-03-26 08:00:00,1.38075
2014-03-26 12:00:00,1.3795416666666667
2014-03-26 16:00:00,1.3789883333333335
2014-03-26 20:00:00,1.3789608333333332
2014-03-27 00:00:00,1.378495
2014-03-27 04:00:00,1.3784508333333334
2014-03-27 08:00:00,1.3778183333333331
2014-03-27 12:00:00,1.3757825000000001
2014-03-27 16:00:00,1.3755366666666666
2014-03-27 20:00:00,1.374248333333333
2014-03-28 00:00:00,1.374155
2014-03-28 04:00:00,1.3745758333333333
2014-03-28 08:00:00,1.37398
2014-03-28 12:00:00,1.37296
2014-03-28 16:00:00,1.3754008333333334
2014-03-28 20:00:00,1.3751566666666668
2014-03-31 00:00:00,1.3752041666666668
2014-03-31 04:00:00,1.3749441666666666
2014-03-31 08:00:00,1.3753266666666666
2014-03-31 12:00:00,1.3785008333333333
2014-03-31 16:00:00,1.3783291666666666
2014-03-31 20:00:00,1.3773125
2014-04-01 00:00:00,1.3772908333333336
2014-04-01 04:00:00,1.37729
2014-04-01 08:00:00,1.3782858333333334
2014-04-01 12:00:00,1.3794666666666668
2014-04-01 16:00:00,1.3799833333333333
2014-04-01 20:00:00,1.3793433333333334
2014-04-02 00:00:00,1.3793300000000002
2014-04-02 04:00:00,1.3802125
2014-04-02 08:00:00,1.3804383333333332
2014-04-02 12:00:00,1.37891
2014-04-02 16:00:00,1.3769308333333332
2014-04-02 20:00:00,1.3762891666666666
2014-04-03 00:00:00,1.3765733333333334
2014-04-03 04:00:00,1.3759716666666666
2014-04-03 08:00:00,1.37623
2014-04-03 12:00:00,1.3764333333333332
2014-04-03 16:00:00,1.3716091666666668
2014-04-03 20:00:00,1.3715958333333336
2014-04-04 00:00:00,1.3718500000000002
2014-04-04 04:00:00,1.3712291666666667
2014-04-04 08:00:00,1.3702166666666666
2014-04-04 12:00:00,1.3707025000000002
2014-04-04 16:00:00,1.3699991666666667
2014-04-04 20:00:00,1.3701616666666667
2014-04-07 00:00:00,1.3699233333333332
2014-04-07 04:00:00,1.3699383333333333
2014-04-07 08:00:00,1.3709233333333333
2014-04-07 12:00:00,1.3723108333333334
2014-04-07 16:00:00,1.3739683333333335
2014-04-07 20:00:00,1.3741091666666665
2014-04-08 00:00:00,1.3742483333333333
2014-04-08 04:00:00,1.3743158333333334
2014-04-08 08:00:00,1.3751766666666667
2014-04-08 12:00:00,1.3773591666666667
2014-04-08 16:00:00,1.3798616666666668
2014-04-08 20:00:00,1.379595
2014-04-09 00:00:00,1.3792291666666667
2014-04-09 04:00:00,1.3790083333333336
2014-04-09 08:00:00,1.3792849999999999
2014-04-09 12:00:00,1.379695
2014-04-09 16:00:00,1.3812925
2014-04-09 20:00:00,1.3837641666666665
2014-04-10 00:00:00,1.3855308333333334
2014-04-10 04:00:00,1.3850708333333333
2014-04-10 08:00:00,1.385065
2014-04-10 12:00:00,1.3866091666666667
2014-04-10 16:00:00,1.3878858333333333
2014-04-10 20:00:00,1.3886216666666669
2014-04-11 00:00:00,1.3886399999999999
2014-04-11 04:00:00,1.3893733333333333
2014-04-11 08:00:00,1.3893316666666666
2014-04-11 12:00:00,1.3883166666666666
2014-04-11 16:00:00,1.3888783333333334
2014-04-11 20:00:00,1.3888233333333333
2014-04-14 00:00:00,1.3847941666666668
2014-04-14 04:00:00,1.3851408333333333
2014-04-14 08:00:00,1.3843941666666668
2014-04-14 12:00:00,1.3823908333333335
2014-04-14 16:00:00,1.3820533333333334
2014-04-14 20:00:00,1.3820608333333333
2014-04-15 00:00:00,1.3816925
2014-04-15 04:00:00,1.3815233333333334
2014-04-15 08:00:00,1.3807466666666666
2014-04-15 12:00:00,1.3799841666666666
2014-04-15 16:00:00,1.3811566666666666
2014-04-15 20:00:00,1.3811258333333334
2014-04-16 00:00:00,1.3812233333333332
2014-04-16 04:00:00,1.3815358333333334
2014-04-16 08:00:00,1.3832075000000001
2014-04-16 12:00:00,1.3837558333333333
2014-04-16 16:00:00,1.3819008333333334
2014-04-16 20:00:00,1.3819208333333335
2014-04-17 00:00:00,1.3821141666666665
2014-04-17 04:00:00,1.3837891666666668
2014-04-17 08:00:00,1.3840158333333332
2014-04-17 12:00:00,1.3853674999999999
2014-04-17 16:00:00,1.3831766666666667
2014-04-17 20:00:00,1.3815708333333334
2014-04-18 00:00:00,1.3812016666666669
2014-04-18 04:00:00,1.3813183333333334
2014-04-18 08:00:00,1.3817116666666664
2014-04-18 12:00:00,1.3818100000000002
2014-04-18 16:00:00,1.3816400000000002
2014-04-18 20:00:00,1.3812325
2014-04-21 00:00:00,1.3812083333333334
2014-04-21 04:00:00,1.3810516666666668
2014-04-21 08:00:00,1.38218
2014-04-21 12:00:00,1.3818891666666666
2014-04-21 16:00:00,1.3800191666666666
2014-04-21 20:00:00,1.37926
2014-04-22 00:00:00,1.3792099999999998
2014-04-22 04:00:00,1.3794375
2014-04-22 08:00:00,1.3799883333333334
2014-04-22 12:00:00,1.3812941666666667
2014-04-22 16:00:00,1.3803083333333335
2014-04-22 20:00:00,1.38023
2014-04-23 00:00:00,1.380535
2014-04-23 04:00:00,1.3813000000000002
2014-04-23 08:00:00,1.3824058333333333
2014-04-23 12:00:00,1.3840108333333334
2014-04-23 16:00:00,1.3823966666666667
2014-04-23 20:00:00,1.3815816666666667
2014-04-24 00:00:00,1.3817641666666667
2014-04-24 04:00:00,1.3821283333333332
2014-04-24 08:00:00,1.3826174999999998
2014-04-24 12:00:00,1.3817733333333333
2014-04-24 16:00:00,1.3819033333333333
2014-04-24 20:00:00,1.3826458333333334
2014-04-25 00:00:00,1.3829975
2014-04-25 04:00:00,1.3832441666666666
2014-04-25 08:00:00,1.3832633333333333
2014-04-25 12:00:00,1.3838225000000002
2014-04-25 16:00:00,1.3838908333333333
2014-04-25 20:00:00,1.3835425
2014-04-28 00:00:00,1.3834766666666665
2014-04-28 04:00:00,1.3823383333333334
2014-04-28 08:00:00,1.3844641666666668
2014-04-28 12:00:00,1.3866975
2014-04-28 16:00:00,1.38512
2014-04-28 20:00:00,1.3850725000000002
2014-04-29 00:00:00,1.3851674999999999
2014-04-29 04:00:00,1.3860508333333332
2014-04-29 08:00:00,1.3866
2014-04-29 12:00:00,1.38541
2014-04-29 16:00:00,1.3815608333333333
2014-04-29 20:00:00,1.3810183333333335
2014-04-30 00:00:00,1.3810766666666665
2014-04-30 04:00:00,1.3806775
2014-04-30 08:00:00,1.3802833333333333
2014-04-30 12:00:00,1.3834491666666666
2014-04-30 16:00:00,1.3864108333333334
2014-04-30 20:00:00,1.3867450000000001
2014-05-01 00:00:00,1.3867433333333334
2014-05-01 04:00:00,1.3870183333333332
2014-05-01 08:00:00,1.3880608333333333
2014-05-01 12:00:00,1.3876608333333331
2014-05-01 16:00:00,1.3867808333333334
2014-05-01 20:00:00,1.3866683333333334
2014-05-02 00:00:00,1.3866708333333335
2014-05-02 04:00:00,1.3860141666666665
2014-05-02 08:00:00,1.3857733333333333
2014-05-02 12:00:00,1.3854408333333332
2014-05-02 16:00:00,1.3849633333333335
2014-05-02 20:00:00,1.3871991666666665
2014-05-05 00:00:00,1.3871650000000002
2014-05-05 04:00:00,1.3872808333333333
2014-05-05 08:00:00,1.3873791666666666
2014-05-05 12:00:00,1.3874299999999997
2014-05-05 16:00:00,1.3878899999999998
2014-05-05 20:00:00,1.3875891666666667
2014-05-06 00:00:00,1.38742
2014-05-06 04:00:00,1.3878266666666668
2014-05-06 08:00:00,1.3898891666666668
2014-05-06 12:00:00,1.3934766666666665
2014-05-06 16:00:00,1.3928666666666667
2014-05-06 20:00:00,1.3929941666666668
2014-05-07 00:00:00,1.3927558333333332
2014-05-07 04:00:00,1.3926558333333334
2014-05-07 08:00:00,1.3921441666666667
2014-05-07 12:00:00,1.3925625
2014-05-07 16:00:00,1.3922508333333334
2014-05-07 20:00:00,1.3914458333333333
2014-05-08 00:00:00,1.3909791666666667
2014-05-08 04:00:00,1.3913358333333334
2014-05-08 08:00:00,1.3922949999999998
2014-05-08 12:00:00,1.3940516666666667
2014-05-08 16:00:00,1.386765
2014-05-08 20:00:00,1.3849166666666668
2014-05-09 00:00:00,1.3839208333333335
2014-05-09 04:00:00,1.3836575
2014-05-09 08:00:00,1.3830941666666667
2014-05-09 12:00:00,1.3796575
2014-05-09 16:00:00,1.3768916666666666
2014-05-09 20:00:00,1.3753175
2014-05-12 00:00:00,1.3756308333333334
2014-05-12 04:00:00,1.3756475000000001
2014-05-12 08:00:00,1.3767041666666666
2014-05-12 12:00:00,1.3764108333333334
2014-05-12 16:00:00,1.3759975
2014-05-12 20:00:00,1.3756541666666668
2014-05-13 00:00:00,1.3757391666666665
2014-05-13 04:00:00,1.375775
2014-05-13 08:00:00,1.3762625
2014-05-13 12:00:00,1.37242
2014-05-13 16:00:00,1.3711041666666666
2014-05-13 20:00:00,1.3699358333333334
2014-05-14 00:00:00,1.37033
2014-05-14 04:00:00,1.3711708333333334
2014-05-14 08:00:00,1.3717825000000001
2014-05-14 12:00:00,1.3714175
2014-05-14 16:00:00,1.3711583333333333
2014-05-14 20:00:00,1.3708508333333336
2014-05-15 00:00:00,1.3715324999999998
2014-05-15 04:00:00,1.3718608333333333
2014-05-15 08:00:00,1.369495
2014-05-15 12:00:00,1.36597
2014-05-15 16:00:00,1.3698541666666664
2014-05-15 20:00:00,1.3711916666666668
2014-05-16 00:00:00,1.3712358333333334
2014-05-16 04:00:00,1.3716125
2014-05-16 08:00:00,1.37159
2014-05-16 12:00:00,1.3701533333333333
2014-05-16 16:00:00,1.3705758333333333
2014-05-16 20:00:00,1.3696833333333334
2014-05-19 00:00:00,1.3697991666666667
2014-05-19 04:00:00,1.3703908333333334
2014-05-19 08:00:00,1.3711425
2014-05-19 12:00:00,1.3717275
2014-05-19 16:00:00,1.3716816666666667
2014-05-19 20:00:00,1.3710758333333333
2014-05-20 00:00:00,1.3709175
2014-05-20 04:00:00,1.3710225
2014-05-20 08:00:00,1.3697708333333334
2014-05-20 12:00:00,1.3698116666666666
2014-05-20 16:00:00,1.3696749999999998
2014-05-20 20:00:00,1.3697041666666667
2014-05-21 00:00:00,1.3700783333333333
2014-05-21 04:00:00,1.3702241666666668
2014-05-21 08:00:00,1.3711916666666666
2014-05-21 12:00:00,1.3684475
2014-05-21 16:00:00,1.3661316666666667
2014-05-21 20:00:00,1.3673783333333334
2014-05-22 00:00:00,1.3683433333333332
2014-05-22 04:00:00,1.3675258333333336
2014-05-22 08:00:00,1.3671716666666667
2014-05-22 12:00:00,1.3673091666666668
2014-05-22 16:00:00,1.36525
2014-05-22 20:00:00,1.3651133333333334
2014-05-23 00:00:00,1.3652116666666667
2014-05-23 04:00:00,1.364749166666667
2014-05-23 08:00:00,1.3641349999999999
2014-05-23 12:00:00,1.3624174999999998
2014-05-23 16:00:00,1.362975
2014-05-23 20:00:00,1.3629466666666668
2014-05-26 00:00:00,1.36236
2014-05-26 04:00:00,1.361855
2014-05-26 08:00:00,1.3629466666666665
2014-05-26 12:00:00,1.3641658333333335
2014-05-26 16:00:00,1.3646308333333332
2014-05-26 20:00:00,1.3645575
2014-05-27 00:00:00,1.3649508333333333
2014-05-27 04:00:00,1.3659566666666665
2014-05-27 08:00:00,1.3649008333333335
2014-05-27 12:00:00,1.3642699999999999
2014-05-27 16:00:00,1.3622375
2014-05-27 20:00:00,1.3628675
2014-05-28 00:00:00,1.3633225000000002
2014-05-28 04:00:00,1.3634066666666667
2014-05-28 08:00:00,1.3626141666666667
2014-05-28 12:00:00,1.3617358333333334
2014-05-28 16:00:00,1.3597016666666666
2014-05-28 20:00:00,1.3592733333333333
2014-05-29 00:00:00,1.3593583333333334
2014-05-29 04:00:00,1.3602566666666667
2014-05-29 08:00:00,1.3600025
2014-05-29 12:00:00,1.3614591666666667
2014-05-29 16:00:00,1.3607274999999999
2014-05-29 20:00:00,1.3602116666666666
2014-05-30 00:00:00,1.3601558333333332
2014-05-30 04:00:00,1.3604608333333332
2014-05-30 08:00:00,1.3607308333333332
2014-05-30 12:00:00,1.3611858333333333
2014-05-30 16:00:00,1.3635083333333333
2014-05-30 20:00:00,1.3634208333333333
2014-06-02 00:00:00,1.3626166666666666
2014-06-02 04:00:00,1.3626366666666667
2014-06-02 08:00:00,1.3618933333333334
2014-06-02 12:00:00,1.3608466666666668
2014-06-02 16:00:00,1.3606208333333332
2014-06-02 20:00:00,1.3596675
2014-06-03 00:00:00,1.3597575
2014-06-03 04:00:00,1.3602516666666666
2014-06-03 08:00:00,1.3601675
2014-06-03 12:00:00,1.3614883333333332
2014-06-03 16:00:00,1.3628833333333334
2014-06-03 20:00:00,1.3625316666666665
2014-06-04 00:00:00,1.3623333333333332
2014-06-04 04:00:00,1.3613241666666664
2014-06-04 08:00:00,1.3611575
2014-06-04 12:00:00,1.3619183333333333
2014-06-04 16:00:00,1.3616275
2014-06-04 20:00:00,1.3600208333333332
2014-06-05 00:00:00,1.3600066666666666
2014-06-05 04:00:00,1.3598183333333331
2014-06-05 08:00:00,1.3606108333333333
2014-06-05 12:00:00,1.3588016666666667
2014-06-05 16:00:00,1.3608224999999998
2014-06-05 20:00:00,1.3656541666666666
2014-06-06 00:00:00,1.3660275
2014-06-06 04:00:00,1.3659133333333333
2014-06-06 08:00:00,1.364905
2014-06-06 12:00:00,1.3636875
2014-06-06 16:00:00,1.3637050000000002
2014-06-06 20:00:00,1.3640925
2014-06-09 00:00:00,1.3644858333333334
2014-06-09 04:00:00,1.3643716666666665
2014-06-09 08:00:00,1.3648749999999998
2014-06-09 12:00:00,1.3617458333333334
2014-06-09 16:00:00,1.3589583333333333
2014-06-09 20:00:00,1.3588516666666668
2014-06-10 00:00:00,1.3591175
2014-06-10 04:00:00,1.358919166666667
2014-06-10 08:00:00,1.3586033333333334
2014-06-10 12:00:00,1.3545416666666665
2014-06-10 16:00:00,1.3546008333333333
2014-06-10 20:00:00,1.3542741666666667
2014-06-11 00:00:00,1.3540774999999998
2014-06-11 04:00:00,1.3528183333333335
2014-06-11 08:00:00,1.3536741666666665
2014-06-11 12:00:00,1.3538175
2014-06-11 16:00:00,1.3534899999999999
2014-06-11 20:00:00,1.3529875
2014-06-12 00:00:00,1.3533766666666667
2014-06-12 04:00:00,1.3542141666666665
2014-06-12 08:00:00,1.3535608333333335
2014-06-12 12:00:00,1.3525991666666668
2014-06-12 16:00:00,1.3547208333333332
2014-06-12 20:00:00,1.3559558333333335
2014-06-13 00:00:00,1.3550808333333333
2014-06-13 04:00:00,1.3558183333333331
2014-06-13 08:00:00,1.3567208333333334
2014-06-13 12:00:00,1.3548741666666668
2014-06-13 16:00:00,1.3531883333333332
2014-06-13 20:00:00,1.3535166666666667
2014-06-16 00:00:00,1.3535808333333335
2014-06-16 04:00:00,1.3539566666666665
2014-06-16 08:00:00,1.353416666666667
2014-06-16 12:00:00,1.3538083333333333
2014-06-16 16:00:00,1.3567325000000001
2014-06-16 20:00:00,1.3569158333333333
2014-06-17 00:00:00,1.3574525000000002
2014-06-17 04:00:00,1.3562533333333333
2014-06-17 08:00:00,1.3563041666666666
2014-06-17 12:00:00,1.3561541666666668
2014-06-17 16:00:00,1.3542833333333335
2014-06-17 20:00:00,1.3542458333333331
2014-06-18 00:00:00,1.3546416666666667
2014-06-18 04:00:00,1.3545874999999998
2014-06-18 08:00:00,1.3546791666666667
2014-06-18 12:00:00,1.3563291666666666
2014-06-18 16:00:00,1.3571558333333333
2014-06-18 20:00:00,1.35771
2014-06-19 00:00:00,1.3588116666666668
2014-06-19 04:00:00,1.3589533333333332
2014-06-19 08:00:00,1.3613233333333334
2014-06-19 12:00:00,1.362665
2014-06-19 16:00:00,1.3625633333333336
2014-06-19 20:00:00,1.3606666666666667
2014-06-20 00:00:00,1.3608358333333335
2014-06-20 04:00:00,1.3618608333333333
2014-06-20 08:00:00,1.3617575000000002
2014-06-20 12:00:00,1.3592666666666666
2014-06-20 16:00:00,1.3580424999999998
2014-06-20 20:00:00,1.3593266666666666
2014-06-23 00:00:00,1.3591408333333335
2014-06-23 04:00:00,1.3601566666666667
2014-06-23 08:00:00,1.3599150000000002
2014-06-23 12:00:00,1.3586624999999999
2014-06-23 16:00:00,1.3590825000000002
2014-06-23 20:00:00,1.3601808333333334
2014-06-24 00:00:00,1.3601283333333334
2014-06-24 04:00:00,1.3595674999999998
2014-06-24 08:00:00,1.3604625
2014-06-24 12:00:00,1.3620441666666665
2014-06-24 16:00:00,1.3598658333333333
2014-06-24 20:00:00,1.360415
2014-06-25 00:00:00,1.3603725
2014-06-25 04:00:00,1.3604266666666667
2014-06-25 08:00:00,1.361065
2014-06-25 12:00:00,1.3612108333333333
2014-06-25 16:00:00,1.36367
2014-06-25 20:00:00,1.3630641666666667
2014-06-26 00:00:00,1.3629391666666666
2014-06-26 04:00:00,1.36323
2014-06-26 08:00:00,1.3629600000000002
2014-06-26 12:00:00,1.3610508333333333
2014-06-26 16:00:00,1.3598425
2014-06-26 20:00:00,1.3609916666666668
2014-06-27 00:00:00,1.361245
2014-06-27 04:00:00,1.3622333333333332
2014-06-27 08:00:00,1.362484166666667
2014-06-27 12:00:00,1.3615991666666667
2014-06-27 16:00:00,1.3633708333333334
2014-06-27 20:00:00,1.3644941666666668
2014-06-30 00:00:00,1.3643774999999998
2014-06-30 04:00:00,1.3644408333333333
2014-06-30 08:00:00,1.3647366666666665
2014-06-30 12:00:00,1.3654074999999999
2014-06-30 16:00:00,1.367985
2014-06-30 20:00:00,1.3692224999999998
2014-07-01 00:00:00,1.3691666666666666
2014-07-01 04:00:00,1.3688449999999999
2014-07-01 08:00:00,1.36856
2014-07-01 12:00:00,1.368795
2014-07-01 16:00:00,1.3684733333333334
2014-07-01 20:00:00,1.3680441666666665
2014-07-02 00:00:00,1.3678966666666665
2014-07-02 04:00:00,1.3675858333333333
2014-07-02 08:00:00,1.366975
2014-07-02 12:00:00,1.3659424999999998
2014-07-02 16:00:00,1.3652316666666666
2014-07-02 20:00:00,1.3654941666666667
2014-07-03 00:00:00,1.36551
2014-07-03 04:00:00,1.3650475000000002
2014-07-03 08:00:00,1.3654275
2014-07-03 12:00:00,1.3643291666666666
2014-07-03 16:00:00,1.3606958333333332
2014-07-03 20:00:00,1.3607925
2014-07-04 00:00:00,1.3607666666666667
2014-07-04 04:00:00,1.3606941666666665
2014-07-04 08:00:00,1.3597333333333335
2014-07-04 12:00:00,1.35889
2014-07-04 16:00:00,1.359165
2014-07-04 20:00:00,1.3592616666666666
2014-07-07 00:00:00,1.3588175
2014-07-07 04:00:00,1.3583533333333333
2014-07-07 08:00:00,1.3585033333333334
2014-07-07 12:00:00,1.3594858333333333
2014-07-07 16:00:00,1.3599333333333334
2014-07-07 20:00:00,1.3605508333333332
2014-07-08 00:00:00,1.3605716666666667
2014-07-08 04:00:00,1.3604316666666667
2014-07-08 08:00:00,1.3597083333333333
2014-07-08 12:00:00,1.3594441666666666
2014-07-08 16:00:00,1.3610775
2014-07-08 20:00:00,1.3610666666666666
2014-07-09 00:00:00,1.3613483333333332
2014-07-09 04:00:00,1.3613308333333334
2014-07-09 08:00:00,1.3616574999999997
2014-07-09 12:00:00,1.3608641666666668
2014-07-09 16:00:00,1.362635
2014-07-09 20:00:00,1.3634866666666667
2014-07-10 00:00:00,1.3641591666666666
2014-07-10 04:00:00,1.3645866666666666
2014-07-10 08:00:00,1.36379
2014-07-10 12:00:00,1.3615975
2014-07-10 16:00:00,1.3599666666666668
2014-07-10 20:00:00,1.3603199999999998
2014-07-11 00:00:00,1.3603683333333334
2014-07-11 04:00:00,1.36003
2014-07-11 08:00:00,1.3605058333333333
2014-07-11 12:00:00,1.3603991666666668
2014-07-11 16:00:00,1.360045
2014-07-11 20:00:00,1.3605533333333333
2014-07-14 00:00:00,1.360195
2014-07-14 04:00:00,1.36022
2014-07-14 08:00:00,1.361629166666667
2014-07-14 12:00:00,1.3624891666666668
2014-07-14 16:00:00,1.3619700000000001
2014-07-14 20:00:00,1.36161
2014-07-15 00:00:00,1.3619783333333335
2014-07-15 04:00:00,1.3618025
2014-07-15 08:00:00,1.3613525
2014-07-15 12:00:00,1.3604941666666668
2014-07-15 16:00:00,1.3579583333333334
2014-07-15 20:00:00,1.3567416666666665
2014-07-16 00:00:00,1.3568358333333335
2014-07-16 04:00:00,1.3564041666666666
2014-07-16 08:00:00,1.3555641666666667
2014-07-16 12:00:00,1.3534216666666667
2014-07-16 16:00:00,1.3530541666666667
2014-07-16 20:00:00,1.3523200000000002
2014-07-17 00:00:00,1.3525866666666668
2014-07-17 04:00:00,1.3528475
2014-07-17 08:00:00,1.3527533333333333
2014-07-17 12:00:00,1.3529783333333334
2014-07-17 16:00:00,1.3524766666666668
2014-07-17 20:00:00,1.3525325000000001
2014-07-18 00:00:00,1.3521524999999999
2014-07-18 04:00:00,1.3524091666666667
2014-07-18 08:00:00,1.35262
2014-07-18 12:00:00,1.3523574999999999
2014-07-18 16:00:00,1.3511041666666668
2014-07-18 20:00:00,1.3524441666666667
2014-07-21 00:00:00,1.3528358333333332
2014-07-21 04:00:00,1.3534441666666668
2014-07-21 08:00:00,1.3532475000000002
2014-07-21 12:00:00,1.3521366666666665
2014-07-21 16:00:00,1.3520358333333333
2014-07-21 20:00:00,1.3521225000000001
2014-07-22 00:00:00,1.3522941666666666
2014-07-22 04:00:00,1.3525258333333334
2014-07-22 08:00:00,1.3510441666666666
2014-07-22 12:00:00,1.3482225
2014-07-22 16:00:00,1.3469108333333335
2014-07-22 20:00:00,1.346675
2014-07-23 00:00:00,1.3465691666666666
2014-07-23 04:00:00,1.3463275000000001
2014-07-23 08:00:00,1.3463225
2014-07-23 12:00:00,1.3467541666666665
2014-07-23 16:00:00,1.3464216666666664
2014-07-23 20:00:00,1.346005
2014-07-24 00:00:00,1.34592
2014-07-24 04:00:00,1.3459091666666665
2014-07-24 08:00:00,1.3461691666666669
2014-07-24 12:00:00,1.34753
2014-07-24 16:00:00,1.3466816666666668
2014-07-24 20:00:00,1.3464225
2014-07-25 00:00:00,1.3463683333333332
2014-07-25 04:00:00,1.3465825
2014-07-25 08:00:00,1.3464225
2014-07-25 12:00:00,1.3445766666666665
2014-07-25 16:00:00,1.3432133333333331
2014-07-25 20:00:00,1.343075
2014-07-28 00:00:00,1.3429608333333332
2014-07-28 04:00:00,1.342945
2014-07-28 08:00:00,1.3432300000000001
2014-07-28 12:00:00,1.3437025
2014-07-28 16:00:00,1.3438383333333335
2014-07-28 20:00:00,1.3436058333333332
2014-07-29 00:00:00,1.3437833333333333
2014-07-29 04:00:00,1.3434716666666666
2014-07-29 08:00:00,1.3432291666666667
2014-07-29 12:00:00,1.3431625
2014-07-29 16:00:00,1.3411741666666668
2014-07-29 20:00:00,1.3409208333333336
2014-07-30 00:00:00,1.3409383333333333
2014-07-30 04:00:00,1.3410975
2014-07-30 08:00:00,1.3403216666666664
2014-07-30 12:00:00,1.3396441666666665
2014-07-30 16:00:00,1.3376774999999999
2014-07-30 20:00:00,1.33874
2014-07-31 00:00:00,1.3395124999999999
2014-07-31 04:00:00,1.3396741666666665
2014-07-31 08:00:00,1.3393483333333336
2014-07-31 12:00:00,1.3384691666666666
2014-07-31 16:00:00,1.3385633333333335
2014-07-31 20:00:00,1.3388516666666668
2014-08-01 00:00:00,1.3388075
2014-08-01 04:00:00,1.3386891666666667
2014-08-01 08:00:00,1.3384616666666667
2014-08-01 12:00:00,1.3398883333333333
2014-08-01 16:00:00,1.3427275
2014-08-01 20:00:00,1.3426816666666666
2014-08-04 00:00:00,1.34261
2014-08-04 04:00:00,1.3421224999999999
2014-08-04 08:00:00,1.3423416666666665
2014-08-04 12:00:00,1.3421075
2014-08-04 16:00:00,1.3417458333333332
2014-08-04 20:00:00,1.3419375
2014-08-05 00:00:00,1.3420841666666665
2014-08-05 04:00:00,1.3418808333333334
2014-08-05 08:00:00,1.3412941666666667
2014-08-05 12:00:00,1.338865
2014-08-05 16:00:00,1.3369816666666665
2014-08-05 20:00:00,1.3371275
2014-08-06 00:00:00,1.3369925
2014-08-06 04:00:00,1.3366266666666666
2014-08-06 08:00:00,1.3364725000000002
2014-08-06 12:00:00,1.3348316666666666
2014-08-06 16:00:00,1.335625
2014-08-06 20:00:00,1.3378391666666667
2014-08-07 00:00:00,1.3382
2014-08-07 04:00:00,1.3386683333333331
2014-08-07 08:00:00,1.3376458333333336
2014-08-07 12:00:00,1.3375875
2014-08-07 16:00:00,1.3354641666666667
2014-08-07 20:00:00,1.3359383333333334
2014-08-08 00:00:00,1.3358325
2014-08-08 04:00:00,1.3355633333333334
2014-08-08 08:00:00,1.3379349999999999
2014-08-08 12:00:00,1.3391308333333334
2014-08-08 16:00:00,1.3407900000000001
2014-08-08 20:00:00,1.3410725000000001
2014-08-11 00:00:00,1.3404591666666665
2014-08-11 04:00:00,1.3399908333333335
2014-08-11 08:00:00,1.3393633333333332
2014-08-11 12:00:00,1.338985
2014-08-11 16:00:00,1.3385441666666664
2014-08-11 20:00:00,1.3383875
2014-08-12 00:00:00,1.3381999999999998
2014-08-12 04:00:00,1.3372016666666666
2014-08-12 08:00:00,1.3364550000000002
2014-08-12 12:00:00,1.3343825
2014-08-12 16:00:00,1.3356058333333334
2014-08-12 20:00:00,1.3366266666666666
2014-08-13 00:00:00,1.3366333333333333
2014-08-13 04:00:00,1.3364158333333334
2014-08-13 08:00:00,1.3359366666666666
2014-08-13 12:00:00,1.3366333333333333
2014-08-13 16:00:00,1.3378033333333335
2014-08-13 20:00:00,1.3366333333333333
2014-08-14 00:00:00,1.3363483333333332
2014-08-14 04:00:00,1.336005
2014-08-14 08:00:00,1.3359925
2014-08-14 12:00:00,1.3379608333333333
2014-08-14 16:00:00,1.3383316666666667
2014-08-14 20:00:00,1.3365575
2014-08-15 00:00:00,1.336235
2014-08-15 04:00:00,1.3362191666666667
2014-08-15 08:00:00,1.3371708333333334
2014-08-15 12:00:00,1.3379358333333333
2014-08-15 16:00:00,1.3389916666666668
2014-08-15 20:00:00,1.33942
2014-08-18 00:00:00,1.3389958333333336
2014-08-18 04:00:00,1.3395216666666667
2014-08-18 08:00:00,1.33874
2014-08-18 12:00:00,1.3387916666666666
2014-08-18 16:00:00,1.3363425
2014-08-18 20:00:00,1.3362325
2014-08-19 00:00:00,1.33596
2014-08-19 04:00:00,1.3356783333333333
2014-08-19 08:00:00,1.3351666666666666
2014-08-19 12:00:00,1.3343941666666668
2014-08-19 16:00:00,1.3318208333333335
2014-08-19 20:00:00,1.3318908333333332
2014-08-20 00:00:00,1.3319291666666668
2014-08-20 04:00:00,1.3310241666666667
2014-08-20 08:00:00,1.3299358333333333
2014-08-20 12:00:00,1.3283783333333334
2014-08-20 16:00:00,1.3287266666666666
2014-08-20 20:00:00,1.32695
2014-08-21 00:00:00,1.3257708333333333
2014-08-21 04:00:00,1.3246941666666667
2014-08-21 08:00:00,1.3260516666666669
2014-08-21 12:00:00,1.3263433333333334
2014-08-21 16:00:00,1.3277166666666667
2014-08-21 20:00:00,1.3279766666666666
2014-08-22 00:00:00,1.3278816666666666
2014-08-22 04:00:00,1.328125
2014-08-22 08:00:00,1.3287433333333332
2014-08-22 12:00:00,1.3269958333333334
2014-08-22 16:00:00,1.3246641666666665
2014-08-22 20:00:00,1.3241325000000002
2014-08-25 00:00:00,1.3195575000000002
2014-08-25 04:00:00,1.3202433333333334
2014-08-25 08:00:00,1.3196533333333333
2014-08-25 12:00:00,1.3198933333333334
2014-08-25 16:00:00,1.3199158333333334
2014-08-25 20:00:00,1.3193308333333333
2014-08-26 00:00:00,1.3187408333333333
2014-08-26 04:00:00,1.3200733333333334
2014-08-26 08:00:00,1.3200408333333333
2014-08-26 12:00:00,1.31976
2014-08-26 16:00:00,1.3195891666666666
2014-08-26 20:00:00,1.3171125000000001
2014-08-27 00:00:00,1.3166066666666667
2014-08-27 04:00:00,1.3162208333333334
2014-08-27 08:00:00,1.3175533333333334
2014-08-27 12:00:00,1.3182166666666666
2014-08-27 16:00:00,1.3188858333333333
2014-08-27 20:00:00,1.3195450000000002
2014-08-28 00:00:00,1.319275
2014-08-28 04:00:00,1.3211966666666668
2014-08-28 08:00:00,1.3207158333333333
2014-08-28 12:00:00,1.3183341666666666
2014-08-28 16:00:00,1.3172658333333334
2014-08-28 20:00:00,1.3181108333333333
2014-08-29 00:00:00,1.3182125
2014-08-29 04:00:00,1.3179949999999998
2014-08-29 08:00:00,1.317145
2014-08-29 12:00:00,1.3185725
2014-08-29 16:00:00,1.3163525
2014-08-29 20:00:00,1.3137675
2014-09-01 00:00:00,1.3128691666666668
2014-09-01 04:00:00,1.3123158333333333
2014-09-01 08:00:00,1.3130958333333334
2014-09-01 12:00:00,1.3136983333333334
2014-09-01 16:00:00,1.3133041666666667
2014-09-01 20:00:00,1.3128900000000001
2014-09-02 00:00:00,1.3129175
2014-09-02 04:00:00,1.3120275
2014-09-02 08:00:00,1.3123666666666667
2014-09-02 12:00:00,1.3115683333333334
2014-09-02 16:00:00,1.3123366666666667
2014-09-02 20:00:00,1.3128533333333334
2014-09-03 00:00:00,1.3131766666666667
2014-09-03 04:00:00,1.312835
2014-09-03 08:00:00,1.31332
2014-09-03 12:00:00,1.3147625
2014-09-03 16:00:00,1.3140275000000003
2014-09-03 20:00:00,1.3143625
2014-09-04 00:00:00,1.3148475
2014-09-04 04:00:00,1.3146316666666666
2014-09-04 08:00:00,1.3143675
2014-09-04 12:00:00,1.3093541666666666
2014-09-04 16:00:00,1.2967766666666667
2014-09-04 20:00:00,1.2944741666666666
2014-09-05 00:00:00,1.2933533333333334
2014-09-05 04:00:00,1.2933675
2014-09-05 08:00:00,1.2939583333333333
2014-09-05 12:00:00,1.2958291666666666
2014-09-05 16:00:00,1.2960691666666666
2014-09-05 20:00:00,1.2953025
2014-09-08 00:00:00,1.2952666666666666
2014-09-08 04:00:00,1.29469
2014-09-08 08:00:00,1.2939291666666666
2014-09-08 12:00:00,1.29475
2014-09-08 16:00:00,1.2942316666666667
2014-09-08 20:00:00,1.2901616666666667
2014-09-09 00:00:00,1.2894733333333332
2014-09-09 04:00:00,1.2881658333333332
2014-09-09 08:00:00,1.2879216666666666
2014-09-09 12:00:00,1.2887858333333333
2014-09-09 16:00:00,1.2903541666666667
2014-09-09 20:00:00,1.292855
2014-09-10 00:00:00,1.2939875
2014-09-10 04:00:00,1.2931758333333332
2014-09-10 08:00:00,1.2932666666666666
2014-09-10 12:00:00,1.2936708333333333
2014-09-10 16:00:00,1.2911433333333333
2014-09-10 20:00:00,1.2908483333333334
2014-09-11 00:00:00,1.2918699999999999
2014-09-11 04:00:00,1.2911675
2014-09-11 08:00:00,1.2917325
2014-09-11 12:00:00,1.2926741666666666
2014-09-11 16:00:00,1.29371
2014-09-11 20:00:00,1.2923666666666667
2014-09-12 00:00:00,1.2921816666666666
2014-09-12 04:00:00,1.29189
2014-09-12 08:00:00,1.2923941666666667
2014-09-12 12:00:00,1.2930158333333333
2014-09-12 16:00:00,1.2944941666666667
2014-09-12 20:00:00,1.295235
2014-09-15 00:00:00,1.2961325
2014-09-15 04:00:00,1.2961808333333333
2014-09-15 08:00:00,1.2944683333333333
2014-09-15 12:00:00,1.2920425
2014-09-15 16:00:00,1.2939816666666668
2014-09-15 20:00:00,1.2937825
2014-09-16 00:00:00,1.2939041666666666
2014-09-16 04:00:00,1.2945866666666666
2014-09-16 08:00:00,1.2936833333333333
2014-09-16 12:00:00,1.2946808333333333
2014-09-16 16:00:00,1.2955866666666667
2014-09-16 20:00:00,1.2961416666666665
2014-09-17 00:00:00,1.2955291666666666
2014-09-17 04:00:00,1.2951825000000001
2014-09-17 08:00:00,1.2952958333333333
2014-09-17 12:00:00,1.2960483333333332
2014-09-17 16:00:00,1.2957533333333333
2014-09-17 20:00:00,1.2909841666666666
2014-09-18 00:00:00,1.2846525
2014-09-18 04:00:00,1.2863716666666665
2014-09-18 08:00:00,1.2876941666666666
2014-09-18 12:00:00,1.2878150000000002
2014-09-18 16:00:00,1.2909016666666666
2014-09-18 20:00:00,1.2917133333333333
2014-09-19 00:00:00,1.2915391666666667
2014-09-19 04:00:00,1.2914975
2014-09-19 08:00:00,1.289315
2014-09-19 12:00:00,1.2867391666666665
2014-09-19 16:00:00,1.284295
2014-09-19 20:00:00,1.2835391666666667
2014-09-22 00:00:00,1.2836233333333333
2014-09-22 04:00:00,1.285655
2014-09-22 08:00:00,1.2857858333333334
2014-09-22 12:00:00,1.2846674999999999
2014-09-22 16:00:00,1.283255
2014-09-22 20:00:00,1.2838758333333333
2014-09-23 00:00:00,1.2847716666666669
2014-09-23 04:00:00,1.2852691666666667
2014-09-23 08:00:00,1.2856575
2014-09-23 12:00:00,1.2887841666666666
2014-09-23 16:00:00,1.2864758333333333
2014-09-23 20:00:00,1.2853766666666666
2014-09-24 00:00:00,1.2847491666666666
2014-09-24 04:00:00,1.2853475
2014-09-24 08:00:00,1.2850316666666668
2014-09-24 12:00:00,1.2838641666666666
2014-09-24 16:00:00,1.279095
2014-09-24 20:00:00,1.2781925
2014-09-25 00:00:00,1.2777291666666666
2014-09-25 04:00:00,1.2773408333333334
2014-09-25 08:00:00,1.2738291666666668
2014-09-25 12:00:00,1.2722708333333332
2014-09-25 16:00:00,1.2738866666666668
2014-09-25 20:00:00,1.2746241666666667
2014-09-26 00:00:00,1.2754316666666665
2014-09-26 04:00:00,1.2747725
2014-09-26 08:00:00,1.2743708333333332
2014-09-26 12:00:00,1.2735949999999998
2014-09-26 16:00:00,1.2693091666666667
2014-09-26 20:00:00,1.2682866666666666
2014-09-29 00:00:00,1.2676508333333334
2014-09-29 04:00:00,1.2677475
2014-09-29 08:00:00,1.26782
2014-09-29 12:00:00,1.2690566666666667
2014-09-29 16:00:00,1.2698483333333332
2014-09-29 20:00:00,1.2688283333333334
2014-09-30 00:00:00,1.2687566666666668
2014-09-30 04:00:00,1.2690641666666667
2014-09-30 08:00:00,1.2683316666666666
2014-09-30 12:00:00,1.259725
2014-09-30 16:00:00,1.26204
2014-09-30 20:00:00,1.26291
2014-10-01 00:00:00,1.2627008333333334
2014-10-01 04:00:00,1.2614316666666665
2014-10-01 08:00:00,1.2610425
2014-10-01 12:00:00,1.2601575
2014-10-01 16:00:00,1.2609925
2014-10-01 20:00:00,1.261245
2014-10-02 00:00:00,1.2620783333333334
2014-10-02 04:00:00,1.2644641666666667
2014-10-02 08:00:00,1.2635716666666668
2014-10-02 12:00:00,1.2637800000000001
2014-10-02 16:00:00,1.2660375
2014-10-02 20:00:00,1.2672291666666666
2014-10-03 00:00:00,1.2667041666666665
2014-10-03 04:00:00,1.2656275000000001
2014-10-03 08:00:00,1.2643441666666666
2014-10-03 12:00:00,1.2603925
2014-10-03 16:00:00,1.2515583333333333
2014-10-03 20:00:00,1.2511341666666667
2014-10-06 00:00:00,1.2512
2014-10-06 04:00:00,1.2516908333333334
2014-10-06 08:00:00,1.25302
2014-10-06 12:00:00,1.2552866666666667
2014-10-06 16:00:00,1.2572625
2014-10-06 20:00:00,1.2629566666666667
2014-10-07 00:00:00,1.2645891666666667
2014-10-07 04:00:00,1.2616708333333333
2014-10-07 08:00:00,1.2630091666666667
2014-10-07 12:00:00,1.2605175
2014-10-07 16:00:00,1.2633833333333333
2014-10-07 20:00:00,1.2657825
2014-10-08 00:00:00,1.2663783333333332
2014-10-08 04:00:00,1.263755
2014-10-08 08:00:00,1.2642241666666667
2014-10-08 12:00:00,1.2660083333333332
2014-10-08 16:00:00,1.2677508333333334
2014-10-08 20:00:00,1.2710908333333333
2014-10-09 00:00:00,1.2733316666666668
2014-10-09 04:00:00,1.2738716666666665
2014-10-09 08:00:00,1.2759908333333334
2014-10-09 12:00:00,1.27583
2014-10-09 16:00:00,1.2702166666666668
2014-10-09 20:00:00,1.2686383333333335
2014-10-10 00:00:00,1.2688466666666667
2014-10-10 04:00:00,1.2700191666666667
2014-10-10 08:00:00,1.2682191666666667
2014-10-10 12:00:00,1.2656408333333333
2014-10-10 16:00:00,1.2632908333333335
2014-10-10 20:00:00,1.2620775
2014-10-13 00:00:00,1.2636925
2014-10-13 04:00:00,1.2684508333333333
2014-10-13 08:00:00,1.26715
2014-10-13 12:00:00,1.2683233333333335
2014-10-13 16:00:00,1.2681791666666666
2014-10-13 20:00:00,1.2692633333333332
2014-10-14 00:00:00,1.2733808333333334
2014-10-14 04:00:00,1.2723
2014-10-14 08:00:00,1.2703383333333331
2014-10-14 12:00:00,1.2653558333333335
2014-10-14 16:00:00,1.2661033333333334
2014-10-14 20:00:00,1.2653424999999998
2014-10-15 00:00:00,1.2645633333333335
2014-10-15 04:00:00,1.2638991666666668
2014-10-15 08:00:00,1.26485
2014-10-15 12:00:00,1.2668125
2014-10-15 16:00:00,1.2782641666666668
2014-10-15 20:00:00,1.2796975000000002
2014-10-16 00:00:00,1.2822966666666666
2014-10-16 04:00:00,1.282585
2014-10-16 08:00:00,1.2801558333333332
2014-10-16 12:00:00,1.27516
2014-10-16 16:00:00,1.278405
2014-10-16 20:00:00,1.2805608333333334
2014-10-17 00:00:00,1.2804275
2014-10-17 04:00:00,1.2800783333333334
2014-10-17 08:00:00,1.280005
2014-10-17 12:00:00,1.2816091666666667
2014-10-17 16:00:00,1.2764916666666668
2014-10-17 20:00:00,1.2766391666666665
2014-10-20 00:00:00,1.2748633333333332
2014-10-20 04:00:00,1.275995
2014-10-20 08:00:00,1.2754491666666667
2014-10-20 12:00:00,1.2770425
2014-10-20 16:00:00,1.2777825
2014-10-20 20:00:00,1.2801916666666666
2014-10-21 00:00:00,1.27942
2014-10-21 04:00:00,1.280395
2014-10-21 08:00:00,1.2820783333333332
2014-10-21 12:00:00,1.2767483333333334
2014-10-21 16:00:00,1.2731308333333333
2014-10-21 20:00:00,1.2724258333333334
2014-10-22 00:00:00,1.2711733333333333
2014-10-22 04:00:00,1.2723108333333333
2014-10-22 08:00:00,1.2716775
2014-10-22 12:00:00,1.2691050000000001
2014-10-22 16:00:00,1.2662099999999998
2014-10-22 20:00:00,1.2647958333333333
2014-10-23 00:00:00,1.264305
2014-10-23 04:00:00,1.2636533333333335
2014-10-23 08:00:00,1.26429
2014-10-23 12:00:00,1.2663533333333334
2014-10-23 16:00:00,1.2649241666666666
2014-10-23 20:00:00,1.2647375
2014-10-24 00:00:00,1.2649441666666668
2014-10-24 04:00:00,1.2654474999999998
2014-10-24 08:00:00,1.2649525
2014-10-24 12:00:00,1.2655075
2014-10-24 16:00:00,1.2672108333333334
2014-10-24 20:00:00,1.2667541666666668
2014-10-27 00:00:00,1.2677608333333334
2014-10-27 04:00:00,1.2702191666666667
2014-10-27 08:00:00,1.2696841666666667
2014-10-27 12:00:00,1.2679858333333331
2014-10-27 16:00:00,1.2701708333333332
2014-10-27 20:00:00,1.27047
2014-10-28 00:00:00,1.2699191666666667
2014-10-28 04:00:00,1.2708400000000002
2014-10-28 08:00:00,1.2704133333333334
2014-10-28 12:00:00,1.2705666666666668
2014-10-28 16:00:00,1.2743775
2014-10-28 20:00:00,1.2737741666666667
2014-10-29 00:00:00,1.2734516666666666
2014-10-29 04:00:00,1.2735516666666666
2014-10-29 08:00:00,1.2736158333333334
2014-10-29 12:00:00,1.2734524999999999
2014-10-29 16:00:00,1.2753241666666666
2014-10-29 20:00:00,1.2669508333333332
2014-10-30 00:00:00,1.2631941666666666
2014-10-30 04:00:00,1.2619075
2014-10-30 08:00:00,1.2589808333333334
2014-10-30 12:00:00,1.2584591666666667
2014-10-30 16:00:00,1.2615341666666668
2014-10-30 20:00:00,1.2609599999999999
2014-10-31 00:00:00,1.2608350000000002
2014-10-31 04:00:00,1.2598066666666667
2014-10-31 08:00:00,1.2568116666666664
2014-10-31 12:00:00,1.25645
2014-10-31 16:00:00,1.2515916666666667
2014-10-31 20:00:00,1.2529883333333334
2014-11-03 00:00:00,1.2501433333333334
2014-11-03 04:00:00,1.2475325
2014-11-03 08:00:00,1.2491216666666667
2014-11-03 12:00:00,1.2497816666666666
2014-11-03 16:00:00,1.2492083333333333
2014-11-03 20:00:00,1.2485191666666666
2014-11-04 00:00:00,1.2489916666666667
2014-11-04 04:00:00,1.2511508333333332
2014-11-04 08:00:00,1.2514316666666667
2014-11-04 12:00:00,1.2513758333333334
2014-11-04 16:00:00,1.2535458333333334
2014-11-04 20:00:00,1.2549291666666667
2014-11-05 00:00:00,1.2549641666666667
2014-11-05 04:00:00,1.255785
2014-11-05 08:00:00,1.2527375
2014-11-05 12:00:00,1.2481583333333335
2014-11-05 16:00:00,1.2484275
2014-11-05 20:00:00,1.2482725
2014-11-06 00:00:00,1.2478975
2014-11-06 04:00:00,1.2490241666666666
2014-11-06 08:00:00,1.2514758333333331
2014-11-06 12:00:00,1.2515516666666666
2014-11-06 16:00:00,1.2431375
2014-11-06 20:00:00,1.2389958333333333
2014-11-07 00:00:00,1.2375891666666667
2014-11-07 04:00:00,1.2377716666666667
2014-11-07 08:00:00,1.2383541666666666
2014-11-07 12:00:00,1.2396266666666667
2014-11-07 16:00:00,1.2412283333333334
2014-11-07 20:00:00,1.244289166666667
2014-11-10 00:00:00,1.2461125
2014-11-10 04:00:00,1.247665
2014-11-10 08:00:00,1.2476141666666667
2014-11-10 12:00:00,1.2490466666666666
2014-11-10 16:00:00,1.2451875
2014-11-10 20:00:00,1.2425450000000002
2014-11-11 00:00:00,1.2424375
2014-11-11 04:00:00,1.2431083333333333
2014-11-11 08:00:00,1.2415125000000002
2014-11-11 12:00:00,1.2411225
2014-11-11 16:00:00,1.2429658333333333
2014-11-11 20:00:00,1.2474391666666667
2014-11-12 00:00:00,1.247045
2014-11-12 04:00:00,1.2463366666666666
2014-11-12 08:00:00,1.2480366666666667
2014-11-12 12:00:00,1.2458525
2014-11-12 16:00:00,1.246615
2014-11-12 20:00:00,1.2433491666666667
2014-11-13 00:00:00,1.24328
2014-11-13 04:00:00,1.24416
2014-11-13 08:00:00,1.2449625
2014-11-13 12:00:00,1.2463625
2014-11-13 16:00:00,1.2468916666666667
2014-11-13 20:00:00,1.2475108333333333
2014-11-14 00:00:00,1.2472408333333334
2014-11-14 04:00:00,1.2455391666666666
2014-11-14 08:00:00,1.2443708333333334
2014-11-14 12:00:00,1.2454216666666666
2014-11-14 16:00:00,1.2444683333333333
2014-11-14 20:00:00,1.2523208333333333
2014-11-17 00:00:00,1.2522799999999998
2014-11-17 04:00:00,1.2552158333333334
2014-11-17 08:00:00,1.2534858333333334
2014-11-17 12:00:00,1.2495
2014-11-17 16:00:00,1.2469033333333333
2014-11-17 20:00:00,1.24515
2014-11-18 00:00:00,1.2450708333333333
2014-11-18 04:00:00,1.2470991666666666
2014-11-18 08:00:00,1.247915
2014-11-18 12:00:00,1.2512075
2014-11-18 16:00:00,1.2523183333333332
2014-11-18 20:00:00,1.2534333333333334
2014-11-19 00:00:00,1.2530525
2014-11-19 04:00:00,1.2519341666666666
2014-11-19 08:00:00,1.2528366666666666
2014-11-19 12:00:00,1.2535291666666666
2014-11-19 16:00:00,1.2546716666666669
2014-11-19 20:00:00,1.2550525000000001
2014-11-20 00:00:00,1.2544133333333334
2014-11-20 04:00:00,1.254105
2014-11-20 08:00:00,1.2538266666666666
2014-11-20 12:00:00,1.252805
2014-11-20 16:00:00,1.2539833333333332
2014-11-20 20:00:00,1.2544149999999998
2014-11-21 00:00:00,1.2542016666666667
2014-11-21 04:00:00,1.2557458333333333
2014-11-21 08:00:00,1.2532616666666667
2014-11-21 12:00:00,1.2434333333333334
2014-11-21 16:00:00,1.2413916666666667
2014-11-21 20:00:00,1.2386166666666667
2014-11-24 00:00:00,1.2375950000000002
2014-11-24 04:00:00,1.2388091666666665
2014-11-24 08:00:00,1.2393483333333335
2014-11-24 12:00:00,1.24042
2014-11-24 16:00:00,1.2423975
2014-11-24 20:00:00,1.2434125
2014-11-25 00:00:00,1.2435533333333333
2014-11-25 04:00:00,1.2424958333333334
2014-11-25 08:00:00,1.2426508333333333
2014-11-25 12:00:00,1.2432458333333334
2014-11-25 16:00:00,1.2451658333333333
2014-11-25 20:00:00,1.24707
2014-11-26 00:00:00,1.2475525
2014-11-26 04:00:00,1.2471883333333333
2014-11-26 08:00:00,1.2473608333333333
2014-11-26 12:00:00,1.2460833333333334
2014-11-26 16:00:00,1.2502208333333333
2014-11-26 20:00:00,1.2509241666666666
2014-11-27 00:00:00,1.25042
2014-11-27 04:00:00,1.2503375
2014-11-27 08:00:00,1.2504308333333334
2014-11-27 12:00:00,1.2476833333333333
2014-11-27 16:00:00,1.2483508333333333
2014-11-27 20:00:00,1.2469558333333333
2014-11-28 00:00:00,1.2459625
2014-11-28 04:00:00,1.2452633333333334
2014-11-28 08:00:00,1.2445283333333335
2014-11-28 12:00:00,1.2458683333333334
2014-11-28 16:00:00,1.2466133333333334
2014-11-28 20:00:00,1.2438791666666666
2014-12-01 00:00:00,1.2441716666666665
2014-12-01 04:00:00,1.2446525
2014-12-01 08:00:00,1.2443666666666666
2014-12-01 12:00:00,1.2463275
2014-12-01 16:00:00,1.2484008333333332
2014-12-01 20:00:00,1.2482341666666668
2014-12-02 00:00:00,1.2470766666666666
2014-12-02 04:00:00,1.246575
2014-12-02 08:00:00,1.2456316666666667
2014-12-02 12:00:00,1.2436783333333332
2014-12-02 16:00:00,1.2406524999999997
2014-12-02 20:00:00,1.2382775
2014-12-03 00:00:00,1.238355
2014-12-03 04:00:00,1.2385666666666666
2014-12-03 08:00:00,1.2365758333333332
2014-12-03 12:00:00,1.2330241666666666
2014-12-03 16:00:00,1.231815
2014-12-03 20:00:00,1.2307074999999998
2014-12-04 00:00:00,1.2310616666666667
2014-12-04 04:00:00,1.2309666666666668
2014-12-04 08:00:00,1.23071
2014-12-04 12:00:00,1.2313258333333335
2014-12-04 16:00:00,1.2399075
2014-12-04 20:00:00,1.2375175
2014-12-05 00:00:00,1.2382416666666667
2014-12-05 04:00:00,1.2378758333333333
2014-12-05 08:00:00,1.2374391666666666
2014-12-05 12:00:00,1.23599
2014-12-05 16:00:00,1.2300116666666665
2014-12-05 20:00:00,1.2290083333333333
2014-12-08 00:00:00,1.2287891666666666
2014-12-08 04:00:00,1.2289941666666666
2014-12-08 08:00:00,1.2278358333333332
2014-12-08 12:00:00,1.2258
2014-12-08 16:00:00,1.2280133333333334
2014-12-08 20:00:00,1.2318516666666666
2014-12-09 00:00:00,1.2312041666666667
2014-12-09 04:00:00,1.2304983333333332
2014-12-09 08:00:00,1.2334924999999999
2014-12-09 12:00:00,1.2355075000000002
2014-12-09 16:00:00,1.2403033333333333
2014-12-09 20:00:00,1.2383775
2014-12-10 00:00:00,1.2378591666666667
2014-12-10 04:00:00,1.2376624999999999
2014-12-10 08:00:00,1.2387708333333334
2014-12-10 12:00:00,1.2380666666666666
2014-12-10 16:00:00,1.2407875
2014-12-10 20:00:00,1.243558333333333
2014-12-11 00:00:00,1.2461316666666666
2014-12-11 04:00:00,1.2455466666666668
2014-12-11 08:00:00,1.2455091666666667
2014-12-11 12:00:00,1.2442674999999999
2014-12-11 16:00:00,1.2396408333333333
2014-12-11 20:00:00,1.2383783333333334
2014-12-12 00:00:00,1.2400383333333334
2014-12-12 04:00:00,1.2396066666666667
2014-12-12 08:00:00,1.2399591666666665
2014-12-12 12:00:00,1.2440341666666666
2014-12-12 16:00:00,1.2459041666666666
2014-12-12 20:00:00,1.2455583333333333
2014-12-15 00:00:00,1.246205
2014-12-15 04:00:00,1.2445283333333332
2014-12-15 08:00:00,1.2448358333333334
2014-12-15 12:00:00,1.2425041666666665
2014-12-15 16:00:00,1.2434850000000002
2014-12-15 20:00:00,1.2438741666666666
2014-12-16 00:00:00,1.2439908333333334
2014-12-16 04:00:00,1.244955833333333
2014-12-16 08:00:00,1.2456891666666667
2014-12-16 12:00:00,1.2520191666666667
2014-12-16 16:00:00,1.2516175
2014-12-16 20:00:00,1.2501875
2014-12-17 00:00:00,1.2508683333333332
2014-12-17 04:00:00,1.2498883333333333
2014-12-17 08:00:00,1.2476358333333333
2014-12-17 12:00:00,1.2456891666666665
2014-12-17 16:00:00,1.2433366666666665
2014-12-17 20:00:00,1.2383416666666667
2014-12-18 00:00:00,1.2335500000000001
2014-12-18 04:00:00,1.2342499999999998
2014-12-18 08:00:00,1.2326325
2014-12-18 12:00:00,1.2312725
2014-12-18 16:00:00,1.2280241666666667
2014-12-18 20:00:00,1.2281058333333335
2014-12-19 00:00:00,1.2284066666666666
2014-12-19 04:00:00,1.22799
2014-12-19 08:00:00,1.2284425
2014-12-19 12:00:00,1.2270466666666666
2014-12-19 16:00:00,1.2271333333333332
2014-12-19 20:00:00,1.2228925
2014-12-22 00:00:00,1.2224383333333333
2014-12-22 04:00:00,1.2240275
2014-12-22 08:00:00,1.2253666666666665
2014-12-22 12:00:00,1.2260641666666667
2014-12-22 16:00:00,1.2256316666666667
2014-12-22 20:00:00,1.2236058333333333
2014-12-23 00:00:00,1.222575
2014-12-23 04:00:00,1.2230191666666665
2014-12-23 08:00:00,1.223095
2014-12-23 12:00:00,1.2226983333333332
2014-12-23 16:00:00,1.2180475
2014-12-23 20:00:00,1.2174141666666667
2014-12-24 00:00:00,1.21745
2014-12-24 04:00:00,1.2175758333333333
2014-12-24 08:00:00,1.2182916666666668
2014-12-24 12:00:00,1.219845
2014-12-24 16:00:00,1.2195008333333335
2014-12-26 00:00:00,1.2208566666666667
2014-12-26 04:00:00,1.2216691666666666
2014-12-26 08:00:00,1.22068
2014-12-26 12:00:00,1.2189875000000001
2014-12-26 16:00:00,1.2174008333333335
2014-12-26 20:00:00,1.2176491666666667
2014-12-29 00:00:00,1.2175858333333334
2014-12-29 04:00:00,1.2187983333333334
2014-12-29 08:00:00,1.2186558333333333
2014-12-29 12:00:00,1.2196258333333332
2014-12-29 16:00:00,1.2191591666666668
2014-12-29 20:00:00,1.2159499999999999
2014-12-30 00:00:00,1.2153858333333334
2014-12-30 04:00:00,1.2141716666666666
2014-12-30 08:00:00,1.2148225
2014-12-30 12:00:00,1.2159325
2014-12-30 16:00:00,1.2168033333333335
2014-12-30 20:00:00,1.2157433333333334
2014-12-31 00:00:00,1.2156983333333333
2014-12-31 04:00:00,1.2162966666666666
2014-12-31 08:00:00,1.2152941666666666
2014-12-31 12:00:00,1.2151358333333333
2014-12-31 16:00:00,1.2118324999999999
2015-01-02 00:00:00,1.2091291666666668
2015-01-02 04:00:00,1.2057841666666667
2015-01-02 08:00:00,1.2051583333333333
2015-01-02 12:00:00,1.2048966666666667
2015-01-02 16:00:00,1.2023216666666665
2015-01-02 20:00:00,1.2007700000000001
2015-01-05 00:00:00,1.1956266666666666
2015-01-05 04:00:00,1.195115
2015-01-05 08:00:00,1.1947033333333335
2015-01-05 12:00:00,1.1923350000000001
2015-01-05 16:00:00,1.1922833333333334
2015-01-05 20:00:00,1.1931283333333333
2015-01-06 00:00:00,1.1935091666666668
2015-01-06 04:00:00,1.1944608333333333
2015-01-06 08:00:00,1.1950224999999999
2015-01-06 12:00:00,1.1905124999999999
2015-01-06 16:00:00,1.1913525
2015-01-06 20:00:00,1.1920483333333332
2015-01-07 00:00:00,1.1875416666666667
2015-01-07 04:00:00,1.1873625
2015-01-07 08:00:00,1.1874191666666665
2015-01-07 12:00:00,1.1844999999999999
2015-01-07 16:00:00,1.1818766666666667
2015-01-07 20:00:00,1.1833566666666666
2015-01-08 00:00:00,1.1835975
2015-01-08 04:00:00,1.1825
2015-01-08 08:00:00,1.1814458333333333
2015-01-08 12:00:00,1.1775033333333333
2015-01-08 16:00:00,1.17904
2015-01-08 20:00:00,1.1797741666666668
2015-01-09 00:00:00,1.1791175
2015-01-09 04:00:00,1.180415
2015-01-09 08:00:00,1.1800308333333334
2015-01-09 12:00:00,1.1812216666666668
2015-01-09 16:00:00,1.1806516666666667
2015-01-09 20:00:00,1.1836983333333333
2015-01-12 00:00:00,1.1855991666666668
2015-01-12 04:00:00,1.185365
2015-01-12 08:00:00,1.1849608333333332
2015-01-12 12:00:00,1.1801375
2015-01-12 16:00:00,1.1822933333333332
2015-01-12 20:00:00,1.1834416666666667
2015-01-13 00:00:00,1.1832016666666667
2015-01-13 04:00:00,1.1843083333333335
2015-01-13 08:00:00,1.1832116666666668
2015-01-13 12:00:00,1.1797525
2015-01-13 16:00:00,1.1775083333333334
2015-01-13 20:00:00,1.1773025
2015-01-14 00:00:00,1.1773775
2015-01-14 04:00:00,1.177535
2015-01-14 08:00:00,1.1791383333333332
2015-01-14 12:00:00,1.1752808333333336
2015-01-14 16:00:00,1.179965
2015-01-14 20:00:00,1.178605
2015-01-15 00:00:00,1.1784383333333333
2015-01-15 04:00:00,1.1778191666666666
2015-01-15 08:00:00,1.1768725
2015-01-15 12:00:00,1.1701933333333332
2015-01-15 16:00:00,1.1638316666666668
2015-01-15 20:00:00,1.1610624999999999
2015-01-16 00:00:00,1.1624633333333332
2015-01-16 04:00:00,1.1630333333333334
2015-01-16 08:00:00,1.1629983333333334
2015-01-16 12:00:00,1.16028
2015-01-16 16:00:00,1.1539058333333334
2015-01-16 20:00:00,1.1554866666666666
2015-01-19 00:00:00,1.1560925
2015-01-19 04:00:00,1.1561083333333333
2015-01-19 08:00:00,1.1565633333333334
2015-01-19 12:00:00,1.1600625
2015-01-19 16:00:00,1.1620008333333334
2015-01-19 20:00:00,1.1608583333333333
2015-01-20 00:00:00,1.1598558333333333
2015-01-20 04:00:00,1.1580983333333335
2015-01-20 08:00:00,1.1580466666666667
2015-01-20 12:00:00,1.1592283333333333
2015-01-20 16:00:00,1.1581575
2015-01-20 20:00:00,1.1549575
2015-01-21 00:00:00,1.154985
2015-01-21 04:00:00,1.15645
2015-01-21 08:00:00,1.1569833333333333
2015-01-21 12:00:00,1.1576141666666666
2015-01-21 16:00:00,1.1611466666666668
2015-01-21 20:00:00,1.1579016666666666
2015-01-22 00:00:00,1.1608100000000001
2015-01-22 04:00:00,1.1602625
2015-01-22 08:00:00,1.1588558333333334
2015-01-22 12:00:00,1.16223
2015-01-22 16:00:00,1.147915
2015-01-22 20:00:00,1.1377091666666668
2015-01-23 00:00:00,1.135465
2015-01-23 04:00:00,1.1360108333333332
2015-01-23 08:00:00,1.1324516666666664
2015-01-23 12:00:00,1.1211125
2015-01-23 16:00:00,1.1243416666666666
2015-01-23 20:00:00,1.1237708333333334
2015-01-26 00:00:00,1.1163133333333333
2015-01-26 04:00:00,1.1168958333333334
2015-01-26 08:00:00,1.1211725000000001
2015-01-26 12:00:00,1.1237333333333333
2015-01-26 16:00:00,1.1266491666666667
2015-01-26 20:00:00,1.1271416666666667
2015-01-27 00:00:00,1.12405
2015-01-27 04:00:00,1.1242891666666668
2015-01-27 08:00:00,1.125775
2015-01-27 12:00:00,1.1293933333333332
2015-01-27 16:00:00,1.1364166666666666
2015-01-27 20:00:00,1.1362258333333333
2015-01-28 00:00:00,1.1367975000000001
2015-01-28 04:00:00,1.1337358333333334
2015-01-28 08:00:00,1.1352058333333335
2015-01-28 12:00:00,1.1357941666666664
2015-01-28 16:00:00,1.1334783333333334
2015-01-28 20:00:00,1.1327958333333332
2015-01-29 00:00:00,1.1283441666666667
2015-01-29 04:00:00,1.1279741666666665
2015-01-29 08:00:00,1.1280700000000001
2015-01-29 12:00:00,1.1305833333333333
2015-01-29 16:00:00,1.1326216666666666
2015-01-29 20:00:00,1.1308025
2015-01-30 00:00:00,1.1325299999999998
2015-01-30 04:00:00,1.1327941666666668
2015-01-30 08:00:00,1.1335183333333332
2015-01-30 12:00:00,1.132975
2015-01-30 16:00:00,1.1302325
2015-01-30 20:00:00,1.1292783333333334
2015-02-02 00:00:00,1.1301883333333334
2015-02-02 04:00:00,1.1312691666666668
2015-02-02 08:00:00,1.1311458333333335
2015-02-02 12:00:00,1.1332041666666668
2015-02-02 16:00:00,1.1331
2015-02-02 20:00:00,1.1340108333333334
2015-02-03 00:00:00,1.13394
2015-02-03 04:00:00,1.1338533333333334
2015-02-03 08:00:00,1.1332141666666669
2015-02-03 12:00:00,1.1340975
2015-02-03 16:00:00,1.1437849999999998
2015-02-03 20:00:00,1.1483691666666667
2015-02-04 00:00:00,1.1467083333333334
2015-02-04 04:00:00,1.1464108333333334
2015-02-04 08:00:00,1.1468475
2015-02-04 12:00:00,1.1451475
2015-02-04 16:00:00,1.1423816666666666
2015-02-04 20:00:00,1.1412666666666667
2015-02-05 00:00:00,1.1333666666666669
2015-02-05 04:00:00,1.1349925
2015-02-05 08:00:00,1.1357225
2015-02-05 12:00:00,1.1412941666666667
2015-02-05 16:00:00,1.1425991666666666
2015-02-05 20:00:00,1.1471141666666667
2015-02-06 00:00:00,1.1474033333333333
2015-02-06 04:00:00,1.1466208333333334
2015-02-06 08:00:00,1.1458708333333334
2015-02-06 12:00:00,1.1447483333333333
2015-02-06 16:00:00,1.1357733333333333
2015-02-06 20:00:00,1.1318775
2015-02-09 00:00:00,1.1312366666666667
2015-02-09 04:00:00,1.1332033333333333
2015-02-09 08:00:00,1.1335633333333333
2015-02-09 12:00:00,1.1317050000000002
2015-02-09 16:00:00,1.1315891666666666
2015-02-09 20:00:00,1.1331600000000002
2015-02-10 00:00:00,1.1326616666666667
2015-02-10 04:00:00,1.1334233333333334
2015-02-10 08:00:00,1.1327316666666667
2015-02-10 12:00:00,1.1289066666666665
2015-02-10 16:00:00,1.1309741666666666
2015-02-10 20:00:00,1.1315675
2015-02-11 00:00:00,1.1316625
2015-02-11 04:00:00,1.1322858333333334
2015-02-11 08:00:00,1.1316041666666667
2015-02-11 12:00:00,1.1310008333333335
2015-02-11 16:00:00,1.1303666666666667
2015-02-11 20:00:00,1.1297133333333333
2015-02-12 00:00:00,1.1320066666666666
2015-02-12 04:00:00,1.131205
2015-02-12 08:00:00,1.132025
2015-02-12 12:00:00,1.1337691666666667
2015-02-12 16:00:00,1.13738
2015-02-12 20:00:00,1.140045
2015-02-13 00:00:00,1.1402308333333333
2015-02-13 04:00:00,1.1407383333333334
2015-02-13 08:00:00,1.1430366666666667
2015-02-13 12:00:00,1.1411975
2015-02-13 16:00:00,1.14017
2015-02-13 20:00:00,1.1396141666666666
2015-02-16 00:00:00,1.13958
2015-02-16 04:00:00,1.1413516666666668
2015-02-16 08:00:00,1.1417866666666667
2015-02-16 12:00:00,1.1410658333333334
2015-02-16 16:00:00,1.140005
2015-02-16 20:00:00,1.1345025
2015-02-17 00:00:00,1.1341291666666666
2015-02-17 04:00:00,1.1349575
2015-02-17 08:00:00,1.1353333333333333
2015-02-17 12:00:00,1.1408408333333333
2015-02-17 16:00:00,1.1404108333333332
2015-02-17 20:00:00,1.1409850000000001
2015-02-18 00:00:00,1.1406933333333333
2015-02-18 04:00:00,1.1403716666666668
2015-02-18 08:00:00,1.1398908333333333
2015-02-18 12:00:00,1.1383774999999998
2015-02-18 16:00:00,1.1361175
2015-02-18 20:00:00,1.1363025
2015-02-19 00:00:00,1.1398925
2015-02-19 04:00:00,1.1416441666666666
2015-02-19 08:00:00,1.14186
2015-02-19 12:00:00,1.1394575
2015-02-19 16:00:00,1.1380933333333334
2015-02-19 20:00:00,1.1368058333333333
2015-02-20 00:00:00,1.1363258333333333
2015-02-20 04:00:00,1.1366233333333333
2015-02-20 08:00:00,1.13524
2015-02-20 12:00:00,1.1324716666666665
2015-02-20 16:00:00,1.1326516666666666
2015-02-20 20:00:00,1.1392325
2015-02-23 00:00:00,1.1377541666666666
2015-02-23 04:00:00,1.1381825
2015-02-23 08:00:00,1.1364383333333334
2015-02-23 12:00:00,1.1309883333333333
2015-02-23 16:00:00,1.1331741666666666
2015-02-23 20:00:00,1.13356
2015-02-24 00:00:00,1.13344
2015-02-24 04:00:00,1.1333383333333336
2015-02-24 08:00:00,1.1328241666666667
2015-02-24 12:00:00,1.131485
2015-02-24 16:00:00,1.1325158333333332
2015-02-24 20:00:00,1.1335766666666667
2015-02-25 00:00:00,1.1340683333333335
2015-02-25 04:00:00,1.1346108333333333
2015-02-25 08:00:00,1.1359916666666665
2015-02-25 12:00:00,1.135405
2015-02-25 16:00:00,1.1352025000000001
2015-02-25 20:00:00,1.1358958333333333
2015-02-26 00:00:00,1.1361441666666667
2015-02-26 04:00:00,1.1366741666666667
2015-02-26 08:00:00,1.1360733333333333
2015-02-26 12:00:00,1.1352341666666668
2015-02-26 16:00:00,1.12337
2015-02-26 20:00:00,1.1196691666666667
2015-02-27 00:00:00,1.119995
2015-02-27 04:00:00,1.1208
2015-02-27 08:00:00,1.1210625
2015-02-27 12:00:00,1.1226358333333333
2015-02-27 16:00:00,1.1209624999999999
2015-02-27 20:00:00,1.1194791666666668
2015-03-02 00:00:00,1.117615
2015-03-02 04:00:00,1.1173858333333333
2015-03-02 08:00:00,1.1179775
2015-03-02 12:00:00,1.1218025
2015-03-02 16:00:00,1.1207891666666665
2015-03-02 20:00:00,1.1184841666666667
2015-03-03 00:00:00,1.1180066666666666
2015-03-03 04:00:00,1.1191775
2015-03-03 08:00:00,1.1196608333333333
2015-03-03 12:00:00,1.1167658333333335
2015-03-03 16:00:00,1.11867
2015-03-03 20:00:00,1.1188808333333333
2015-03-04 00:00:00,1.1178041666666667
2015-03-04 04:00:00,1.1174516666666665
2015-03-04 08:00:00,1.1162641666666668
2015-03-04 12:00:00,1.1126558333333334
2015-03-04 16:00:00,1.1094733333333335
2015-03-04 20:00:00,1.1071583333333335
2015-03-05 00:00:00,1.1077958333333333
2015-03-05 04:00:00,1.1069191666666667
2015-03-05 08:00:00,1.1046866666666668
2015-03-05 12:00:00,1.1047925
2015-03-05 16:00:00,1.1032866666666665
2015-03-05 20:00:00,1.1019808333333332
2015-03-06 00:00:00,1.1026583333333333
2015-03-06 04:00:00,1.1024800000000001
2015-03-06 08:00:00,1.10161
2015-03-06 12:00:00,1.0962691666666666
2015-03-06 16:00:00,1.0876758333333334
2015-03-06 20:00:00,1.0852541666666666
2015-03-09 00:00:00,1.083785
2015-03-09 04:00:00,1.0840458333333334
2015-03-09 08:00:00,1.0858891666666666
2015-03-09 12:00:00,1.0874366666666666
2015-03-09 16:00:00,1.0852033333333333
2015-03-09 20:00:00,1.08548
2015-03-10 00:00:00,1.0841683333333334
2015-03-10 04:00:00,1.0814133333333333
2015-03-10 08:00:00,1.0791024999999999
2015-03-10 12:00:00,1.074985
2015-03-10 16:00:00,1.0738541666666668
2015-03-10 20:00:00,1.0703925
2015-03-11 00:00:00,1.0692925
2015-03-11 04:00:00,1.0688316666666666
2015-03-11 08:00:00,1.0678883333333333
2015-03-11 12:00:00,1.0596533333333333
2015-03-11 16:00:00,1.0582449999999999
2015-03-11 20:00:00,1.0540258333333332
2015-03-12 00:00:00,1.0545741666666666
2015-03-12 04:00:00,1.0517283333333334
2015-03-12 08:00:00,1.0574541666666666
2015-03-12 12:00:00,1.0619458333333334
2015-03-12 16:00:00,1.0616750000000001
2015-03-12 20:00:00,1.0613116666666667
2015-03-13 00:00:00,1.0621491666666667
2015-03-13 04:00:00,1.0609908333333333
2015-03-13 08:00:00,1.0599733333333334
2015-03-13 12:00:00,1.0587883333333332
2015-03-13 16:00:00,1.052295
2015-03-13 20:00:00,1.0482666666666667
2015-03-16 00:00:00,1.0488933333333332
2015-03-16 04:00:00,1.0518116666666666
2015-03-16 08:00:00,1.0527633333333335
2015-03-16 12:00:00,1.0535299999999999
2015-03-16 16:00:00,1.058515
2015-03-16 20:00:00,1.0581383333333334
2015-03-17 00:00:00,1.0567941666666667
2015-03-17 04:00:00,1.0564058333333333
2015-03-17 08:00:00,1.05822
2015-03-17 12:00:00,1.0608491666666666
2015-03-17 16:00:00,1.0614491666666668
2015-03-17 20:00:00,1.0594341666666667
2015-03-18 00:00:00,1.0595491666666668
2015-03-18 04:00:00,1.0605416666666665
2015-03-18 08:00:00,1.0596225
2015-03-18 12:00:00,1.0608466666666665
2015-03-18 16:00:00,1.0623708333333333
2015-03-18 20:00:00,1.0769675
2015-03-19 00:00:00,1.08473
2015-03-19 04:00:00,1.0802141666666667
2015-03-19 08:00:00,1.0735891666666666
2015-03-19 12:00:00,1.0686191666666667
2015-03-19 16:00:00,1.0648058333333332
2015-03-19 20:00:00,1.0639308333333335
2015-03-20 00:00:00,1.0662933333333333
2015-03-20 04:00:00,1.0683116666666668
2015-03-20 08:00:00,1.0677391666666667
2015-03-20 12:00:00,1.0703558333333334
2015-03-20 16:00:00,1.0795141666666668
2015-03-20 20:00:00,1.0825483333333334
2015-03-23 00:00:00,1.0836175000000001
2015-03-23 04:00:00,1.0804058333333333
2015-03-23 08:00:00,1.0800766666666666
2015-03-23 12:00:00,1.0860883333333333
2015-03-23 16:00:00,1.0919433333333333
2015-03-23 20:00:00,1.09454
2015-03-24 00:00:00,1.0947716666666667
2015-03-24 04:00:00,1.0918275
2015-03-24 08:00:00,1.0942066666666665
2015-03-24 12:00:00,1.0980474999999998
2015-03-24 16:00:00,1.0919858333333332
2015-03-24 20:00:00,1.0921591666666668
2015-03-25 00:00:00,1.0913616666666668
2015-03-25 04:00:00,1.092965
2015-03-25 08:00:00,1.0933808333333332
2015-03-25 12:00:00,1.0974025
2015-03-25 16:00:00,1.0972816666666667
2015-03-25 20:00:00,1.0965316666666667
2015-03-26 00:00:00,1.0966175
2015-03-26 04:00:00,1.0976175000000001
2015-03-26 08:00:00,1.099985
2015-03-26 12:00:00,1.1009541666666667
2015-03-26 16:00:00,1.0933275
2015-03-26 20:00:00,1.087925
2015-03-27 00:00:00,1.0879741666666667
2015-03-27 04:00:00,1.0879966666666667
2015-03-27 08:00:00,1.0851958333333334
2015-03-27 12:00:00,1.0841475
2015-03-27 16:00:00,1.0884858333333334
2015-03-27 20:00:00,1.0900916666666667
2015-03-30 00:00:00,1.0882016666666665
2015-03-30 04:00:00,1.0869883333333334
2015-03-30 08:00:00,1.0857208333333332
2015-03-30 12:00:00,1.0840591666666668
2015-03-30 16:00:00,1.0827083333333334
2015-03-30 20:00:00,1.082135
2015-03-31 00:00:00,1.0828341666666665
2015-03-31 04:00:00,1.0812283333333335
2015-03-31 08:00:00,1.0765483333333334
2015-03-31 12:00:00,1.0739066666666666
2015-03-31 16:00:00,1.0739825
2015-03-31 20:00:00,1.0739883333333333
2015-04-01 00:00:00,1.0741133333333333
2015-04-01 04:00:00,1.0777516666666667
2015-04-01 08:00:00,1.0759975
2015-04-01 12:00:00,1.0753766666666666
2015-04-01 16:00:00,1.0764175
2015-04-01 20:00:00,1.0764858333333334
2015-04-02 00:00:00,1.0764708333333335
2015-04-02 04:00:00,1.07655
2015-04-02 08:00:00,1.080785
2015-04-02 12:00:00,1.0826808333333333
2015-04-02 16:00:00,1.0876791666666665
2015-04-02 20:00:00,1.0886116666666668
2015-04-03 00:00:00,1.0873541666666666
2015-04-03 04:00:00,1.0871258333333333
2015-04-03 08:00:00,1.0877966666666667
2015-04-03 12:00:00,1.0909024999999999
2015-04-03 16:00:00,1.0990708333333334
2015-04-03 20:00:00,1.0972558333333335
2015-04-06 00:00:00,1.0994925000000002
2015-04-06 04:00:00,1.098035
2015-04-06 08:00:00,1.097795
2015-04-06 12:00:00,1.0990783333333334
2015-04-06 16:00:00,1.1014366666666666
2015-04-06 20:00:00,1.0958983333333334
2015-04-07 00:00:00,1.0932491666666668
2015-04-07 04:00:00,1.09393
2015-04-07 08:00:00,1.0913858333333333
2015-04-07 12:00:00,1.0856400000000002
2015-04-07 16:00:00,1.0856925
2015-04-07 20:00:00,1.0826041666666666
2015-04-08 00:00:00,1.0820175
2015-04-08 04:00:00,1.0836025
2015-04-08 08:00:00,1.0853816666666667
2015-04-08 12:00:00,1.0864166666666666
2015-04-08 16:00:00,1.0822758333333333
2015-04-08 20:00:00,1.0795625
2015-04-09 00:00:00,1.0778633333333332
2015-04-09 04:00:00,1.0775725
2015-04-09 08:00:00,1.0756841666666666
2015-04-09 12:00:00,1.07538
2015-04-09 16:00:00,1.0690858333333333
2015-04-09 20:00:00,1.0650233333333334
2015-04-10 00:00:00,1.066395
2015-04-10 04:00:00,1.0675758333333332
2015-04-10 08:00:00,1.0641275
2015-04-10 12:00:00,1.0591941666666667
2015-04-10 16:00:00,1.0605266666666666
2015-04-10 20:00:00,1.0598033333333332
2015-04-13 00:00:00,1.0604041666666666
2015-04-13 04:00:00,1.0598283333333334
2015-04-13 08:00:00,1.0582066666666665
2015-04-13 12:00:00,1.0542341666666666
2015-04-13 16:00:00,1.0580950000000002
2015-04-13 20:00:00,1.0569566666666665
2015-04-14 00:00:00,1.0573566666666667
2015-04-14 04:00:00,1.0568866666666668
2015-04-14 08:00:00,1.0548033333333333
2015-04-14 12:00:00,1.0577408333333334
2015-04-14 16:00:00,1.0673758333333332
2015-04-14 20:00:00,1.06572
2015-04-15 00:00:00,1.064635
2015-04-15 04:00:00,1.0628875
2015-04-15 08:00:00,1.0620425
2015-04-15 12:00:00,1.0593183333333334
2015-04-15 16:00:00,1.0613233333333334
2015-04-15 20:00:00,1.0675833333333333
2015-04-16 00:00:00,1.0686441666666666
2015-04-16 04:00:00,1.0703816666666666
2015-04-16 08:00:00,1.0659158333333334
2015-04-16 12:00:00,1.0706283333333333
2015-04-16 16:00:00,1.0724691666666666
2015-04-16 20:00:00,1.0776991666666667
2015-04-17 00:00:00,1.0764274999999999
2015-04-17 04:00:00,1.0769133333333332
2015-04-17 08:00:00,1.0779208333333332
2015-04-17 12:00:00,1.08084
2015-04-17 16:00:00,1.0772908333333333
2015-04-17 20:00:00,1.0799416666666668
2015-04-20 00:00:00,1.0805391666666666
2015-04-20 04:00:00,1.0792100000000002
2015-04-20 08:00:00,1.0778291666666666
2015-04-20 12:00:00,1.0737883333333333
2015-04-20 16:00:00,1.0749650000000002
2015-04-20 20:00:00,1.0734941666666666
2015-04-21 00:00:00,1.0740091666666667
2015-04-21 04:00:00,1.0726583333333333
2015-04-21 08:00:00,1.068965
2015-04-21 12:00:00,1.0692283333333332
2015-04-21 16:00:00,1.0732483333333334
2015-04-21 20:00:00,1.0739508333333332
2015-04-22 00:00:00,1.0733108333333332
2015-04-22 04:00:00,1.072585
2015-04-22 08:00:00,1.0756008333333333
2015-04-22 12:00:00,1.0764083333333332
2015-04-22 16:00:00,1.0727783333333334
2015-04-22 20:00:00,1.0730608333333334
2015-04-23 00:00:00,1.0718766666666666
2015-04-23 04:00:00,1.0702116666666668
2015-04-23 08:00:00,1.0698975000000002
2015-04-23 12:00:00,1.0750416666666667
2015-04-23 16:00:00,1.0790233333333332
2015-04-23 20:00:00,1.0828275
2015-04-24 00:00:00,1.08182
2015-04-24 04:00:00,1.0801725
2015-04-24 08:00:00,1.0855183333333334
2015-04-24 12:00:00,1.0839358333333333
2015-04-24 16:00:00,1.0851191666666666
2015-04-24 20:00:00,1.0863933333333335
2015-04-27 00:00:00,1.086495
2015-04-27 04:00:00,1.0859125
2015-04-27 08:00:00,1.0856341666666665
2015-04-27 12:00:00,1.083675
2015-04-27 16:00:00,1.0880816666666666
2015-04-27 20:00:00,1.0886083333333334
2015-04-28 00:00:00,1.0877599999999998
2015-04-28 04:00:00,1.08766
2015-04-28 08:00:00,1.0882016666666665
2015-04-28 12:00:00,1.0928258333333334
2015-04-28 16:00:00,1.0963475
2015-04-28 20:00:00,1.0976966666666665
2015-04-29 00:00:00,1.097365
2015-04-29 04:00:00,1.0968141666666666
2015-04-29 08:00:00,1.0982383333333332
2015-04-29 12:00:00,1.1006758333333335
2015-04-29 16:00:00,1.1124841666666665
2015-04-29 20:00:00,1.1122641666666666
2015-04-30 00:00:00,1.111605
2015-04-30 04:00:00,1.1113016666666666
2015-04-30 08:00:00,1.1149258333333334
2015-04-30 12:00:00,1.1183025
2015-04-30 16:00:00,1.1174766666666667
2015-04-30 20:00:00,1.1223041666666667
2015-05-01 00:00:00,1.12126
2015-05-01 04:00:00,1.1208025
2015-05-01 08:00:00,1.1237783333333333
2015-05-01 12:00:00,1.1257350000000002
2015-05-01 16:00:00,1.12222
2015-05-01 20:00:00,1.1197058333333334
2015-05-04 00:00:00,1.11882
2015-05-04 04:00:00,1.1190475
2015-05-04 08:00:00,1.1175883333333334
2015-05-04 12:00:00,1.1142408333333333
2015-05-04 16:00:00,1.1156958333333333
2015-05-04 20:00:00,1.1147425000000002
2015-05-05 00:00:00,1.1146133333333332
2015-05-05 04:00:00,1.1136533333333334
2015-05-05 08:00:00,1.1104508333333334
2015-05-05 12:00:00,1.1124733333333334
2015-05-05 16:00:00,1.11747
2015-05-05 20:00:00,1.1193633333333333
2015-05-06 00:00:00,1.1181875
2015-05-06 04:00:00,1.1212633333333333
2015-05-06 08:00:00,1.1240208333333332
2015-05-06 12:00:00,1.1232341666666668
2015-05-06 16:00:00,1.1334408333333332
2015-05-06 20:00:00,1.1345175
2015-05-07 00:00:00,1.1339975
2015-05-07 04:00:00,1.133745
2015-05-07 08:00:00,1.1354233333333332
2015-05-07 12:00:00,1.1331091666666668
2015-05-07 16:00:00,1.1271666666666667
2015-05-07 20:00:00,1.1266008333333333
2015-05-08 00:00:00,1.1246816666666666
2015-05-08 04:00:00,1.1220675
2015-05-08 08:00:00,1.1210808333333333
2015-05-08 12:00:00,1.1228741666666666
2015-05-08 16:00:00,1.1227941666666668
2015-05-08 20:00:00,1.121135
2015-05-11 00:00:00,1.1190658333333334
2015-05-11 04:00:00,1.1151983333333333
2015-05-11 08:00:00,1.1162841666666665
2015-05-11 12:00:00,1.1152183333333334
2015-05-11 16:00:00,1.115075
2015-05-11 20:00:00,1.1155233333333334
2015-05-12 00:00:00,1.1146975000000001
2015-05-12 04:00:00,1.1156091666666668
2015-05-12 08:00:00,1.1206
2015-05-12 12:00:00,1.12494
2015-05-12 16:00:00,1.1243291666666666
2015-05-12 20:00:00,1.121755
2015-05-13 00:00:00,1.12183
2015-05-13 04:00:00,1.1233741666666666
2015-05-13 08:00:00,1.1242675000000002
2015-05-13 12:00:00,1.1240166666666667
2015-05-13 16:00:00,1.1349749999999998
2015-05-13 20:00:00,1.1354208333333333
2015-05-14 00:00:00,1.1349316666666667
2015-05-14 04:00:00,1.1359949999999999
2015-05-14 08:00:00,1.1391658333333334
2015-05-14 12:00:00,1.1420025
2015-05-14 16:00:00,1.1381216666666667
2015-05-14 20:00:00,1.1395016666666669
2015-05-15 00:00:00,1.1403108333333334
2015-05-15 04:00:00,1.1406608333333335
2015-05-15 08:00:00,1.138855
2015-05-15 12:00:00,1.1347491666666667
2015-05-15 16:00:00,1.1404216666666667
2015-05-15 20:00:00,1.1447566666666666
2015-05-18 00:00:00,1.1439383333333333
2015-05-18 04:00:00,1.1429425
2015-05-18 08:00:00,1.1409033333333334
2015-05-18 12:00:00,1.1400058333333334
2015-05-18 16:00:00,1.1353808333333335
2015-05-18 20:00:00,1.1313008333333334
2015-05-19 00:00:00,1.1315908333333333
2015-05-19 04:00:00,1.1298608333333333
2015-05-19 08:00:00,1.125265
2015-05-19 12:00:00,1.1186941666666668
2015-05-19 16:00:00,1.1143508333333334
2015-05-19 20:00:00,1.1147300000000002
2015-05-20 00:00:00,1.1142458333333334
2015-05-20 04:00:00,1.1138933333333334
2015-05-20 08:00:00,1.1100216666666667
2015-05-20 12:00:00,1.1113058333333332
2015-05-20 16:00:00,1.1099475
2015-05-20 20:00:00,1.1103816666666666
2015-05-21 00:00:00,1.1098316666666668
2015-05-21 04:00:00,1.1119400000000002
2015-05-21 08:00:00,1.1124858333333334
2015-05-21 12:00:00,1.11439
2015-05-21 16:00:00,1.1122433333333333
2015-05-21 20:00:00,1.1121391666666667
2015-05-22 00:00:00,1.1109533333333332
2015-05-22 04:00:00,1.1134475
2015-05-22 08:00:00,1.11549
2015-05-22 12:00:00,1.11623
2015-05-22 16:00:00,1.1031225
2015-05-22 20:00:00,1.1012175000000002
2015-05-25 00:00:00,1.09882
2015-05-25 04:00:00,1.0983958333333335
2015-05-25 08:00:00,1.0983275000000001
2015-05-25 12:00:00,1.0978008333333333
2015-05-25 16:00:00,1.0974258333333333
2015-05-25 20:00:00,1.0976958333333333
2015-05-26 00:00:00,1.0968566666666666
2015-05-26 04:00:00,1.09419
2015-05-26 08:00:00,1.0907675000000001
2015-05-26 12:00:00,1.091038333333333
2015-05-26 16:00:00,1.0893108333333332
2015-05-26 20:00:00,1.0874141666666666
2015-05-27 00:00:00,1.0879958333333333
2015-05-27 04:00:00,1.0877983333333334
2015-05-27 08:00:00,1.0912116666666667
2015-05-27 12:00:00,1.087645
2015-05-27 16:00:00,1.0873966666666666
2015-05-27 20:00:00,1.08956
2015-05-28 00:00:00,1.0901641666666666
2015-05-28 04:00:00,1.0907016666666667
2015-05-28 08:00:00,1.0928208333333334
2015-05-28 12:00:00,1.0916041666666665
2015-05-28 16:00:00,1.0904083333333334
2015-05-28 20:00:00,1.0943266666666664
2015-05-29 00:00:00,1.0960508333333334
2015-05-29 04:00:00,1.095675
2015-05-29 08:00:00,1.0949708333333332
2015-05-29 12:00:00,1.0971591666666667
2015-05-29 16:00:00,1.0979633333333334
2015-05-29 20:00:00,1.0983783333333332
2015-06-01 00:00:00,1.0963916666666667
2015-06-01 04:00:00,1.09486
2015-06-01 08:00:00,1.0932058333333334
2015-06-01 12:00:00,1.0924866666666666
2015-06-01 16:00:00,1.0925508333333334
2015-06-01 20:00:00,1.0926066666666667
2015-06-02 00:00:00,1.0924525
2015-06-02 04:00:00,1.0927033333333334
2015-06-02 08:00:00,1.0952858333333333
2015-06-02 12:00:00,1.1019066666666666
2015-06-02 16:00:00,1.1135666666666666
2015-06-02 20:00:00,1.1162174999999999
2015-06-03 00:00:00,1.1148208333333334
2015-06-03 04:00:00,1.1161158333333334
2015-06-03 08:00:00,1.1156391666666667
2015-06-03 12:00:00,1.1118733333333333
2015-06-03 16:00:00,1.1244399999999999
2015-06-03 20:00:00,1.1260149999999998
2015-06-04 00:00:00,1.1263133333333335
2015-06-04 04:00:00,1.1264675000000002
2015-06-04 08:00:00,1.1272725
2015-06-04 12:00:00,1.1336883333333334
2015-06-04 16:00:00,1.1276616666666666
2015-06-04 20:00:00,1.1244258333333332
2015-06-05 00:00:00,1.1211716666666667
2015-06-05 04:00:00,1.1210658333333334
2015-06-05 08:00:00,1.1245483333333333
2015-06-05 12:00:00,1.1217016666666666
2015-06-05 16:00:00,1.1101675
2015-06-05 20:00:00,1.111715
2015-06-08 00:00:00,1.1099916666666667
2015-06-08 04:00:00,1.1099225
2015-06-08 08:00:00,1.1133316666666668
2015-06-08 12:00:00,1.1146858333333334
2015-06-08 16:00:00,1.12155
2015-06-08 20:00:00,1.1277633333333332
2015-06-09 00:00:00,1.1280533333333334
2015-06-09 04:00:00,1.1315091666666666
2015-06-09 08:00:00,1.130285
2015-06-09 12:00:00,1.1255516666666665
2015-06-09 16:00:00,1.1258
2015-06-09 20:00:00,1.1278775
2015-06-10 00:00:00,1.1283591666666666
2015-06-10 04:00:00,1.1287516666666666
2015-06-10 08:00:00,1.1320408333333334
2015-06-10 12:00:00,1.1296724999999999
2015-06-10 16:00:00,1.1309875
2015-06-10 20:00:00,1.1318641666666667
2015-06-11 00:00:00,1.1313491666666666
2015-06-11 04:00:00,1.1297949999999999
2015-06-11 08:00:00,1.1284183333333333
2015-06-11 12:00:00,1.12521
2015-06-11 16:00:00,1.1232658333333334
2015-06-11 20:00:00,1.1255258333333336
2015-06-12 00:00:00,1.1244033333333332
2015-06-12 04:00:00,1.1250941666666667
2015-06-12 08:00:00,1.1217783333333333
2015-06-12 12:00:00,1.1193816666666667
2015-06-12 16:00:00,1.1257616666666665
2015-06-12 20:00:00,1.12638
2015-06-15 00:00:00,1.12205
2015-06-15 04:00:00,1.1209866666666666
2015-06-15 08:00:00,1.1222691666666667
2015-06-15 12:00:00,1.1219416666666668
2015-06-15 16:00:00,1.1251466666666667
2015-06-15 20:00:00,1.1276308333333334
2015-06-16 00:00:00,1.1275583333333334
2015-06-16 04:00:00,1.1274516666666667
2015-06-16 08:00:00,1.1285666666666665
2015-06-16 12:00:00,1.1243
2015-06-16 16:00:00,1.1236008333333334
2015-06-16 20:00:00,1.1240816666666666
2015-06-17 00:00:00,1.1243491666666667
2015-06-17 04:00:00,1.1255966666666668
2015-06-17 08:00:00,1.1260366666666666
2015-06-17 12:00:00,1.1264433333333332
2015-06-17 16:00:00,1.1252533333333332
2015-06-17 20:00:00,1.130685
2015-06-18 00:00:00,1.1348383333333334
2015-06-18 04:00:00,1.1360566666666667
2015-06-18 08:00:00,1.1366441666666667
2015-06-18 12:00:00,1.1402691666666667
2015-06-18 16:00:00,1.1396691666666667
2015-06-18 20:00:00,1.1369799999999999
2015-06-19 00:00:00,1.1372166666666668
2015-06-19 04:00:00,1.1370491666666667
2015-06-19 08:00:00,1.1331075
2015-06-19 12:00:00,1.1308466666666668
2015-06-19 16:00:00,1.133455833333333
2015-06-19 20:00:00,1.1350925
2015-06-22 00:00:00,1.1365058333333333
2015-06-22 04:00:00,1.1380758333333334
2015-06-22 08:00:00,1.1366566666666666
2015-06-22 12:00:00,1.1349766666666667
2015-06-22 16:00:00,1.1375158333333333
2015-06-22 20:00:00,1.13402
2015-06-23 00:00:00,1.1339808333333332
2015-06-23 04:00:00,1.1284583333333333
2015-06-23 08:00:00,1.1261983333333332
2015-06-23 12:00:00,1.1211883333333335
2015-06-23 16:00:00,1.11722
2015-06-23 20:00:00,1.1166108333333333
2015-06-24 00:00:00,1.1167225
2015-06-24 04:00:00,1.117655
2015-06-24 08:00:00,1.1204725
2015-06-24 12:00:00,1.1202241666666668
2015-06-24 16:00:00,1.1182150000000002
2015-06-24 20:00:00,1.1202216666666667
2015-06-25 00:00:00,1.1202858333333334
2015-06-25 04:00:00,1.1208758333333333
2015-06-25 08:00:00,1.1200141666666668
2015-06-25 12:00:00,1.1193183333333334
2015-06-25 16:00:00,1.1196925000000002
2015-06-25 20:00:00,1.120275
2015-06-26 00:00:00,1.1198375
2015-06-26 04:00:00,1.1185883333333333
2015-06-26 08:00:00,1.1198124999999999
2015-06-26 12:00:00,1.1196508333333333
2015-06-26 16:00:00,1.1155783333333333
2015-06-26 20:00:00,1.1160758333333334
2015-06-29 00:00:00,1.0989091666666666
2015-06-29 04:00:00,1.1010499999999999
2015-06-29 08:00:00,1.1063283333333334
2015-06-29 12:00:00,1.1112291666666667
2015-06-29 16:00:00,1.1160133333333333
2015-06-29 20:00:00,1.1242625
2015-06-30 00:00:00,1.1218408333333334
2015-06-30 04:00:00,1.1190883333333332
2015-06-30 08:00:00,1.1171466666666667
2015-06-30 12:00:00,1.1181966666666667
2015-06-30 16:00:00,1.1165116666666668
2015-06-30 20:00:00,1.1143999999999998
2015-07-01 00:00:00,1.1133666666666666
2015-07-01 04:00:00,1.1136958333333333
2015-07-01 08:00:00,1.1125691666666666
2015-07-01 12:00:00,1.1112175
2015-07-01 16:00:00,1.1084158333333334
2015-07-01 20:00:00,1.1053933333333332
2015-07-02 00:00:00,1.1044808333333334
2015-07-02 04:00:00,1.1063925000000001
2015-07-02 08:00:00,1.1068116666666667
2015-07-02 12:00:00,1.1078391666666665
2015-07-02 16:00:00,1.1093733333333333
2015-07-02 20:00:00,1.108385
2015-07-03 00:00:00,1.1086141666666667
2015-07-03 04:00:00,1.1091141666666666
2015-07-03 08:00:00,1.1099783333333333
2015-07-03 12:00:00,1.1102266666666667
2015-07-03 16:00:00,1.1093966666666666
2015-07-03 20:00:00,1.1096283333333334
2015-07-06 00:00:00,1.10029
2015-07-06 04:00:00,1.10371
2015-07-06 08:00:00,1.1062975
2015-07-06 12:00:00,1.1032025
2015-07-06 16:00:00,1.1061416666666666
2015-07-06 20:00:00,1.1056516666666667
2015-07-07 00:00:00,1.105065
2015-07-07 04:00:00,1.1034258333333333
2015-07-07 08:00:00,1.1013916666666668
2015-07-07 12:00:00,1.0963241666666668
2015-07-07 16:00:00,1.0944016666666667
2015-07-07 20:00:00,1.0987575
2015-07-08 00:00:00,1.1000308333333333
2015-07-08 04:00:00,1.0992383333333333
2015-07-08 08:00:00,1.1024241666666665
2015-07-08 12:00:00,1.1030216666666668
2015-07-08 16:00:00,1.1057949999999999
2015-07-08 20:00:00,1.1062275000000001
2015-07-09 00:00:00,1.10713
2015-07-09 04:00:00,1.1073266666666668
2015-07-09 08:00:00,1.1073016666666669
2015-07-09 12:00:00,1.1040833333333333
2015-07-09 16:00:00,1.1034424999999999
2015-07-09 20:00:00,1.1016775
2015-07-10 00:00:00,1.1058441666666667
2015-07-10 04:00:00,1.1090624999999998
2015-07-10 08:00:00,1.11092
2015-07-10 12:00:00,1.1179183333333333
2015-07-10 16:00:00,1.1163208333333334
2015-07-10 20:00:00,1.1137416666666666
2015-07-13 00:00:00,1.1127458333333333
2015-07-13 04:00:00,1.11291
2015-07-13 08:00:00,1.1125308333333332
2015-07-13 12:00:00,1.1066975000000001
2015-07-13 16:00:00,1.1027974999999999
2015-07-13 20:00:00,1.1003375
2015-07-14 00:00:00,1.099475
2015-07-14 04:00:00,1.100245
2015-07-14 08:00:00,1.0997091666666665
2015-07-14 12:00:00,1.1033575
2015-07-14 16:00:00,1.1018416666666666
2015-07-14 20:00:00,1.1006425
2015-07-15 00:00:00,1.1005675
2015-07-15 04:00:00,1.1000266666666667
2015-07-15 08:00:00,1.1008716666666667
2015-07-15 12:00:00,1.1009608333333334
2015-07-15 16:00:00,1.0956691666666667
2015-07-15 20:00:00,1.0946558333333334
2015-07-16 00:00:00,1.0944566666666666
2015-07-16 04:00:00,1.0929241666666667
2015-07-16 08:00:00,1.0917866666666667
2015-07-16 12:00:00,1.0886516666666666
2015-07-16 16:00:00,1.0894733333333333
2015-07-16 20:00:00,1.0877575
2015-07-17 00:00:00,1.08785
2015-07-17 04:00:00,1.0893133333333334
2015-07-17 08:00:00,1.0888316666666666
2015-07-17 12:00:00,1.0882566666666666
2015-07-17 16:00:00,1.0852849999999998
2015-07-17 20:00:00,1.0844116666666666
2015-07-20 00:00:00,1.0832633333333335
2015-07-20 04:00:00,1.0824666666666667
2015-07-20 08:00:00,1.0842925
2015-07-20 12:00:00,1.0841225
2015-07-20 16:00:00,1.0848083333333332
2015-07-20 20:00:00,1.0830600000000001
2015-07-21 00:00:00,1.0827416666666667
2015-07-21 04:00:00,1.0824358333333335
2015-07-21 08:00:00,1.0829675
2015-07-21 12:00:00,1.0860208333333332
2015-07-21 16:00:00,1.0920433333333335
2015-07-21 20:00:00,1.0943491666666665
2015-07-22 00:00:00,1.0938508333333332
2015-07-22 04:00:00,1.0936225
2015-07-22 08:00:00,1.094195
2015-07-22 12:00:00,1.0922391666666666
2015-07-22 16:00:00,1.0893258333333333
2015-07-22 20:00:00,1.0910508333333335
2015-07-23 00:00:00,1.0927175
2015-07-23 04:00:00,1.0944341666666666
2015-07-23 08:00:00,1.0958050000000001
2015-07-23 12:00:00,1.0988658333333334
2015-07-23 16:00:00,1.0979758333333334
2015-07-23 20:00:00,1.0996058333333334
2015-07-24 00:00:00,1.0985216666666666
2015-07-24 04:00:00,1.0974191666666666
2015-07-24 08:00:00,1.0962675000000002
2015-07-24 12:00:00,1.0942191666666667
2015-07-24 16:00:00,1.096435833333333
2015-07-24 20:00:00,1.0977975
2015-07-27 00:00:00,1.0976599999999999
2015-07-27 04:00:00,1.1000633333333334
2015-07-27 08:00:00,1.1044558333333334
2015-07-27 12:00:00,1.1068366666666667
2015-07-27 16:00:00,1.1103091666666667
2015-07-27 20:00:00,1.1096666666666666
2015-07-28 00:00:00,1.1089525
2015-07-28 04:00:00,1.1082191666666668
2015-07-28 08:00:00,1.106675
2015-07-28 12:00:00,1.1040133333333333
2015-07-28 16:00:00,1.1044066666666668
2015-07-28 20:00:00,1.1053066666666667
2015-07-29 00:00:00,1.1063625000000001
2015-07-29 04:00:00,1.1074933333333334
2015-07-29 08:00:00,1.1049016666666667
2015-07-29 12:00:00,1.1052041666666665
2015-07-29 16:00:00,1.1031166666666667
2015-07-29 20:00:00,1.1009825
2015-07-30 00:00:00,1.0978991666666666
2015-07-30 04:00:00,1.0971566666666668
2015-07-30 08:00:00,1.09645
2015-07-30 12:00:00,1.0960299999999998
2015-07-30 16:00:00,1.0920133333333333
2015-07-30 20:00:00,1.0921333333333334
2015-07-31 00:00:00,1.0934525
2015-07-31 04:00:00,1.0941491666666667
2015-07-31 08:00:00,1.0939883333333333
2015-07-31 12:00:00,1.09858
2015-07-31 16:00:00,1.1051016666666666
2015-07-31 20:00:00,1.0987041666666668
2015-08-03 00:00:00,1.0973116666666667
2015-08-03 04:00:00,1.0977716666666668
2015-08-03 08:00:00,1.097715
2015-08-03 12:00:00,1.0959991666666666
2015-08-03 16:00:00,1.0965983333333333
2015-08-03 20:00:00,1.0950641666666665
2015-08-04 00:00:00,1.094895
2015-08-04 04:00:00,1.09411
2015-08-04 08:00:00,1.0961658333333333
2015-08-04 12:00:00,1.0974491666666668
2015-08-04 16:00:00,1.0960458333333334
2015-08-04 20:00:00,1.0899841666666668
2015-08-05 00:00:00,1.0884733333333332
2015-08-05 04:00:00,1.0861766666666668
2015-08-05 08:00:00,1.0864325
2015-08-05 12:00:00,1.0873775
2015-08-05 16:00:00,1.0878258333333333
2015-08-05 20:00:00,1.0899708333333333
2015-08-06 00:00:00,1.0904099999999999
2015-08-06 04:00:00,1.0908383333333334
2015-08-06 08:00:00,1.0906941666666665
2015-08-06 12:00:00,1.0894475
2015-08-06 16:00:00,1.0914858333333333
2015-08-06 20:00:00,1.0924658333333332
2015-08-07 00:00:00,1.0924275
2015-08-07 04:00:00,1.0920108333333334
2015-08-07 08:00:00,1.0923933333333333
2015-08-07 12:00:00,1.09185
2015-08-07 16:00:00,1.092645
2015-08-07 20:00:00,1.0964825
2015-08-10 00:00:00,1.0959383333333335
2015-08-10 04:00:00,1.0965491666666667
2015-08-10 08:00:00,1.0966408333333333
2015-08-10 12:00:00,1.0946083333333334
2015-08-10 16:00:00,1.0983716666666665
2015-08-10 20:00:00,1.1019625
2015-08-11 00:00:00,1.10189
2015-08-11 04:00:00,1.0982450000000001
2015-08-11 08:00:00,1.0996983333333334
2015-08-11 12:00:00,1.1038508333333332
2015-08-11 16:00:00,1.104895
2015-08-11 20:00:00,1.1033883333333334
2015-08-12 00:00:00,1.1041425
2015-08-12 04:00:00,1.1057341666666667
2015-08-12 08:00:00,1.1098108333333334
2015-08-12 12:00:00,1.1141675
2015-08-12 16:00:00,1.1183316666666667
2015-08-12 20:00:00,1.1167983333333333
2015-08-13 00:00:00,1.1155608333333333
2015-08-13 04:00:00,1.1142775
2015-08-13 08:00:00,1.1125924999999999
2015-08-13 12:00:00,1.111055
2015-08-13 16:00:00,1.1127241666666667
2015-08-13 20:00:00,1.11438
2015-08-14 00:00:00,1.1154316666666668
2015-08-14 04:00:00,1.1147091666666666
2015-08-14 08:00:00,1.1145858333333334
2015-08-14 12:00:00,1.1161191666666666
2015-08-14 16:00:00,1.1124508333333332
2015-08-14 20:00:00,1.1113833333333334
2015-08-17 00:00:00,1.1102458333333334
2015-08-17 04:00:00,1.1092225
2015-08-17 08:00:00,1.1092516666666667
2015-08-17 12:00:00,1.1098466666666669
2015-08-17 16:00:00,1.1081891666666666
2015-08-17 20:00:00,1.1077791666666665
2015-08-18 00:00:00,1.1075683333333333
2015-08-18 04:00:00,1.1072866666666668
2015-08-18 08:00:00,1.1070466666666667
2015-08-18 12:00:00,1.1058975000000002
2015-08-18 16:00:00,1.1031625
2015-08-18 20:00:00,1.1026458333333333
2015-08-19 00:00:00,1.1027958333333334
2015-08-19 04:00:00,1.1043833333333333
2015-08-19 08:00:00,1.1058966666666665
2015-08-19 12:00:00,1.1039858333333332
2015-08-19 16:00:00,1.1050333333333333
2015-08-19 20:00:00,1.1113708333333332
2015-08-20 00:00:00,1.1122500000000002
2015-08-20 04:00:00,1.1134433333333333
2015-08-20 08:00:00,1.1128008333333335
2015-08-20 12:00:00,1.1164858333333332
2015-08-20 16:00:00,1.1187625
2015-08-21 04:00:00,1.1217650000000001
2015-08-21 08:00:00,1.1269733333333334
2015-08-21 12:00:00,1.1278016666666666
2015-08-21 16:00:00,1.1326583333333333
2015-08-21 20:00:00,1.13639
2015-08-24 00:00:00,1.1379849999999998
2015-08-24 04:00:00,1.1450399999999998
2015-08-24 08:00:00,1.1463408333333334
2015-08-24 12:00:00,1.1501658333333333
2015-08-24 16:00:00,1.1595458333333333
2015-08-24 20:00:00,1.1583458333333334
2015-08-25 00:00:00,1.1583583333333334
2015-08-25 04:00:00,1.15431
2015-08-25 08:00:00,1.1551625
2015-08-25 12:00:00,1.1504758333333331
2015-08-25 16:00:00,1.1430866666666666
2015-08-25 20:00:00,1.1460066666666666
2015-08-26 00:00:00,1.1528033333333334
2015-08-26 04:00:00,1.1517583333333332
2015-08-26 08:00:00,1.1489783333333334
2015-08-26 12:00:00,1.1423066666666668
2015-08-26 16:00:00,1.1390916666666666
2015-08-26 20:00:00,1.1342183333333333
2015-08-27 00:00:00,1.1327841666666667
2015-08-27 04:00:00,1.1338333333333335
2015-08-27 08:00:00,1.13233
2015-08-27 12:00:00,1.1283308333333333
2015-08-27 16:00:00,1.1233433333333334
2015-08-27 20:00:00,1.125125
2015-08-28 00:00:00,1.1241625
2015-08-28 04:00:00,1.1254858333333333
2015-08-28 08:00:00,1.1274741666666666
2015-08-28 12:00:00,1.1271275
2015-08-28 16:00:00,1.1208141666666667
2015-08-28 20:00:00,1.1189091666666666
2015-08-31 00:00:00,1.11974
2015-08-31 04:00:00,1.1239258333333333
2015-08-31 08:00:00,1.12271
2015-08-31 12:00:00,1.1210475
2015-08-31 16:00:00,1.1210916666666666
2015-08-31 20:00:00,1.1221533333333333
2015-09-01 00:00:00,1.122085
2015-09-01 04:00:00,1.1263383333333334
2015-09-01 08:00:00,1.1287858333333332
2015-09-01 12:00:00,1.1259091666666667
2015-09-01 16:00:00,1.1260333333333334
2015-09-01 20:00:00,1.1299258333333333
2015-09-02 00:00:00,1.1295791666666666
2015-09-02 04:00:00,1.1275683333333335
2015-09-02 08:00:00,1.1273716666666667
2015-09-02 12:00:00,1.1261966666666667
2015-09-02 16:00:00,1.1235975
2015-09-02 20:00:00,1.1233941666666667
2015-09-03 00:00:00,1.1217025
2015-09-03 04:00:00,1.1218391666666667
2015-09-03 08:00:00,1.1229533333333332
2015-09-03 12:00:00,1.1209225
2015-09-03 16:00:00,1.11117
2015-09-03 20:00:00,1.1124524999999998
2015-09-04 00:00:00,1.1121408333333334
2015-09-04 04:00:00,1.1126800000000001
2015-09-04 08:00:00,1.1136808333333335
2015-09-04 12:00:00,1.1138158333333332
2015-09-04 16:00:00,1.1120666666666668
2015-09-04 20:00:00,1.1150108333333333
2015-09-07 00:00:00,1.1153775000000001
2015-09-07 04:00:00,1.1149916666666666
2015-09-07 08:00:00,1.1146333333333334
2015-09-07 12:00:00,1.1153158333333333
2015-09-07 16:00:00,1.116153333333333
2015-09-07 20:00:00,1.116775
2015-09-08 00:00:00,1.1165250000000002
2015-09-08 04:00:00,1.1183241666666666
2015-09-08 08:00:00,1.1194941666666667
2015-09-08 12:00:00,1.1163175
2015-09-08 16:00:00,1.1180741666666667
2015-09-08 20:00:00,1.1190375000000001
2015-09-09 00:00:00,1.1202591666666668
2015-09-09 04:00:00,1.1180525000000001
2015-09-09 08:00:00,1.1169741666666666
2015-09-09 12:00:00,1.1154933333333334
2015-09-09 16:00:00,1.1155033333333335
2015-09-09 20:00:00,1.1189425
2015-09-10 00:00:00,1.1219625000000002
2015-09-10 04:00:00,1.1212275
2015-09-10 08:00:00,1.1202074999999998
2015-09-10 12:00:00,1.1193366666666666
2015-09-10 16:00:00,1.1235533333333332
2015-09-10 20:00:00,1.1280083333333333
2015-09-11 00:00:00,1.1281333333333334
2015-09-11 04:00:00,1.1281233333333334
2015-09-11 08:00:00,1.1289941666666667
2015-09-11 12:00:00,1.1269566666666666
2015-09-11 16:00:00,1.1307158333333334
2015-09-11 20:00:00,1.1338949999999999
2015-09-14 00:00:00,1.1341233333333334
2015-09-14 04:00:00,1.1345166666666668
2015-09-14 08:00:00,1.1344716666666668
2015-09-14 12:00:00,1.1320341666666667
2015-09-14 16:00:00,1.130555
2015-09-14 20:00:00,1.1314825
2015-09-15 00:00:00,1.1309991666666666
2015-09-15 04:00:00,1.1315841666666666
2015-09-15 08:00:00,1.1305475
2015-09-15 12:00:00,1.1308458333333333
2015-09-15 16:00:00,1.1282675000000002
2015-09-15 20:00:00,1.1269775000000002
2015-09-16 00:00:00,1.1269858333333334
2015-09-16 04:00:00,1.1288358333333335
2015-09-16 08:00:00,1.1269508333333333
2015-09-16 12:00:00,1.1234425
2015-09-16 16:00:00,1.1294416666666667
2015-09-16 20:00:00,1.1289033333333334
2015-09-17 00:00:00,1.1290558333333334
2015-09-17 04:00:00,1.1302174999999999
2015-09-17 08:00:00,1.1307299999999998
2015-09-17 12:00:00,1.1319791666666668
2015-09-17 16:00:00,1.1311816666666665
2015-09-17 20:00:00,1.1391733333333334
2015-09-18 00:00:00,1.1411016666666667
2015-09-18 04:00:00,1.1401533333333334
2015-09-18 08:00:00,1.1418116666666664
2015-09-18 12:00:00,1.1433033333333333
2015-09-18 16:00:00,1.1379725
2015-09-18 20:00:00,1.1326708333333333
2015-09-21 00:00:00,1.1289966666666666
2015-09-21 04:00:00,1.1311000000000002
2015-09-21 08:00:00,1.130725
2015-09-21 12:00:00,1.1268583333333333
2015-09-21 16:00:00,1.1214775
2015-09-21 20:00:00,1.1193433333333331
2015-09-22 00:00:00,1.1188358333333333
2015-09-22 04:00:00,1.1199841666666668
2015-09-22 08:00:00,1.1181691666666667
2015-09-22 12:00:00,1.1168466666666668
2015-09-22 16:00:00,1.1137891666666666
2015-09-22 20:00:00,1.1127775
2015-09-23 00:00:00,1.1121608333333333
2015-09-23 04:00:00,1.1128991666666668
2015-09-23 08:00:00,1.1125091666666667
2015-09-23 12:00:00,1.1145375
2015-09-23 16:00:00,1.1160208333333332
2015-09-23 20:00:00,1.1190933333333333
2015-09-24 00:00:00,1.1184375000000002
2015-09-24 04:00:00,1.1181433333333333
2015-09-24 08:00:00,1.1200700000000001
2015-09-24 12:00:00,1.1228558333333332
2015-09-24 16:00:00,1.12628
2015-09-24 20:00:00,1.1227058333333333
2015-09-25 00:00:00,1.1178075
2015-09-25 04:00:00,1.1173083333333333
2015-09-25 08:00:00,1.1150366666666667
2015-09-25 12:00:00,1.1157083333333333
2015-09-25 16:00:00,1.1181766666666668
2015-09-25 20:00:00,1.1191058333333335
2015-09-28 00:00:00,1.1193724999999999
2015-09-28 04:00:00,1.1189933333333333
2015-09-28 08:00:00,1.1179991666666667
2015-09-28 12:00:00,1.1176225
2015-09-28 16:00:00,1.1203733333333332
2015-09-28 20:00:00,1.1234966666666666
2015-09-29 00:00:00,1.1237374999999998
2015-09-29 04:00:00,1.125495
2015-09-29 08:00:00,1.125755
2015-09-29 12:00:00,1.1224275000000001
2015-09-29 16:00:00,1.1234525
2015-09-29 20:00:00,1.1250358333333332
2015-09-30 00:00:00,1.1251725
2015-09-30 04:00:00,1.1253083333333334
2015-09-30 08:00:00,1.1229641666666668
2015-09-30 12:00:00,1.1210525
2015-09-30 16:00:00,1.1173316666666668
2015-09-30 20:00:00,1.11721
2015-10-01 00:00:00,1.1171158333333333
2015-10-01 04:00:00,1.1156166666666667
2015-10-01 08:00:00,1.1147449999999999
2015-10-01 12:00:00,1.1154216666666665
2015-10-01 16:00:00,1.1191833333333334
2015-10-01 20:00:00,1.1189725000000001
2015-10-02 00:00:00,1.1189008333333335
2015-10-02 04:00:00,1.1186958333333332
2015-10-02 08:00:00,1.1170183333333332
2015-10-02 12:00:00,1.1182375
2015-10-02 16:00:00,1.1274783333333334
2015-10-02 20:00:00,1.12182
2015-10-05 00:00:00,1.1217508333333333
2015-10-05 04:00:00,1.1233908333333333
2015-10-05 08:00:00,1.1241291666666666
2015-10-05 12:00:00,1.1245416666666668
2015-10-05 16:00:00,1.1202825
2015-10-05 20:00:00,1.1182708333333333
2015-10-06 00:00:00,1.1189083333333334
2015-10-06 04:00:00,1.1181766666666666
2015-10-06 08:00:00,1.1195858333333333
2015-10-06 12:00:00,1.1214441666666666
2015-10-06 16:00:00,1.1247716666666667
2015-10-06 20:00:00,1.12686
2015-10-07 00:00:00,1.1267733333333334
2015-10-07 04:00:00,1.1270725
2015-10-07 08:00:00,1.1248983333333333
2015-10-07 12:00:00,1.1251158333333333
2015-10-07 16:00:00,1.1240549999999998
2015-10-07 20:00:00,1.1244108333333334
2015-10-08 00:00:00,1.1237599999999999
2015-10-08 04:00:00,1.1252691666666668
2015-10-08 08:00:00,1.1273374999999999
2015-10-08 12:00:00,1.128485
2015-10-08 16:00:00,1.126995
2015-10-08 20:00:00,1.1280433333333333
2015-10-09 00:00:00,1.1282941666666666
2015-10-09 04:00:00,1.12786
2015-10-09 08:00:00,1.1302508333333334
2015-10-09 12:00:00,1.1352291666666667
2015-10-09 16:00:00,1.1360508333333335
2015-10-09 20:00:00,1.136285
2015-10-12 00:00:00,1.1363683333333334
2015-10-12 04:00:00,1.1371366666666667
2015-10-12 08:00:00,1.1372583333333335
2015-10-12 12:00:00,1.1375391666666665
2015-10-12 16:00:00,1.1370608333333334
2015-10-12 20:00:00,1.1365075
2015-10-13 00:00:00,1.1353625
2015-10-13 04:00:00,1.1357758333333332
2015-10-13 08:00:00,1.1382500000000002
2015-10-13 12:00:00,1.13805
2015-10-13 16:00:00,1.137735
2015-10-13 20:00:00,1.13821
2015-10-14 00:00:00,1.1384750000000001
2015-10-14 04:00:00,1.1389566666666666
2015-10-14 08:00:00,1.1402883333333333
2015-10-14 12:00:00,1.1411891666666667
2015-10-14 16:00:00,1.1432416666666667
2015-10-14 20:00:00,1.1467125
2015-10-15 00:00:00,1.1473983333333333
2015-10-15 04:00:00,1.1478525
2015-10-15 08:00:00,1.14645
2015-10-15 12:00:00,1.1427833333333333
2015-10-15 16:00:00,1.1392066666666667
2015-10-15 20:00:00,1.1381291666666669
2015-10-16 00:00:00,1.1372866666666668
2015-10-16 04:00:00,1.1374341666666665
2015-10-16 08:00:00,1.1376816666666665
2015-10-16 12:00:00,1.1349325000000001
2015-10-16 16:00:00,1.1369975
2015-10-16 20:00:00,1.1368441666666667
2015-10-19 00:00:00,1.135735
2015-10-19 04:00:00,1.1364566666666667
2015-10-19 08:00:00,1.1363124999999998
2015-10-19 12:00:00,1.1327
2015-10-19 16:00:00,1.131995
2015-10-19 20:00:00,1.1324291666666668
2015-10-20 00:00:00,1.1328258333333334
2015-10-20 04:00:00,1.1333775
2015-10-20 08:00:00,1.1338783333333335
2015-10-20 12:00:00,1.1370316666666667
2015-10-20 16:00:00,1.134985
2015-10-20 20:00:00,1.1342083333333335
2015-10-21 00:00:00,1.1351475
2015-10-21 04:00:00,1.1359383333333333
2015-10-21 08:00:00,1.1357883333333334
2015-10-21 12:00:00,1.1352366666666667
2015-10-21 16:00:00,1.1347516666666668
2015-10-21 20:00:00,1.1340275
2015-10-22 00:00:00,1.1339383333333335
2015-10-22 04:00:00,1.1343125
2015-10-22 08:00:00,1.1324575
2015-10-22 12:00:00,1.1294241666666667
2015-10-22 16:00:00,1.1154583333333334
2015-10-22 20:00:00,1.1114225
2015-10-23 00:00:00,1.1092783333333331
2015-10-23 04:00:00,1.1109608333333334
2015-10-23 08:00:00,1.1114816666666667
2015-10-23 12:00:00,1.109195
2015-10-23 16:00:00,1.1023883333333333
2015-10-23 20:00:00,1.10073
2015-10-26 00:00:00,1.1014533333333332
2015-10-26 04:00:00,1.1031225
2015-10-26 08:00:00,1.1037566666666665
2015-10-26 12:00:00,1.1026475
2015-10-26 16:00:00,1.1039666666666665
2015-10-26 20:00:00,1.1051341666666668
2015-10-27 00:00:00,1.1054650000000001
2015-10-27 04:00:00,1.105945
2015-10-27 08:00:00,1.1056891666666666
2015-10-27 12:00:00,1.1053291666666667
2015-10-27 16:00:00,1.10446
2015-10-27 20:00:00,1.1040241666666666
2015-10-28 00:00:00,1.1037516666666667
2015-10-28 04:00:00,1.1032383333333333
2015-10-28 08:00:00,1.1040008333333333
2015-10-28 12:00:00,1.1063675
2015-10-28 16:00:00,1.1072125000000002
2015-10-28 20:00:00,1.0963683333333334
2015-10-29 00:00:00,1.0921791666666667
2015-10-29 04:00:00,1.0923158333333334
2015-10-29 08:00:00,1.0932975
2015-10-29 12:00:00,1.0959058333333334
2015-10-29 16:00:00,1.0959533333333336
2015-10-29 20:00:00,1.0970966666666666
2015-10-30 00:00:00,1.0984841666666667
2015-10-30 04:00:00,1.0978066666666666
2015-10-30 08:00:00,1.0990233333333332
2015-10-30 12:00:00,1.1010341666666665
2015-10-30 16:00:00,1.1040891666666668
2015-10-30 20:00:00,1.1004716666666667
2015-11-02 00:00:00,1.1018316666666665
2015-11-02 04:00:00,1.1028633333333335
2015-11-02 08:00:00,1.1031225
2015-11-02 12:00:00,1.1018758333333332
2015-11-02 16:00:00,1.1035383333333333
2015-11-02 20:00:00,1.1017808333333334
2015-11-03 00:00:00,1.1012691666666667
2015-11-03 04:00:00,1.1013341666666665
2015-11-03 08:00:00,1.1016691666666667
2015-11-03 12:00:00,1.0978583333333334
2015-11-03 16:00:00,1.0952441666666668
2015-11-03 20:00:00,1.0957558333333335
2015-11-04 00:00:00,1.09611
2015-11-04 04:00:00,1.0947941666666667
2015-11-04 08:00:00,1.0942116666666668
2015-11-04 12:00:00,1.0925175
2015-11-04 16:00:00,1.0882258333333334
2015-11-04 20:00:00,1.0855241666666666
2015-11-05 00:00:00,1.0863266666666667
2015-11-05 04:00:00,1.0869608333333334
2015-11-05 08:00:00,1.0862150000000002
2015-11-05 12:00:00,1.0868358333333332
2015-11-05 16:00:00,1.0872841666666666
2015-11-05 20:00:00,1.08741
2015-11-06 00:00:00,1.0881291666666666
2015-11-06 04:00:00,1.0885441666666666
2015-11-06 08:00:00,1.08744
2015-11-06 12:00:00,1.0872016666666666
2015-11-06 16:00:00,1.0745624999999999
2015-11-06 20:00:00,1.0739025
2015-11-09 00:00:00,1.073185
2015-11-09 04:00:00,1.0756783333333333
2015-11-09 08:00:00,1.0765875
2015-11-09 12:00:00,1.0775183333333334
2015-11-09 16:00:00,1.0748466666666667
2015-11-09 20:00:00,1.0758775
2015-11-10 00:00:00,1.0753525
2015-11-10 04:00:00,1.0748975
2015-11-10 08:00:00,1.0747883333333332
2015-11-10 12:00:00,1.0728666666666666
2015-11-10 16:00:00,1.0691491666666666
2015-11-10 20:00:00,1.0706791666666666
2015-11-11 00:00:00,1.072735
2015-11-11 04:00:00,1.07555
2015-11-11 08:00:00,1.0748208333333333
2015-11-11 12:00:00,1.0732275000000002
2015-11-11 16:00:00,1.0732333333333333
2015-11-11 20:00:00,1.0735716666666668
2015-11-12 00:00:00,1.0754508333333332
2015-11-12 04:00:00,1.0765350000000002
2015-11-12 08:00:00,1.0743541666666667
2015-11-12 12:00:00,1.0718533333333333
2015-11-12 16:00:00,1.0756625
2015-11-12 20:00:00,1.0786766666666667
2015-11-13 00:00:00,1.0808575
2015-11-13 04:00:00,1.0791741666666668
2015-11-13 08:00:00,1.0777299999999999
2015-11-13 12:00:00,1.0772825
2015-11-13 16:00:00,1.0736275
2015-11-13 20:00:00,1.0732441666666666
2015-11-16 00:00:00,1.0729825000000002
2015-11-16 04:00:00,1.0718958333333335
2015-11-16 08:00:00,1.0733858333333333
2015-11-16 12:00:00,1.0728266666666668
2015-11-16 16:00:00,1.0716299999999999
2015-11-16 20:00:00,1.0687341666666668
2015-11-17 00:00:00,1.0685283333333333
2015-11-17 04:00:00,1.0664258333333332
2015-11-17 08:00:00,1.06579
2015-11-17 12:00:00,1.0663708333333335
2015-11-17 16:00:00,1.0656041666666667
2015-11-17 20:00:00,1.0644191666666667
2015-11-18 00:00:00,1.0642291666666666
2015-11-18 04:00:00,1.0635958333333333
2015-11-18 08:00:00,1.0651483333333334
2015-11-18 12:00:00,1.06717
2015-11-18 16:00:00,1.0653583333333334
2015-11-18 20:00:00,1.0643325000000001
2015-11-19 00:00:00,1.066515
2015-11-19 04:00:00,1.0701275
2015-11-19 08:00:00,1.0690841666666666
2015-11-19 12:00:00,1.0698175
2015-11-19 16:00:00,1.07157
2015-11-19 20:00:00,1.0731358333333334
2015-11-20 00:00:00,1.0727308333333334
2015-11-20 04:00:00,1.0717458333333334
2015-11-20 08:00:00,1.0703933333333333
2015-11-20 12:00:00,1.0687866666666668
2015-11-20 16:00:00,1.0677908333333335
2015-11-20 20:00:00,1.0649708333333334
2015-11-23 00:00:00,1.0639233333333333
2015-11-23 04:00:00,1.0612425
2015-11-23 08:00:00,1.0620791666666667
2015-11-23 12:00:00,1.06255
2015-11-23 16:00:00,1.0627208333333333
2015-11-23 20:00:00,1.0619675000000002
2015-11-24 00:00:00,1.0633949999999999
2015-11-24 04:00:00,1.0634808333333332
2015-11-24 08:00:00,1.0634725
2015-11-24 12:00:00,1.0648
2015-11-24 16:00:00,1.0647858333333333
2015-11-24 20:00:00,1.0649508333333333
2015-11-25 00:00:00,1.0644816666666665
2015-11-25 04:00:00,1.0665283333333333
2015-11-25 08:00:00,1.0666733333333331
2015-11-25 12:00:00,1.0601508333333334
2015-11-25 16:00:00,1.0593066666666666
2015-11-25 20:00:00,1.0619041666666666
2015-11-26 00:00:00,1.062115
2015-11-26 04:00:00,1.0619508333333334
2015-11-26 08:00:00,1.0614108333333334
2015-11-26 12:00:00,1.0611825000000001
2015-11-26 16:00:00,1.061545
2015-11-26 20:00:00,1.0607683333333333
2015-11-27 00:00:00,1.06052
2015-11-27 04:00:00,1.0608108333333335
2015-11-27 08:00:00,1.062015
2015-11-27 12:00:00,1.0587116666666667
2015-11-27 16:00:00,1.058465
2015-11-27 20:00:00,1.0595258333333333
2015-11-30 00:00:00,1.0586133333333334
2015-11-30 04:00:00,1.0581875
2015-11-30 08:00:00,1.0583274999999999
2015-11-30 12:00:00,1.0575033333333332
2015-11-30 16:00:00,1.0571683333333335
2015-11-30 20:00:00,1.0566008333333334
2015-12-01 00:00:00,1.05669
2015-12-01 04:00:00,1.0578066666666668
2015-12-01 08:00:00,1.0587091666666666
2015-12-01 12:00:00,1.0597058333333333
2015-12-01 16:00:00,1.0612050000000002
2015-12-01 20:00:00,1.062665
2015-12-02 00:00:00,1.0626483333333332
2015-12-02 04:00:00,1.0618966666666667
2015-12-02 08:00:00,1.0615766666666666
2015-12-02 12:00:00,1.060195
2015-12-02 16:00:00,1.0577699999999999
2015-12-02 20:00:00,1.0603475
2015-12-03 00:00:00,1.0610091666666666
2015-12-03 04:00:00,1.0596541666666668
2015-12-03 08:00:00,1.0585749999999998
2015-12-03 12:00:00,1.0574425
2015-12-03 16:00:00,1.0833008333333334
2015-12-03 20:00:00,1.093705
2015-12-04 00:00:00,1.0931433333333334
2015-12-04 04:00:00,1.0922733333333334
2015-12-04 08:00:00,1.0906833333333332
2015-12-04 12:00:00,1.0879725
2015-12-04 16:00:00,1.0906991666666666
2015-12-04 20:00:00,1.0867916666666666
2015-12-07 00:00:00,1.0875091666666665
2015-12-07 04:00:00,1.0862233333333333
2015-12-07 08:00:00,1.0854391666666667
2015-12-07 12:00:00,1.0811491666666666
2015-12-07 16:00:00,1.0828658333333334
2015-12-07 20:00:00,1.0845708333333333
2015-12-08 00:00:00,1.083515
2015-12-08 04:00:00,1.0847583333333333
2015-12-08 08:00:00,1.0860858333333334
2015-12-08 12:00:00,1.0856249999999998
2015-12-08 16:00:00,1.0879233333333334
2015-12-08 20:00:00,1.0890316666666666
2015-12-09 00:00:00,1.0890841666666666
2015-12-09 04:00:00,1.0902866666666666
2015-12-09 08:00:00,1.0916016666666666
2015-12-09 12:00:00,1.09303
2015-12-09 16:00:00,1.0968383333333334
2015-12-09 20:00:00,1.101445
2015-12-10 00:00:00,1.1018533333333334
2015-12-10 04:00:00,1.1008358333333332
2015-12-10 08:00:00,1.0992941666666667
2015-12-10 12:00:00,1.0954208333333335
2015-12-10 16:00:00,1.0950075
2015-12-10 20:00:00,1.0941825
2015-12-11 00:00:00,1.094065
2015-12-11 04:00:00,1.0932308333333334
2015-12-11 08:00:00,1.09471
2015-12-11 12:00:00,1.0960025
2015-12-11 16:00:00,1.0981875
2015-12-11 20:00:00,1.09914
2015-12-14 00:00:00,1.0980266666666667
2015-12-14 04:00:00,1.096495
2015-12-14 08:00:00,1.0961008333333333
2015-12-14 12:00:00,1.0964783333333332
2015-12-14 16:00:00,1.1004583333333333
2015-12-14 20:00:00,1.1007200000000001
2015-12-15 00:00:00,1.0994533333333334
2015-12-15 04:00:00,1.1010775000000002
2015-12-15 08:00:00,1.103325
2015-12-15 12:00:00,1.1010191666666667
2015-12-15 16:00:00,1.0946725
2015-12-15 20:00:00,1.0917616666666665
2015-12-16 00:00:00,1.093
2015-12-16 04:00:00,1.0939058333333334
2015-12-16 08:00:00,1.0941091666666667
2015-12-16 12:00:00,1.0922416666666668
2015-12-16 16:00:00,1.0933700000000002
2015-12-16 20:00:00,1.0940783333333335
2015-12-17 00:00:00,1.0889699999999998
2015-12-17 04:00:00,1.0849108333333333
2015-12-17 08:00:00,1.0858258333333335
2015-12-17 12:00:00,1.0851875
2015-12-17 16:00:00,1.0839308333333335
2015-12-17 20:00:00,1.081135
2015-12-18 00:00:00,1.0832041666666667
2015-12-18 04:00:00,1.0838216666666667
2015-12-18 08:00:00,1.0850466666666665
2015-12-18 12:00:00,1.0825766666666667
2015-12-18 16:00:00,1.0835458333333334
2015-12-18 20:00:00,1.0850266666666668
2015-12-21 00:00:00,1.0862908333333334
2015-12-21 04:00:00,1.0868833333333332
2015-12-21 08:00:00,1.0870091666666668
2015-12-21 12:00:00,1.0860316666666665
2015-12-21 16:00:00,1.09035
2015-12-21 20:00:00,1.0917241666666666
2015-12-22 00:00:00,1.0911075000000001
2015-12-22 04:00:00,1.0916441666666667
2015-12-22 08:00:00,1.0913783333333336
2015-12-22 12:00:00,1.0935458333333332
2015-12-22 16:00:00,1.096365
2015-12-22 20:00:00,1.0961366666666668
2015-12-23 00:00:00,1.0950766666666665
2015-12-23 04:00:00,1.0941691666666666
2015-12-23 08:00:00,1.0933658333333334
2015-12-23 12:00:00,1.0925108333333333
2015-12-23 16:00:00,1.0894633333333335
2015-12-23 20:00:00,1.09003
2015-12-24 00:00:00,1.0909841666666666
2015-12-24 04:00:00,1.0926366666666667
2015-12-24 08:00:00,1.0940591666666666
2015-12-24 12:00:00,1.0952250000000001
2015-12-24 16:00:00,1.0950033333333333
2015-12-28 00:00:00,1.0961966666666667
2015-12-28 04:00:00,1.0972683333333333
2015-12-28 08:00:00,1.0968808333333335
2015-12-28 12:00:00,1.0981208333333334
2015-12-28 16:00:00,1.0974525
2015-12-28 20:00:00,1.0973975
2015-12-29 00:00:00,1.0972766666666667
2015-12-29 04:00:00,1.0977641666666667
2015-12-29 08:00:00,1.0973575
2015-12-29 12:00:00,1.0972833333333334
2015-12-29 16:00:00,1.0922591666666666
2015-12-29 20:00:00,1.0931108333333333
2015-12-30 00:00:00,1.092455
2015-12-30 04:00:00,1.0926516666666668
2015-12-30 08:00:00,1.0932475
2015-12-30 12:00:00,1.0926633333333333
2015-12-30 16:00:00,1.0919575
2015-12-30 20:00:00,1.0916366666666666
2015-12-31 00:00:00,1.0930316666666666
2015-12-31 04:00:00,1.0927016666666667
2015-12-31 08:00:00,1.0926816666666668
2015-12-31 12:00:00,1.0905375
2015-12-31 16:00:00,1.0875849999999998
2016-01-04 00:00:00,1.0859341666666666
2016-01-04 04:00:00,1.0865658333333332
2016-01-04 08:00:00,1.0903166666666668
2016-01-04 12:00:00,1.0914233333333334
2016-01-04 16:00:00,1.0831241666666667
2016-01-04 20:00:00,1.0821291666666668
2016-01-05 00:00:00,1.08281
2016-01-05 04:00:00,1.0821758333333333
2016-01-05 08:00:00,1.081695
2016-01-05 12:00:00,1.0766383333333334
2016-01-05 16:00:00,1.07372
2016-01-05 20:00:00,1.0741758333333333
2016-01-06 00:00:00,1.0749158333333333
2016-01-06 04:00:00,1.0755066666666668
2016-01-06 08:00:00,1.0739275000000001
2016-01-06 12:00:00,1.0738225
2016-01-06 16:00:00,1.0747083333333334
2016-01-06 20:00:00,1.0769633333333335
2016-01-07 00:00:00,1.0778
2016-01-07 04:00:00,1.0811208333333333
2016-01-07 08:00:00,1.0808183333333332
2016-01-07 12:00:00,1.0849816666666667
2016-01-07 16:00:00,1.0850274999999998
2016-01-07 20:00:00,1.0900891666666668
2016-01-08 00:00:00,1.0924375
2016-01-08 04:00:00,1.08838
2016-01-08 08:00:00,1.0874616666666665
2016-01-08 12:00:00,1.0869216666666668
2016-01-08 16:00:00,1.0871766666666667
2016-01-08 20:00:00,1.0897474999999999
2016-01-11 00:00:00,1.0933741666666668
2016-01-11 04:00:00,1.0921349999999999
2016-01-11 08:00:00,1.0908441666666666
2016-01-11 12:00:00,1.0894975000000002
2016-01-11 16:00:00,1.0878066666666668
2016-01-11 20:00:00,1.0877383333333335
2016-01-12 00:00:00,1.08569
2016-01-12 04:00:00,1.0869941666666665
2016-01-12 08:00:00,1.0883983333333334
2016-01-12 12:00:00,1.0853483333333334
2016-01-12 16:00:00,1.0840466666666666
2016-01-12 20:00:00,1.0847658333333334
2016-01-13 00:00:00,1.0846675
2016-01-13 04:00:00,1.0825591666666667
2016-01-13 08:00:00,1.0826433333333334
2016-01-13 12:00:00,1.0816241666666666
2016-01-13 16:00:00,1.0844716666666667
2016-01-13 20:00:00,1.08634
2016-01-14 00:00:00,1.0881699999999999
2016-01-14 04:00:00,1.0885158333333333
2016-01-14 08:00:00,1.0877383333333333
2016-01-14 12:00:00,1.0914941666666667
2016-01-14 16:00:00,1.0877908333333335
2016-01-14 20:00:00,1.08592
2016-01-15 00:00:00,1.0861591666666666
2016-01-15 04:00:00,1.0877141666666668
2016-01-15 08:00:00,1.0881341666666668
2016-01-15 12:00:00,1.090535
2016-01-15 16:00:00,1.095205
2016-01-15 20:00:00,1.0937891666666666
2016-01-18 00:00:00,1.091435
2016-01-18 04:00:00,1.0896416666666666
2016-01-18 08:00:00,1.089
2016-01-18 12:00:00,1.0894641666666667
2016-01-18 16:00:00,1.0887574999999998
2016-01-18 20:00:00,1.0892499999999998
2016-01-19 00:00:00,1.0890216666666668
2016-01-19 04:00:00,1.0889916666666668
2016-01-19 08:00:00,1.0875558333333333
2016-01-19 12:00:00,1.0871466666666665
2016-01-19 16:00:00,1.0888308333333332
2016-01-19 20:00:00,1.0921366666666668
2016-01-20 00:00:00,1.0911283333333333
2016-01-20 04:00:00,1.0936433333333333
2016-01-20 08:00:00,1.0952825000000002
2016-01-20 12:00:00,1.0921208333333334
2016-01-20 16:00:00,1.0906425
2016-01-20 20:00:00,1.0902958333333332
2016-01-21 00:00:00,1.0883266666666667
2016-01-21 04:00:00,1.0879591666666668
2016-01-21 08:00:00,1.0899366666666668
2016-01-21 12:00:00,1.0896991666666667
2016-01-21 16:00:00,1.0824875
2016-01-21 20:00:00,1.0869116666666665
2016-01-22 00:00:00,1.0865591666666665
2016-01-22 04:00:00,1.0841025
2016-01-22 08:00:00,1.0831983333333333
2016-01-22 12:00:00,1.0834483333333333
2016-01-22 16:00:00,1.08154
2016-01-22 20:00:00,1.0799616666666665
2016-01-25 00:00:00,1.0793966666666666
2016-01-25 04:00:00,1.0808591666666667
2016-01-25 08:00:00,1.081585
2016-01-25 12:00:00,1.0817683333333332
2016-01-25 16:00:00,1.0832383333333335
2016-01-25 20:00:00,1.0837424999999998
2016-01-26 00:00:00,1.08488
2016-01-26 04:00:00,1.0848933333333333
2016-01-26 08:00:00,1.0853208333333333
2016-01-26 12:00:00,1.083115
2016-01-26 16:00:00,1.0837658333333333
2016-01-26 20:00:00,1.0847225
2016-01-27 00:00:00,1.0861658333333333
2016-01-27 04:00:00,1.0861058333333333
2016-01-27 08:00:00,1.0862233333333333
2016-01-27 12:00:00,1.0874108333333334
2016-01-27 16:00:00,1.0881608333333332
2016-01-27 20:00:00,1.0882616666666667
2016-01-28 00:00:00,1.0897141666666668
2016-01-28 04:00:00,1.0889583333333333
2016-01-28 08:00:00,1.0881949999999998
2016-01-28 12:00:00,1.0909083333333334
2016-01-28 16:00:00,1.0928041666666666
2016-01-28 20:00:00,1.0952383333333335
2016-01-29 00:00:00,1.0936283333333334
2016-01-29 04:00:00,1.0928558333333336
2016-01-29 08:00:00,1.0903241666666665
2016-01-29 12:00:00,1.0909658333333332
2016-01-29 16:00:00,1.0844766666666668
2016-01-29 20:00:00,1.0830941666666667
2016-02-01 00:00:00,1.0828716666666667
2016-02-01 04:00:00,1.0843925
2016-02-01 08:00:00,1.0848016666666669
2016-02-01 12:00:00,1.0862175
2016-02-01 16:00:00,1.0888716666666665
2016-02-01 20:00:00,1.0891833333333334
2016-02-02 00:00:00,1.0891266666666666
2016-02-02 04:00:00,1.0902841666666667
2016-02-02 08:00:00,1.09052
2016-02-02 12:00:00,1.0914666666666666
2016-02-02 16:00:00,1.0916983333333332
2016-02-02 20:00:00,1.0912733333333333
2016-02-03 00:00:00,1.0920075
2016-02-03 04:00:00,1.0920191666666668
2016-02-03 08:00:00,1.0914125
2016-02-03 12:00:00,1.0922508333333334
2016-02-03 16:00:00,1.1010966666666666
2016-02-03 20:00:00,1.1094641666666667
2016-02-04 00:00:00,1.1096566666666667
2016-02-04 04:00:00,1.1087908333333334
2016-02-04 08:00:00,1.1089866666666666
2016-02-04 12:00:00,1.1171608333333334
2016-02-04 16:00:00,1.1195408333333334
2016-02-04 20:00:00,1.1204975
2016-02-05 00:00:00,1.1202966666666665
2016-02-05 04:00:00,1.1196975
2016-02-05 08:00:00,1.1192783333333334
2016-02-05 12:00:00,1.1192875
2016-02-05 16:00:00,1.1146191666666667
2016-02-05 20:00:00,1.1140891666666666
2016-02-08 00:00:00,1.1145716666666667
2016-02-08 04:00:00,1.1136791666666668
2016-02-08 08:00:00,1.1141283333333334
2016-02-08 12:00:00,1.1147458333333333
2016-02-08 16:00:00,1.1133433333333334
2016-02-08 20:00:00,1.1186041666666666
2016-02-09 00:00:00,1.1194158333333333
2016-02-09 04:00:00,1.1211016666666667
2016-02-09 08:00:00,1.1193725
2016-02-09 12:00:00,1.12045
2016-02-09 16:00:00,1.1288524999999998
2016-02-09 20:00:00,1.1299208333333333
2016-02-10 00:00:00,1.1289066666666665
2016-02-10 04:00:00,1.1295308333333334
2016-02-10 08:00:00,1.128455
2016-02-10 12:00:00,1.1259283333333332
2016-02-10 16:00:00,1.1222566666666665
2016-02-10 20:00:00,1.1258599999999999
2016-02-11 00:00:00,1.1287008333333335
2016-02-11 04:00:00,1.1292783333333334
2016-02-11 08:00:00,1.1294999999999997
2016-02-11 12:00:00,1.1324816666666666
2016-02-11 16:00:00,1.1339516666666667
2016-02-11 20:00:00,1.1333308333333334
2016-02-12 00:00:00,1.13169
2016-02-12 04:00:00,1.1302925
2016-02-12 08:00:00,1.1297066666666666
2016-02-12 12:00:00,1.128155
2016-02-12 16:00:00,1.1245191666666667
2016-02-12 20:00:00,1.1246058333333333
2016-02-15 00:00:00,1.1235975
2016-02-15 04:00:00,1.1221100000000002
2016-02-15 08:00:00,1.1213166666666667
2016-02-15 12:00:00,1.1195341666666667
2016-02-15 16:00:00,1.1156791666666668
2016-02-15 20:00:00,1.11498
2016-02-16 00:00:00,1.1163658333333335
2016-02-16 04:00:00,1.1161575
2016-02-16 08:00:00,1.1157183333333334
2016-02-16 12:00:00,1.1170675
2016-02-16 16:00:00,1.11517
2016-02-16 20:00:00,1.113925
2016-02-17 00:00:00,1.1137549999999998
2016-02-17 04:00:00,1.11477
2016-02-17 08:00:00,1.1165216666666669
2016-02-17 12:00:00,1.1138525
2016-02-17 16:00:00,1.1128733333333334
2016-02-17 20:00:00,1.1138941666666669
2016-02-18 00:00:00,1.112595
2016-02-18 04:00:00,1.1136883333333332
2016-02-18 08:00:00,1.1137108333333332
2016-02-18 12:00:00,1.1115941666666667
2016-02-18 16:00:00,1.1089591666666667
2016-02-18 20:00:00,1.1103583333333333
2016-02-19 00:00:00,1.1107741666666666
2016-02-19 04:00:00,1.1122533333333333
2016-02-19 08:00:00,1.1117341666666667
2016-02-19 12:00:00,1.1097716666666668
2016-02-19 16:00:00,1.1103616666666667
2016-02-19 20:00:00,1.1130025
2016-02-22 00:00:00,1.1119116666666669
2016-02-22 04:00:00,1.111195
2016-02-22 08:00:00,1.1102375
2016-02-22 12:00:00,1.1055266666666668
2016-02-22 16:00:00,1.1017858333333335
2016-02-22 20:00:00,1.1022124999999998
2016-02-23 00:00:00,1.1026883333333335
2016-02-23 04:00:00,1.1041033333333332
2016-02-23 08:00:00,1.1035883333333332
2016-02-23 12:00:00,1.1005083333333334
2016-02-23 16:00:00,1.1012733333333333
2016-02-23 20:00:00,1.1015991666666667
2016-02-24 00:00:00,1.1017991666666667
2016-02-24 04:00:00,1.1013066666666667
2016-02-24 08:00:00,1.1007341666666666
2016-02-24 12:00:00,1.0976325
2016-02-24 16:00:00,1.1011191666666666
2016-02-24 20:00:00,1.1017675
2016-02-25 00:00:00,1.1012316666666666
2016-02-25 04:00:00,1.1022766666666666
2016-02-25 08:00:00,1.1026691666666668
2016-02-25 12:00:00,1.1023016666666665
2016-02-25 16:00:00,1.1019208333333335
2016-02-25 20:00:00,1.1033166666666665
2016-02-26 00:00:00,1.102455
2016-02-26 04:00:00,1.1055758333333334
2016-02-26 08:00:00,1.1051066666666667
2016-02-26 12:00:00,1.101825
2016-02-26 16:00:00,1.0954041666666665
2016-02-26 20:00:00,1.0927375
2016-02-29 00:00:00,1.0923008333333335
2016-02-29 04:00:00,1.0928008333333334
2016-02-29 08:00:00,1.09415
2016-02-29 12:00:00,1.0899608333333335
2016-02-29 16:00:00,1.0878308333333333
2016-02-29 20:00:00,1.0876141666666665
2016-03-01 00:00:00,1.0879641666666666
2016-03-01 04:00:00,1.0882183333333333
2016-03-01 08:00:00,1.0879058333333333
2016-03-01 12:00:00,1.0869991666666667
2016-03-01 16:00:00,1.0860441666666667
2016-03-01 20:00:00,1.0862033333333334
2016-03-02 00:00:00,1.0870141666666666
2016-03-02 04:00:00,1.0862566666666669
2016-03-02 08:00:00,1.0859141666666667
2016-03-02 12:00:00,1.0858041666666667
2016-03-02 16:00:00,1.0839400000000001
2016-03-02 20:00:00,1.0860466666666666
2016-03-03 00:00:00,1.0867516666666666
2016-03-03 04:00:00,1.086365
2016-03-03 08:00:00,1.0862541666666667
2016-03-03 12:00:00,1.0880075
2016-03-03 16:00:00,1.0923633333333334
2016-03-03 20:00:00,1.0955141666666666
2016-03-04 00:00:00,1.0950825
2016-03-04 04:00:00,1.0943200000000002
2016-03-04 08:00:00,1.0946958333333332
2016-03-04 12:00:00,1.09729
2016-03-04 16:00:00,1.0996883333333334
2016-03-04 20:00:00,1.0996983333333332
2016-03-07 00:00:00,1.0994591666666667
2016-03-07 04:00:00,1.0988866666666666
2016-03-07 08:00:00,1.0978125
2016-03-07 12:00:00,1.0952975
2016-03-07 16:00:00,1.0969258333333334
2016-03-07 20:00:00,1.1012633333333335
2016-03-08 00:00:00,1.1013425
2016-03-08 04:00:00,1.1019283333333334
2016-03-08 08:00:00,1.1024491666666667
2016-03-08 12:00:00,1.1016075
2016-03-08 16:00:00,1.1037758333333332
2016-03-08 20:00:00,1.1007541666666667
2016-03-09 00:00:00,1.1002883333333333
2016-03-09 04:00:00,1.0976875
2016-03-09 08:00:00,1.0976341666666667
2016-03-09 12:00:00,1.0968591666666667
2016-03-09 16:00:00,1.0981841666666665
2016-03-09 20:00:00,1.10139
2016-03-10 00:00:00,1.0993258333333333
2016-03-10 04:00:00,1.0978116666666666
2016-03-10 08:00:00,1.0972275
2016-03-10 12:00:00,1.0951300000000002
2016-03-10 16:00:00,1.1050566666666668
2016-03-10 20:00:00,1.1191741666666668
2016-03-11 00:00:00,1.1179308333333333
2016-03-11 04:00:00,1.1176700000000002
2016-03-11 08:00:00,1.1154166666666665
2016-03-11 12:00:00,1.1103316666666667
2016-03-11 16:00:00,1.1143425
2016-03-11 20:00:00,1.1157341666666667
2016-03-14 00:00:00,1.115475
2016-03-14 04:00:00,1.1156608333333335
2016-03-14 08:00:00,1.1145758333333333
2016-03-14 12:00:00,1.1116774999999999
2016-03-14 16:00:00,1.1106675
2016-03-14 20:00:00,1.1094216666666668
2016-03-15 00:00:00,1.1100283333333334
2016-03-15 04:00:00,1.1107566666666666
2016-03-15 08:00:00,1.110655
2016-03-15 12:00:00,1.1092991666666667
2016-03-15 16:00:00,1.1100375
2016-03-15 20:00:00,1.1107974999999999
2016-03-16 00:00:00,1.1106125
2016-03-16 04:00:00,1.1100741666666667
2016-03-16 08:00:00,1.1090208333333333
2016-03-16 12:00:00,1.1088183333333332
2016-03-16 16:00:00,1.1070366666666667
2016-03-16 20:00:00,1.1174766666666667
2016-03-17 00:00:00,1.1213916666666666
2016-03-17 04:00:00,1.1217958333333333
2016-03-17 08:00:00,1.1244416666666668
2016-03-17 12:00:00,1.1308875
2016-03-17 16:00:00,1.1316275
2016-03-17 20:00:00,1.1317066666666666
2016-03-18 00:00:00,1.131395
2016-03-18 04:00:00,1.1320091666666667
2016-03-18 08:00:00,1.1293033333333333
2016-03-18 12:00:00,1.1273999999999997
2016-03-18 16:00:00,1.1287258333333332
2016-03-18 20:00:00,1.1271216666666666
2016-03-21 00:00:00,1.1271608333333334
2016-03-21 04:00:00,1.1276383333333333
2016-03-21 08:00:00,1.1258425
2016-03-21 12:00:00,1.1268425
2016-03-21 16:00:00,1.1256058333333332
2016-03-21 20:00:00,1.1245574999999999
2016-03-22 00:00:00,1.1237291666666667
2016-03-22 04:00:00,1.1247058333333333
2016-03-22 08:00:00,1.12404
2016-03-22 12:00:00,1.1213433333333334
2016-03-22 16:00:00,1.1222266666666665
2016-03-22 20:00:00,1.1216166666666667
2016-03-23 00:00:00,1.1215074999999999
2016-03-23 04:00:00,1.1211358333333332
2016-03-23 08:00:00,1.11953
2016-03-23 12:00:00,1.11867
2016-03-23 16:00:00,1.1176083333333335
2016-03-23 20:00:00,1.1179366666666668
2016-03-24 00:00:00,1.1179266666666667
2016-03-24 04:00:00,1.1171425
2016-03-24 08:00:00,1.1166083333333332
2016-03-24 12:00:00,1.1163958333333333
2016-03-24 16:00:00,1.1162391666666667
2016-03-24 20:00:00,1.1177549999999998
2016-03-25 00:00:00,1.1169675
2016-03-25 04:00:00,1.1158283333333334
2016-03-25 08:00:00,1.1163833333333333
2016-03-25 12:00:00,1.116695
2016-03-25 16:00:00,1.1164225
2016-03-25 20:00:00,1.1165708333333333
2016-03-28 00:00:00,1.1159091666666667
2016-03-28 04:00:00,1.1159191666666666
2016-03-28 08:00:00,1.1165558333333334
2016-03-28 12:00:00,1.1167675
2016-03-28 16:00:00,1.1203591666666668
2016-03-28 20:00:00,1.1198216666666667
2016-03-29 00:00:00,1.11968
2016-03-29 04:00:00,1.1192066666666667
2016-03-29 08:00:00,1.1183666666666665
2016-03-29 12:00:00,1.1200991666666666
2016-03-29 16:00:00,1.1210225
2016-03-29 20:00:00,1.1287816666666666
2016-03-30 00:00:00,1.1289583333333333
2016-03-30 04:00:00,1.1292841666666666
2016-03-30 08:00:00,1.1310324999999999
2016-03-30 12:00:00,1.1321008333333333
2016-03-30 16:00:00,1.1330225
2016-03-30 20:00:00,1.1330266666666668
2016-03-31 00:00:00,1.13324
2016-03-31 04:00:00,1.1317466666666667
2016-03-31 08:00:00,1.1331316666666666
2016-03-31 12:00:00,1.1377641666666667
2016-03-31 16:00:00,1.1391458333333333
2016-03-31 20:00:00,1.1383308333333333
2016-04-01 00:00:00,1.1379116666666667
2016-04-01 04:00:00,1.1373916666666666
2016-04-01 08:00:00,1.1383758333333334
2016-04-01 12:00:00,1.1407975000000001
2016-04-01 16:00:00,1.1374900000000001
2016-04-01 20:00:00,1.1390566666666666
2016-04-04 00:00:00,1.139515
2016-04-04 04:00:00,1.1395575
2016-04-04 08:00:00,1.1380075
2016-04-04 12:00:00,1.1371725
2016-04-04 16:00:00,1.1390225
2016-04-04 20:00:00,1.1395233333333332
2016-04-05 00:00:00,1.139
2016-04-05 04:00:00,1.139535
2016-04-05 08:00:00,1.1373508333333335
2016-04-05 12:00:00,1.1362275
2016-04-05 16:00:00,1.1373141666666666
2016-04-05 20:00:00,1.1385683333333334
2016-04-06 00:00:00,1.1381283333333334
2016-04-06 04:00:00,1.1372191666666667
2016-04-06 08:00:00,1.1359108333333332
2016-04-06 12:00:00,1.1349866666666666
2016-04-06 16:00:00,1.139755
2016-04-06 20:00:00,1.1405066666666666
2016-04-07 00:00:00,1.1399291666666667
2016-04-07 04:00:00,1.1400258333333333
2016-04-07 08:00:00,1.1411841666666667
2016-04-07 12:00:00,1.1379308333333333
2016-04-07 16:00:00,1.1373183333333334
2016-04-07 20:00:00,1.1374099999999998
2016-04-08 00:00:00,1.1369525
2016-04-08 04:00:00,1.1364441666666667
2016-04-08 08:00:00,1.137175
2016-04-08 12:00:00,1.136905
2016-04-08 16:00:00,1.1398166666666667
2016-04-08 20:00:00,1.1397966666666666
2016-04-11 00:00:00,1.1402800000000002
2016-04-11 04:00:00,1.1410358333333335
2016-04-11 08:00:00,1.1399883333333332
2016-04-11 12:00:00,1.139275
2016-04-11 16:00:00,1.1424916666666667
2016-04-11 20:00:00,1.1406883333333333
2016-04-12 00:00:00,1.1407008333333333
2016-04-12 04:00:00,1.14078
2016-04-12 08:00:00,1.1423699999999999
2016-04-12 12:00:00,1.1409058333333335
2016-04-12 16:00:00,1.137745
2016-04-12 20:00:00,1.1385833333333333
2016-04-13 00:00:00,1.1383083333333335
2016-04-13 04:00:00,1.1369558333333334
2016-04-13 08:00:00,1.135215
2016-04-13 12:00:00,1.1309508333333333
2016-04-13 16:00:00,1.1285391666666666
2016-04-13 20:00:00,1.1279558333333333
2016-04-14 00:00:00,1.1275491666666668
2016-04-14 04:00:00,1.126395
2016-04-14 08:00:00,1.1258074999999999
2016-04-14 12:00:00,1.1262891666666668
2016-04-14 16:00:00,1.1265208333333334
2016-04-14 20:00:00,1.1263941666666668
2016-04-15 00:00:00,1.1261608333333335
2016-04-15 04:00:00,1.1259325
2016-04-15 08:00:00,1.1259691666666667
2016-04-15 12:00:00,1.1274675
2016-04-15 16:00:00,1.1293758333333332
2016-04-15 20:00:00,1.1286275000000001
2016-04-18 00:00:00,1.1294916666666666
2016-04-18 04:00:00,1.1285858333333332
2016-04-18 08:00:00,1.1291375000000001
2016-04-18 12:00:00,1.1305583333333336
2016-04-18 16:00:00,1.131705
2016-04-18 20:00:00,1.1313433333333334
2016-04-19 00:00:00,1.1309233333333333
2016-04-19 04:00:00,1.1319866666666667
2016-04-19 08:00:00,1.1328725
2016-04-19 12:00:00,1.1338675
2016-04-19 16:00:00,1.13728
2016-04-19 20:00:00,1.137
2016-04-20 00:00:00,1.135708333333333
2016-04-20 04:00:00,1.136426666666667
2016-04-20 08:00:00,1.1359691666666667
2016-04-20 12:00:00,1.1370683333333331
2016-04-20 16:00:00,1.1333508333333333
2016-04-20 20:00:00,1.1301866666666667
2016-04-21 00:00:00,1.129925
2016-04-21 04:00:00,1.1295725
2016-04-21 08:00:00,1.1294624999999998
2016-04-21 12:00:00,1.1323066666666666
2016-04-21 16:00:00,1.1300241666666666
2016-04-21 20:00:00,1.129075
2016-04-22 00:00:00,1.128895
2016-04-22 04:00:00,1.129985
2016-04-22 08:00:00,1.128705833333333
2016-04-22 12:00:00,1.1267541666666667
2016-04-22 16:00:00,1.1242558333333332
2016-04-22 20:00:00,1.1224666666666665
2016-04-25 00:00:00,1.1226708333333333
2016-04-25 04:00:00,1.1240216666666667
2016-04-25 08:00:00,1.1245816666666668
2016-04-25 12:00:00,1.1253875
2016-04-25 16:00:00,1.1264391666666667
2016-04-25 20:00:00,1.1265766666666668
2016-04-26 00:00:00,1.1266816666666668
2016-04-26 04:00:00,1.1267150000000001
2016-04-26 08:00:00,1.1272558333333333
2016-04-26 12:00:00,1.1286841666666667
2016-04-26 16:00:00,1.13129
2016-04-26 20:00:00,1.1290316666666667
2016-04-27 00:00:00,1.1297899999999998
2016-04-27 04:00:00,1.1302316666666665
2016-04-27 08:00:00,1.1314808333333335
2016-04-27 12:00:00,1.1308833333333332
2016-04-27 16:00:00,1.1317641666666667
2016-04-27 20:00:00,1.1320375
2016-04-28 00:00:00,1.1322174999999999
2016-04-28 04:00:00,1.1315908333333335
2016-04-28 08:00:00,1.1345491666666667
2016-04-28 12:00:00,1.1349908333333334
2016-04-28 16:00:00,1.13275
2016-04-28 20:00:00,1.1349525
2016-04-29 00:00:00,1.1354441666666666
2016-04-29 04:00:00,1.1382858333333332
2016-04-29 08:00:00,1.1386566666666667
2016-04-29 12:00:00,1.1396283333333335
2016-04-29 16:00:00,1.1440808333333332
2016-04-29 20:00:00,1.1445825
2016-05-02 00:00:00,1.1461025
2016-05-02 04:00:00,1.1468574999999999
2016-05-02 08:00:00,1.1466208333333334
2016-05-02 12:00:00,1.1482616666666667
2016-05-02 16:00:00,1.1512333333333333
2016-05-02 20:00:00,1.1522716666666668
2016-05-03 00:00:00,1.1526975
2016-05-03 04:00:00,1.1533849999999999
2016-05-03 08:00:00,1.1568833333333333
2016-05-03 12:00:00,1.157555
2016-05-03 16:00:00,1.15272
2016-05-03 20:00:00,1.1511816666666665
2016-05-04 00:00:00,1.1499116666666667
2016-05-04 04:00:00,1.1484058333333333
2016-05-04 08:00:00,1.148995
2016-05-04 12:00:00,1.1491966666666666
2016-05-04 16:00:00,1.1493616666666666
2016-05-04 20:00:00,1.1491758333333335
2016-05-05 00:00:00,1.1487375
2016-05-05 04:00:00,1.1485966666666667
2016-05-05 08:00:00,1.1470491666666667
2016-05-05 12:00:00,1.1431358333333332
2016-05-05 16:00:00,1.1405358333333333
2016-05-05 20:00:00,1.1401133333333333
2016-05-06 00:00:00,1.1400899999999998
2016-05-06 04:00:00,1.1402925000000002
2016-05-06 08:00:00,1.1411983333333333
2016-05-06 12:00:00,1.1426933333333333
2016-05-06 16:00:00,1.1421158333333334
2016-05-06 20:00:00,1.140439166666667
2016-05-09 00:00:00,1.1390991666666666
2016-05-09 04:00:00,1.1399991666666667
2016-05-09 08:00:00,1.1399941666666666
2016-05-09 12:00:00,1.1392508333333333
2016-05-09 16:00:00,1.1396558333333333
2016-05-09 20:00:00,1.1383816666666666
2016-05-10 00:00:00,1.1382358333333333
2016-05-10 04:00:00,1.1378975
2016-05-10 08:00:00,1.1386558333333334
2016-05-10 12:00:00,1.13747
2016-05-10 16:00:00,1.13863
2016-05-10 20:00:00,1.1371375000000001
2016-05-11 00:00:00,1.1372091666666666
2016-05-11 04:00:00,1.1383358333333333
2016-05-11 08:00:00,1.1388291666666668
2016-05-11 12:00:00,1.1397991666666667
2016-05-11 16:00:00,1.1430866666666668
2016-05-11 20:00:00,1.1426575
2016-05-12 00:00:00,1.1424425
2016-05-12 04:00:00,1.1423975
2016-05-12 08:00:00,1.141265
2016-05-12 12:00:00,1.1397016666666666
2016-05-12 16:00:00,1.1394641666666667
2016-05-12 20:00:00,1.1376033333333335
2016-05-13 00:00:00,1.1374883333333332
2016-05-13 04:00:00,1.1371958333333334
2016-05-13 08:00:00,1.1352983333333333
2016-05-13 12:00:00,1.1341683333333334
2016-05-13 16:00:00,1.1297891666666666
2016-05-13 20:00:00,1.1304474999999998
2016-05-16 00:00:00,1.1309575
2016-05-16 04:00:00,1.1307791666666667
2016-05-16 08:00:00,1.1315074999999999
2016-05-16 12:00:00,1.1320883333333334
2016-05-16 16:00:00,1.1330591666666665
2016-05-16 20:00:00,1.1318891666666668
2016-05-17 00:00:00,1.13162
2016-05-17 04:00:00,1.1318008333333334
2016-05-17 08:00:00,1.1324941666666666
2016-05-17 12:00:00,1.1319575
2016-05-17 16:00:00,1.1334758333333332
2016-05-17 20:00:00,1.1316608333333333
2016-05-18 00:00:00,1.1311366666666667
2016-05-18 04:00:00,1.1290208333333334
2016-05-18 08:00:00,1.1272758333333335
2016-05-18 12:00:00,1.1273466666666665
2016-05-18 16:00:00,1.1275766666666667
2016-05-18 20:00:00,1.1242033333333334
2016-05-19 00:00:00,1.1220383333333332
2016-05-19 04:00:00,1.1222116666666666
2016-05-19 08:00:00,1.1216791666666666
2016-05-19 12:00:00,1.1202358333333333
2016-05-19 16:00:00,1.1204416666666666
2016-05-19 20:00:00,1.1200208333333332
2016-05-20 00:00:00,1.1200249999999998
2016-05-20 04:00:00,1.1203591666666668
2016-05-20 08:00:00,1.1215041666666665
2016-05-20 12:00:00,1.12185
2016-05-20 16:00:00,1.12144
2016-05-20 20:00:00,1.1219000000000001
2016-05-23 00:00:00,1.1218516666666667
2016-05-23 04:00:00,1.1231616666666668
2016-05-23 08:00:00,1.1223366666666665
2016-05-23 12:00:00,1.1207791666666667
2016-05-23 16:00:00,1.1197308333333333
2016-05-23 20:00:00,1.121916666666667
2016-05-24 00:00:00,1.1215566666666668
2016-05-24 04:00:00,1.1208658333333335
2016-05-24 08:00:00,1.1196275
2016-05-24 12:00:00,1.1175125
2016-05-24 16:00:00,1.1152016666666666
2016-05-24 20:00:00,1.114225
2016-05-25 00:00:00,1.1138625000000002
2016-05-25 04:00:00,1.1147683333333334
2016-05-25 08:00:00,1.1148391666666666
2016-05-25 12:00:00,1.1145066666666668
2016-05-25 16:00:00,1.1149283333333333
2016-05-25 20:00:00,1.1157541666666666
2016-05-26 00:00:00,1.1157208333333335
2016-05-26 04:00:00,1.1176416666666666
2016-05-26 08:00:00,1.117585
2016-05-26 12:00:00,1.1180783333333335
2016-05-26 16:00:00,1.1187208333333332
2016-05-26 20:00:00,1.1187233333333333
2016-05-27 00:00:00,1.1191674999999999
2016-05-27 04:00:00,1.1187841666666667
2016-05-27 08:00:00,1.118565
2016-05-27 12:00:00,1.11712
2016-05-27 16:00:00,1.1140058333333334
2016-05-27 20:00:00,1.1117958333333333
2016-05-30 00:00:00,1.1108525
2016-05-30 04:00:00,1.1103275000000001
2016-05-30 08:00:00,1.1117008333333334
2016-05-30 12:00:00,1.1136766666666666
2016-05-30 16:00:00,1.1136616666666665
2016-05-30 20:00:00,1.1137008333333336
2016-05-31 00:00:00,1.1141341666666666
2016-05-31 04:00:00,1.1145333333333334
2016-05-31 08:00:00,1.1129791666666666
2016-05-31 12:00:00,1.115095
2016-05-31 16:00:00,1.1144733333333332
2016-05-31 20:00:00,1.1131125000000002
2016-06-01 00:00:00,1.11293
2016-06-01 04:00:00,1.1120916666666667
2016-06-01 08:00:00,1.1136416666666666
2016-06-01 12:00:00,1.1166358333333333
2016-06-01 16:00:00,1.116835
2016-06-01 20:00:00,1.1184708333333333
2016-06-02 00:00:00,1.1187316666666667
2016-06-02 04:00:00,1.1202516666666666
2016-06-02 08:00:00,1.120365
2016-06-02 12:00:00,1.1196008333333332
2016-06-02 16:00:00,1.1160083333333333
2016-06-02 20:00:00,1.11527
2016-06-03 00:00:00,1.1150066666666667
2016-06-03 04:00:00,1.1151725
2016-06-03 08:00:00,1.1151475
2016-06-03 12:00:00,1.1167058333333335
2016-06-03 16:00:00,1.1327366666666667
2016-06-03 20:00:00,1.1348975000000001
2016-06-06 00:00:00,1.1354341666666667
2016-06-06 04:00:00,1.1342658333333333
2016-06-06 08:00:00,1.1346991666666666
2016-06-06 12:00:00,1.134425
2016-06-06 16:00:00,1.135775
2016-06-06 20:00:00,1.1366066666666668
2016-06-07 00:00:00,1.1357391666666667
2016-06-07 04:00:00,1.1354666666666666
2016-06-07 08:00:00,1.1359491666666668
2016-06-07 12:00:00,1.1359591666666666
2016-06-07 16:00:00,1.1352733333333334
2016-06-07 20:00:00,1.1358083333333333
2016-06-08 00:00:00,1.1356766666666667
2016-06-08 04:00:00,1.1367066666666668
2016-06-08 08:00:00,1.1368741666666666
2016-06-08 12:00:00,1.1376491666666666
2016-06-08 16:00:00,1.1398708333333334
2016-06-08 20:00:00,1.1397024999999998
2016-06-09 00:00:00,1.1399333333333335
2016-06-09 04:00:00,1.1407183333333333
2016-06-09 08:00:00,1.1387366666666665
2016-06-09 12:00:00,1.1345058333333333
2016-06-09 16:00:00,1.1322233333333336
2016-06-09 20:00:00,1.1322783333333333
2016-06-10 00:00:00,1.1310283333333333
2016-06-10 04:00:00,1.1296683333333335
2016-06-10 08:00:00,1.1303808333333332
2016-06-10 12:00:00,1.1297483333333334
2016-06-10 16:00:00,1.1287166666666666
2016-06-10 20:00:00,1.1256608333333333
2016-06-13 00:00:00,1.1245091666666667
2016-06-13 04:00:00,1.124565
2016-06-13 08:00:00,1.1260474999999999
2016-06-13 12:00:00,1.1264375
2016-06-13 16:00:00,1.127951666666667
2016-06-13 20:00:00,1.1291958333333334
2016-06-14 00:00:00,1.1289308333333334
2016-06-14 04:00:00,1.1292941666666667
2016-06-14 08:00:00,1.126175
2016-06-14 12:00:00,1.12235
2016-06-14 16:00:00,1.1208683333333334
2016-06-14 20:00:00,1.12073
2016-06-15 00:00:00,1.1206825
2016-06-15 04:00:00,1.12028
2016-06-15 08:00:00,1.121515
2016-06-15 12:00:00,1.1226033333333334
2016-06-15 16:00:00,1.1233608333333334
2016-06-15 20:00:00,1.1262025000000002
2016-06-16 00:00:00,1.1262750000000001
2016-06-16 04:00:00,1.1266758333333333
2016-06-16 08:00:00,1.1275391666666668
2016-06-16 12:00:00,1.1207083333333334
2016-06-16 16:00:00,1.1162858333333334
2016-06-16 20:00:00,1.12307
2016-06-17 00:00:00,1.1244466666666666
2016-06-17 04:00:00,1.1258124999999999
2016-06-17 08:00:00,1.1245708333333333
2016-06-17 12:00:00,1.1253516666666665
2016-06-17 16:00:00,1.1260108333333334
2016-06-17 20:00:00,1.1275525000000002
2016-06-20 00:00:00,1.1332408333333333
2016-06-20 04:00:00,1.1363425
2016-06-20 08:00:00,1.13477
2016-06-20 12:00:00,1.13331
2016-06-20 16:00:00,1.1329741666666666
2016-06-20 20:00:00,1.1310466666666668
2016-06-21 00:00:00,1.1317608333333335
2016-06-21 04:00:00,1.1333508333333333
2016-06-21 08:00:00,1.1336358333333332
2016-06-21 12:00:00,1.1319775
2016-06-21 16:00:00,1.1262050000000001
2016-06-21 20:00:00,1.1255191666666668
2016-06-22 00:00:00,1.124875
2016-06-22 04:00:00,1.1258883333333334
2016-06-22 08:00:00,1.1267033333333334
2016-06-22 12:00:00,1.12902
2016-06-22 16:00:00,1.12984
2016-06-22 20:00:00,1.1300116666666666
2016-06-23 00:00:00,1.1327725
2016-06-23 04:00:00,1.1337233333333334
2016-06-23 08:00:00,1.133745
2016-06-23 12:00:00,1.1389841666666665
2016-06-23 16:00:00,1.1365183333333333
2016-06-23 20:00:00,1.1365425
2016-06-24 00:00:00,1.1352408333333335
2016-06-24 04:00:00,1.1078575
2016-06-24 08:00:00,1.10732
2016-06-24 12:00:00,1.1077258333333333
2016-06-24 16:00:00,1.1105925
2016-06-24 20:00:00,1.1123658333333333
2016-06-27 00:00:00,1.1037774999999999
2016-06-27 04:00:00,1.1008391666666668
2016-06-27 08:00:00,1.1045091666666667
2016-06-27 12:00:00,1.1009233333333333
2016-06-27 16:00:00,1.1008883333333335
2016-06-27 20:00:00,1.101355
2016-06-28 00:00:00,1.1016949999999999
2016-06-28 04:00:00,1.104935
2016-06-28 08:00:00,1.1062558333333332
2016-06-28 12:00:00,1.1081008333333333
2016-06-28 16:00:00,1.1055033333333333
2016-06-28 20:00:00,1.1057441666666668
2016-06-29 00:00:00,1.1070941666666667
2016-06-29 04:00:00,1.1061408333333334
2016-06-29 08:00:00,1.1067716666666667
2016-06-29 12:00:00,1.1079375
2016-06-29 16:00:00,1.1106525
2016-06-29 20:00:00,1.1108091666666666
2016-06-30 00:00:00,1.1119725
2016-06-30 04:00:00,1.1106150000000001
2016-06-30 08:00:00,1.1104933333333333
2016-06-30 12:00:00,1.1121533333333333
2016-06-30 16:00:00,1.1084383333333334
2016-06-30 20:00:00,1.1078008333333331
2016-07-01 00:00:00,1.1103033333333334
2016-07-01 04:00:00,1.1099916666666667
2016-07-01 08:00:00,1.1094183333333334
2016-07-01 12:00:00,1.1119383333333335
2016-07-01 16:00:00,1.1141483333333333
2016-07-01 20:00:00,1.1130125000000002
2016-07-04 00:00:00,1.1129041666666666
2016-07-04 04:00:00,1.1136133333333333
2016-07-04 08:00:00,1.1124591666666666
2016-07-04 12:00:00,1.1129833333333332
2016-07-04 16:00:00,1.1139391666666665
2016-07-04 20:00:00,1.1154291666666665
2016-07-05 00:00:00,1.1144283333333334
2016-07-05 04:00:00,1.1129025000000001
2016-07-05 08:00:00,1.1138041666666667
2016-07-05 12:00:00,1.1147333333333331
2016-07-05 16:00:00,1.1110633333333333
2016-07-05 20:00:00,1.1075008333333334
2016-07-06 00:00:00,1.1061891666666668
2016-07-06 04:00:00,1.1046475
2016-07-06 08:00:00,1.1058533333333334
2016-07-06 12:00:00,1.1062566666666667
2016-07-06 16:00:00,1.1072075000000001
2016-07-06 20:00:00,1.1097966666666665
2016-07-07 00:00:00,1.1093549999999999
2016-07-07 04:00:00,1.1090391666666668
2016-07-07 08:00:00,1.1080041666666667
2016-07-07 12:00:00,1.1082983333333334
2016-07-07 16:00:00,1.1073741666666668
2016-07-07 20:00:00,1.1058658333333333
2016-07-08 00:00:00,1.1063275
2016-07-08 04:00:00,1.10768
2016-07-08 08:00:00,1.1078525
2016-07-08 12:00:00,1.1057525
2016-07-08 16:00:00,1.1047108333333333
2016-07-08 20:00:00,1.10477
2016-07-11 00:00:00,1.1045058333333333
2016-07-11 04:00:00,1.1048025000000001
2016-07-11 08:00:00,1.1035541666666666
2016-07-11 12:00:00,1.1042041666666667
2016-07-11 16:00:00,1.105175
2016-07-11 20:00:00,1.1056724999999998
2016-07-12 00:00:00,1.1057983333333332
2016-07-12 04:00:00,1.1077025
2016-07-12 08:00:00,1.109675
2016-07-12 12:00:00,1.1098441666666667
2016-07-12 16:00:00,1.1080858333333334
2016-07-12 20:00:00,1.1067808333333333
2016-07-13 00:00:00,1.10613
2016-07-13 04:00:00,1.1062291666666666
2016-07-13 08:00:00,1.1057875000000001
2016-07-13 12:00:00,1.1076433333333333
2016-07-13 16:00:00,1.1100608333333333
2016-07-13 20:00:00,1.11009
2016-07-14 00:00:00,1.1095091666666665
2016-07-14 04:00:00,1.1107091666666666
2016-07-14 08:00:00,1.110505
2016-07-14 12:00:00,1.1120983333333334
2016-07-14 16:00:00,1.1109791666666666
2016-07-14 20:00:00,1.11184
2016-07-15 00:00:00,1.111205
2016-07-15 04:00:00,1.1124233333333333
2016-07-15 08:00:00,1.1128933333333335
2016-07-15 12:00:00,1.1130316666666666
2016-07-15 16:00:00,1.1071691666666668
2016-07-15 20:00:00,1.1057808333333334
2016-07-18 00:00:00,1.10535
2016-07-18 04:00:00,1.1063758333333333
2016-07-18 08:00:00,1.1058166666666667
2016-07-18 12:00:00,1.1049324999999999
2016-07-18 16:00:00,1.1066908333333334
2016-07-18 20:00:00,1.1072433333333334
2016-07-19 00:00:00,1.1071541666666667
2016-07-19 04:00:00,1.1072691666666667
2016-07-19 08:00:00,1.1066241666666667
2016-07-19 12:00:00,1.1046716666666665
2016-07-19 16:00:00,1.1014833333333334
2016-07-19 20:00:00,1.101545
2016-07-20 00:00:00,1.1015958333333333
2016-07-20 04:00:00,1.100965
2016-07-20 08:00:00,1.1000641666666666
2016-07-20 12:00:00,1.1006683333333334
2016-07-20 16:00:00,1.1003975
2016-07-20 20:00:00,1.1008483333333334
2016-07-21 00:00:00,1.1011391666666666
2016-07-21 04:00:00,1.1027033333333334
2016-07-21 08:00:00,1.1030316666666666
2016-07-21 12:00:00,1.1022675
2016-07-21 16:00:00,1.1009433333333334
2016-07-21 20:00:00,1.1015633333333332
2016-07-22 00:00:00,1.1026258333333332
2016-07-22 04:00:00,1.102445
2016-07-22 08:00:00,1.1025916666666666
2016-07-22 12:00:00,1.1021
2016-07-22 16:00:00,1.0984316666666667
2016-07-22 20:00:00,1.0966691666666666
2016-07-25 00:00:00,1.0967233333333333
2016-07-25 04:00:00,1.096695
2016-07-25 08:00:00,1.0971758333333332
2016-07-25 12:00:00,1.0984875
2016-07-25 16:00:00,1.0978075
2016-07-25 20:00:00,1.0991141666666666
2016-07-26 00:00:00,1.0990425
2016-07-26 04:00:00,1.0990550000000001
2016-07-26 08:00:00,1.1008291666666667
2016-07-26 12:00:00,1.1003483333333333
2016-07-26 16:00:00,1.0988341666666668
2016-07-26 20:00:00,1.0987183333333332
2016-07-27 00:00:00,1.09866
2016-07-27 04:00:00,1.0992508333333333
2016-07-27 08:00:00,1.0994366666666666
2016-07-27 12:00:00,1.0995808333333335
2016-07-27 16:00:00,1.0992916666666668
2016-07-27 20:00:00,1.1023716666666667
2016-07-28 00:00:00,1.1061991666666666
2016-07-28 04:00:00,1.1068516666666666
2016-07-28 08:00:00,1.10899
2016-07-28 12:00:00,1.109015
2016-07-28 16:00:00,1.1089791666666666
2016-07-28 20:00:00,1.1074091666666668
2016-07-29 00:00:00,1.1078033333333333
2016-07-29 04:00:00,1.1083066666666668
2016-07-29 08:00:00,1.1086758333333333
2016-07-29 12:00:00,1.1115741666666665
2016-07-29 16:00:00,1.1168133333333334
2016-07-29 20:00:00,1.1172583333333332
2016-08-01 00:00:00,1.1172108333333335
2016-08-01 04:00:00,1.117395
2016-08-01 08:00:00,1.1167591666666667
2016-08-01 12:00:00,1.1164616666666667
2016-08-01 16:00:00,1.1169591666666667
2016-08-01 20:00:00,1.1166041666666664
2016-08-02 00:00:00,1.1165508333333332
2016-08-02 04:00:00,1.1170166666666668
2016-08-02 08:00:00,1.1188466666666665
2016-08-02 12:00:00,1.1195241666666667
2016-08-02 16:00:00,1.1218866666666667
2016-08-02 20:00:00,1.1224691666666666
2016-08-03 00:00:00,1.1218733333333333
2016-08-03 04:00:00,1.1211991666666667
2016-08-03 08:00:00,1.1206383333333334
2016-08-03 12:00:00,1.1196533333333334
2016-08-03 16:00:00,1.1175175
2016-08-03 20:00:00,1.1148275
2016-08-04 00:00:00,1.1147974999999999
2016-08-04 04:00:00,1.1146216666666668
2016-08-04 08:00:00,1.1136158333333332
2016-08-04 12:00:00,1.1130166666666665
2016-08-04 16:00:00,1.113825
2016-08-04 20:00:00,1.113
2016-08-05 00:00:00,1.1129574999999998
2016-08-05 04:00:00,1.1133091666666668
2016-08-05 08:00:00,1.1140341666666667
2016-08-05 12:00:00,1.1137291666666667
2016-08-05 16:00:00,1.1071441666666666
2016-08-05 20:00:00,1.1089658333333334
2016-08-08 00:00:00,1.108545
2016-08-08 04:00:00,1.1096883333333334
2016-08-08 08:00:00,1.1088733333333334
2016-08-08 12:00:00,1.1085758333333333
2016-08-08 16:00:00,1.1076941666666666
2016-08-08 20:00:00,1.1082166666666666
2016-08-09 00:00:00,1.1084466666666666
2016-08-09 04:00:00,1.10808
2016-08-09 08:00:00,1.1078966666666668
2016-08-09 12:00:00,1.1083224999999999
2016-08-09 16:00:00,1.1105341666666666
2016-08-09 20:00:00,1.1110125
2016-08-10 00:00:00,1.1119425
2016-08-10 04:00:00,1.1147991666666668
2016-08-10 08:00:00,1.1145524999999998
2016-08-10 12:00:00,1.1176908333333333
2016-08-10 16:00:00,1.1170775
2016-08-10 20:00:00,1.1175125
2016-08-11 00:00:00,1.1183508333333334
2016-08-11 04:00:00,1.1173641666666667
2016-08-11 08:00:00,1.1155833333333334
2016-08-11 12:00:00,1.1147883333333333
2016-08-11 16:00:00,1.11666
2016-08-11 20:00:00,1.1141325
2016-08-12 00:00:00,1.1137116666666667
2016-08-12 04:00:00,1.1138241666666666
2016-08-12 08:00:00,1.1144666666666667
2016-08-12 12:00:00,1.1161183333333333
2016-08-12 16:00:00,1.1180608333333333
2016-08-12 20:00:00,1.1162975
2016-08-15 00:00:00,1.1161858333333334
2016-08-15 04:00:00,1.1156633333333332
2016-08-15 08:00:00,1.1166025
2016-08-15 12:00:00,1.1173024999999999
2016-08-15 16:00:00,1.1190625
2016-08-15 20:00:00,1.1183175
2016-08-16 00:00:00,1.118245
2016-08-16 04:00:00,1.1189166666666666
2016-08-16 08:00:00,1.1240925
2016-08-16 12:00:00,1.1278800000000002
2016-08-16 16:00:00,1.1269316666666667
2016-08-16 20:00:00,1.1276658333333334
2016-08-17 00:00:00,1.12761
2016-08-17 04:00:00,1.1275308333333334
2016-08-17 08:00:00,1.1263175
2016-08-17 12:00:00,1.1268908333333334
2016-08-17 16:00:00,1.1268775
2016-08-17 20:00:00,1.1278966666666665
2016-08-18 00:00:00,1.129425
2016-08-18 04:00:00,1.1309166666666666
2016-08-18 08:00:00,1.1316358333333334
2016-08-18 12:00:00,1.1318808333333332
2016-08-18 16:00:00,1.1324391666666667
2016-08-18 20:00:00,1.1351116666666665
2016-08-19 00:00:00,1.13466
2016-08-19 04:00:00,1.1334625
2016-08-19 08:00:00,1.1329508333333334
2016-08-19 12:00:00,1.131945
2016-08-19 16:00:00,1.1321458333333334
2016-08-19 20:00:00,1.1321816666666666
2016-08-22 00:00:00,1.1305625
2016-08-22 04:00:00,1.128345
2016-08-22 08:00:00,1.1281591666666666
2016-08-22 12:00:00,1.1298916666666667
2016-08-22 16:00:00,1.1316491666666666
2016-08-22 20:00:00,1.1320391666666667
2016-08-23 00:00:00,1.1320383333333335
2016-08-23 04:00:00,1.1330966666666666
2016-08-23 08:00:00,1.1337558333333333
2016-08-23 12:00:00,1.1334566666666666
2016-08-23 16:00:00,1.132025
2016-08-23 20:00:00,1.13078
2016-08-24 00:00:00,1.1302591666666666
2016-08-24 04:00:00,1.12981
2016-08-24 08:00:00,1.1293875
2016-08-24 12:00:00,1.1272391666666666
2016-08-24 16:00:00,1.1257433333333333
2016-08-24 20:00:00,1.126345
2016-08-25 00:00:00,1.1264433333333335
2016-08-25 04:00:00,1.1270441666666666
2016-08-25 08:00:00,1.1273841666666666
2016-08-25 12:00:00,1.1289141666666667
2016-08-25 16:00:00,1.1281833333333335
2016-08-25 20:00:00,1.1280308333333333
2016-08-26 00:00:00,1.12854
2016-08-26 04:00:00,1.1289358333333332
2016-08-26 08:00:00,1.1291875
2016-08-26 12:00:00,1.12915
2016-08-26 16:00:00,1.1264983333333332
2016-08-26 20:00:00,1.1199541666666666
2016-08-29 00:00:00,1.119105
2016-08-29 04:00:00,1.1198691666666665
2016-08-29 08:00:00,1.1192316666666668
2016-08-29 12:00:00,1.1176716666666666
2016-08-29 16:00:00,1.1171725000000001
2016-08-29 20:00:00,1.1186574999999999
2016-08-30 00:00:00,1.1186641666666668
2016-08-30 04:00:00,1.1171699999999998
2016-08-30 08:00:00,1.1168158333333333
2016-08-30 12:00:00,1.1165991666666666
2016-08-30 16:00:00,1.1148983333333333
2016-08-30 20:00:00,1.1140566666666665
2016-08-31 00:00:00,1.1144716666666667
2016-08-31 04:00:00,1.1154074999999999
2016-08-31 08:00:00,1.1140908333333335
2016-08-31 12:00:00,1.1138641666666667
2016-08-31 16:00:00,1.1143183333333335
2016-08-31 20:00:00,1.1154691666666667
2016-09-01 00:00:00,1.1156758333333334
2016-09-01 04:00:00,1.1156941666666667
2016-09-01 08:00:00,1.11443
2016-09-01 12:00:00,1.1145183333333333
2016-09-01 16:00:00,1.1174541666666666
2016-09-01 20:00:00,1.1197575
2016-09-02 00:00:00,1.1196516666666667
2016-09-02 04:00:00,1.1199133333333333
2016-09-02 08:00:00,1.1191616666666666
2016-09-02 12:00:00,1.1188908333333334
2016-09-02 16:00:00,1.1173841666666666
2016-09-02 20:00:00,1.1157325
2016-09-05 00:00:00,1.1156125000000001
2016-09-05 04:00:00,1.1164066666666668
2016-09-05 08:00:00,1.1174416666666667
2016-09-05 12:00:00,1.1161433333333335
2016-09-05 16:00:00,1.1147016666666665
2016-09-05 20:00:00,1.1149166666666668
2016-09-06 00:00:00,1.114725
2016-09-06 04:00:00,1.1149716666666667
2016-09-06 08:00:00,1.1155166666666667
2016-09-06 12:00:00,1.1162475
2016-09-06 16:00:00,1.1213908333333333
2016-09-06 20:00:00,1.1251883333333335
2016-09-07 00:00:00,1.1247408333333333
2016-09-07 04:00:00,1.1248991666666668
2016-09-07 08:00:00,1.12478
2016-09-07 12:00:00,1.1241725
2016-09-07 16:00:00,1.1242291666666666
2016-09-07 20:00:00,1.1239116666666664
2016-09-08 00:00:00,1.1240333333333332
2016-09-08 04:00:00,1.1250616666666666
2016-09-08 08:00:00,1.1260316666666668
2016-09-08 12:00:00,1.1289341666666668
2016-09-08 16:00:00,1.1272041666666666
2016-09-08 20:00:00,1.1254408333333332
2016-09-09 00:00:00,1.126535
2016-09-09 04:00:00,1.127455
2016-09-09 08:00:00,1.1274383333333333
2016-09-09 12:00:00,1.1261816666666666
2016-09-09 16:00:00,1.1213075000000001
2016-09-09 20:00:00,1.12226
2016-09-12 00:00:00,1.1236991666666667
2016-09-12 04:00:00,1.124135
2016-09-12 08:00:00,1.1246508333333334
2016-09-12 12:00:00,1.1223425000000002
2016-09-12 16:00:00,1.1226458333333333
2016-09-12 20:00:00,1.1239758333333332
2016-09-13 00:00:00,1.1235383333333333
2016-09-13 04:00:00,1.1232041666666666
2016-09-13 08:00:00,1.1230108333333333
2016-09-13 12:00:00,1.1231491666666666
2016-09-13 16:00:00,1.1238175
2016-09-13 20:00:00,1.121745
2016-09-14 00:00:00,1.1215966666666666
2016-09-14 04:00:00,1.1220358333333333
2016-09-14 08:00:00,1.1226116666666668
2016-09-14 12:00:00,1.1224008333333333
2016-09-14 16:00:00,1.1246075
2016-09-14 20:00:00,1.1248941666666665
2016-09-15 00:00:00,1.1244991666666668
2016-09-15 04:00:00,1.1244008333333333
2016-09-15 08:00:00,1.1235083333333333
2016-09-15 12:00:00,1.124565
2016-09-15 16:00:00,1.1240316666666668
2016-09-15 20:00:00,1.1244283333333334
2016-09-16 00:00:00,1.1244208333333332
2016-09-16 04:00:00,1.124015
2016-09-16 08:00:00,1.123545
2016-09-16 12:00:00,1.1217774999999999
2016-09-16 16:00:00,1.1164641666666666
2016-09-16 20:00:00,1.115515
2016-09-19 00:00:00,1.11558
2016-09-19 04:00:00,1.1166008333333335
2016-09-19 08:00:00,1.1163275
2016-09-19 12:00:00,1.1164758333333333
2016-09-19 16:00:00,1.1178558333333335
2016-09-19 20:00:00,1.1175408333333334
2016-09-20 00:00:00,1.11751
2016-09-20 04:00:00,1.1171525
2016-09-20 08:00:00,1.1189675
2016-09-20 12:00:00,1.1181983333333332
2016-09-20 16:00:00,1.1170833333333334
2016-09-20 20:00:00,1.1157525000000001
2016-09-21 00:00:00,1.1151825
2016-09-21 04:00:00,1.1146866666666666
2016-09-21 08:00:00,1.11415
2016-09-21 12:00:00,1.1147241666666667
2016-09-21 16:00:00,1.1150341666666668
2016-09-21 20:00:00,1.1173041666666668
2016-09-22 00:00:00,1.1190708333333335
2016-09-22 04:00:00,1.1191391666666666
2016-09-22 08:00:00,1.1220683333333334
2016-09-22 12:00:00,1.1235925
2016-09-22 16:00:00,1.1237758333333334
2016-09-22 20:00:00,1.1208141666666667
2016-09-23 00:00:00,1.1206866666666666
2016-09-23 04:00:00,1.1198166666666667
2016-09-23 08:00:00,1.1202691666666666
2016-09-23 12:00:00,1.1216341666666667
2016-09-23 16:00:00,1.1219716666666666
2016-09-23 20:00:00,1.1230266666666666
2016-09-26 00:00:00,1.1232208333333333
2016-09-26 04:00:00,1.123045
2016-09-26 08:00:00,1.1229799999999999
2016-09-26 12:00:00,1.1250149999999999
2016-09-26 16:00:00,1.1260141666666668
2016-09-26 20:00:00,1.125525
2016-09-27 00:00:00,1.1249308333333334
2016-09-27 04:00:00,1.1244500000000002
2016-09-27 08:00:00,1.1244783333333335
2016-09-27 12:00:00,1.123305
2016-09-27 16:00:00,1.1207533333333333
2016-09-27 20:00:00,1.1219325
2016-09-28 00:00:00,1.1214716666666664
2016-09-28 04:00:00,1.120815
2016-09-28 08:00:00,1.1203175
2016-09-28 12:00:00,1.1217466666666667
2016-09-28 16:00:00,1.1203591666666666
2016-09-28 20:00:00,1.1213141666666666
2016-09-29 00:00:00,1.1219641666666667
2016-09-29 04:00:00,1.1227983333333333
2016-09-29 08:00:00,1.1221458333333334
2016-09-29 12:00:00,1.1215125
2016-09-29 16:00:00,1.1226133333333332
2016-09-29 20:00:00,1.1215241666666667
2016-09-30 00:00:00,1.1216933333333332
2016-09-30 04:00:00,1.1215158333333335
2016-09-30 08:00:00,1.1200775
2016-09-30 12:00:00,1.1170283333333333
2016-09-30 16:00:00,1.1223658333333333
2016-09-30 20:00:00,1.1234758333333335
2016-10-03 00:00:00,1.1233166666666665
2016-10-03 04:00:00,1.12332
2016-10-03 08:00:00,1.1231175
2016-10-03 12:00:00,1.1234658333333334
2016-10-03 16:00:00,1.1216925
2016-10-03 20:00:00,1.1214525
2016-10-04 00:00:00,1.1209775
2016-10-04 04:00:00,1.1200375
2016-10-04 08:00:00,1.1179083333333333
2016-10-04 12:00:00,1.1164475
2016-10-04 16:00:00,1.1176875
2016-10-04 20:00:00,1.120095
2016-10-05 00:00:00,1.1205841666666667
2016-10-05 04:00:00,1.1219441666666667
2016-10-05 08:00:00,1.121835
2016-10-05 12:00:00,1.1218058333333332
2016-10-05 16:00:00,1.1203758333333333
2016-10-05 20:00:00,1.1209516666666668
2016-10-06 00:00:00,1.1205816666666668
2016-10-06 04:00:00,1.1201133333333335
2016-10-06 08:00:00,1.11959
2016-10-06 12:00:00,1.1183575
2016-10-06 16:00:00,1.1166941666666668
2016-10-06 20:00:00,1.1149641666666665
2016-10-07 00:00:00,1.1141241666666666
2016-10-07 04:00:00,1.1121383333333332
2016-10-07 08:00:00,1.1116383333333335
2016-10-07 12:00:00,1.1138516666666667
2016-10-07 16:00:00,1.1172508333333333
2016-10-07 20:00:00,1.1183483333333333
2016-10-10 00:00:00,1.1191825
2016-10-10 04:00:00,1.1190808333333333
2016-10-10 08:00:00,1.1179725
2016-10-10 12:00:00,1.1164108333333334
2016-10-10 16:00:00,1.1152558333333333
2016-10-10 20:00:00,1.1136825000000001
2016-10-11 00:00:00,1.1137033333333335
2016-10-11 04:00:00,1.1128275
2016-10-11 08:00:00,1.1117916666666665
2016-10-11 12:00:00,1.1090775
2016-10-11 16:00:00,1.1068008333333335
2016-10-11 20:00:00,1.1054658333333331
2016-10-12 00:00:00,1.1054283333333332
2016-10-12 04:00:00,1.1049541666666667
2016-10-12 08:00:00,1.1041641666666666
2016-10-12 12:00:00,1.102021666666667
2016-10-12 16:00:00,1.1019991666666666
2016-10-12 20:00:00,1.1016741666666667
2016-10-13 00:00:00,1.1009041666666668
2016-10-13 04:00:00,1.10203
2016-10-13 08:00:00,1.1009250000000002
2016-10-13 12:00:00,1.1024591666666668
2016-10-13 16:00:00,1.1033841666666666
2016-10-13 20:00:00,1.1050799999999998
2016-10-14 00:00:00,1.10502
2016-10-14 04:00:00,1.1039066666666666
2016-10-14 08:00:00,1.1019591666666666
2016-10-14 12:00:00,1.101255
2016-10-14 16:00:00,1.0999641666666666
2016-10-14 20:00:00,1.0982658333333333
2016-10-17 00:00:00,1.0967625
2016-10-17 04:00:00,1.0977158333333332
2016-10-17 08:00:00,1.0983483333333333
2016-10-17 12:00:00,1.0993591666666667
2016-10-17 16:00:00,1.0996383333333335
2016-10-17 20:00:00,1.0999941666666666
2016-10-18 00:00:00,1.1005233333333333
2016-10-18 04:00:00,1.1018683333333332
2016-10-18 08:00:00,1.1014266666666668
2016-10-18 12:00:00,1.1005208333333334
2016-10-18 16:00:00,1.0984125
2016-10-18 20:00:00,1.0980741666666667
2016-10-19 00:00:00,1.0978858333333334
2016-10-19 04:00:00,1.0989016666666667
2016-10-19 08:00:00,1.0985966666666667
2016-10-19 12:00:00,1.0983033333333334
2016-10-19 16:00:00,1.0965383333333334
2016-10-19 20:00:00,1.0967349999999998
2016-10-20 00:00:00,1.0973375
2016-10-20 04:00:00,1.0971233333333332
2016-10-20 08:00:00,1.096635
2016-10-20 12:00:00,1.097755
2016-10-20 16:00:00,1.09381
2016-10-20 20:00:00,1.0929558333333333
2016-10-21 00:00:00,1.0925266666666666
2016-10-21 04:00:00,1.0905083333333334
2016-10-21 08:00:00,1.0895025
2016-10-21 12:00:00,1.08885
2016-10-21 16:00:00,1.0871191666666666
2016-10-21 20:00:00,1.0873225
2016-10-24 00:00:00,1.0878700000000001
2016-10-24 04:00:00,1.0865108333333333
2016-10-24 08:00:00,1.088135
2016-10-24 12:00:00,1.0890858333333333
2016-10-24 16:00:00,1.0883741666666666
2016-10-24 20:00:00,1.0875416666666666
2016-10-25 00:00:00,1.0872483333333334
2016-10-25 04:00:00,1.0877183333333336
2016-10-25 08:00:00,1.0879633333333334
2016-10-25 12:00:00,1.0876800000000002
2016-10-25 16:00:00,1.0871024999999999
2016-10-25 20:00:00,1.0889758333333335
2016-10-26 00:00:00,1.0886099999999999
2016-10-26 04:00:00,1.0886816666666668
2016-10-26 08:00:00,1.0904975
2016-10-26 12:00:00,1.0921516666666666
2016-10-26 16:00:00,1.0919325
2016-10-26 20:00:00,1.0905508333333334
2016-10-27 00:00:00,1.0906491666666667
2016-10-27 04:00:00,1.089855
2016-10-27 08:00:00,1.0907149999999999
2016-10-27 12:00:00,1.0919841666666668
2016-10-27 16:00:00,1.0910958333333332
2016-10-27 20:00:00,1.0897175000000001
2016-10-28 00:00:00,1.089705
2016-10-28 04:00:00,1.09042
2016-10-28 08:00:00,1.0910108333333335
2016-10-28 12:00:00,1.0915558333333335
2016-10-28 16:00:00,1.0931308333333334
2016-10-28 20:00:00,1.0978566666666667
2016-10-31 00:00:00,1.097955
2016-10-31 04:00:00,1.096695
2016-10-31 08:00:00,1.0961541666666665
2016-10-31 12:00:00,1.0950633333333333
2016-10-31 16:00:00,1.0950725000000001
2016-10-31 20:00:00,1.0970716666666667
2016-11-01 00:00:00,1.0971516666666667
2016-11-01 04:00:00,1.0963916666666669
2016-11-01 08:00:00,1.0974125
2016-11-01 12:00:00,1.1007766666666665
2016-11-01 16:00:00,1.1039125
2016-11-01 20:00:00,1.1056508333333335
2016-11-02 00:00:00,1.1055424999999999
2016-11-02 04:00:00,1.1062858333333334
2016-11-02 08:00:00,1.1071941666666667
2016-11-02 12:00:00,1.108505
2016-11-02 16:00:00,1.1107550000000002
2016-11-02 20:00:00,1.1096883333333332
2016-11-03 00:00:00,1.1096191666666668
2016-11-03 04:00:00,1.1115308333333334
2016-11-03 08:00:00,1.1112441666666664
2016-11-03 12:00:00,1.1081591666666666
2016-11-03 16:00:00,1.1082224999999999
2016-11-03 20:00:00,1.1107308333333334
2016-11-04 00:00:00,1.1102883333333333
2016-11-04 04:00:00,1.1094
2016-11-04 08:00:00,1.1096066666666666
2016-11-04 12:00:00,1.1096975000000002
2016-11-04 16:00:00,1.1111758333333333
2016-11-04 20:00:00,1.1124708333333333
2016-11-07 00:00:00,1.1101316666666667
2016-11-07 04:00:00,1.1082808333333334
2016-11-07 08:00:00,1.1062608333333332
2016-11-07 12:00:00,1.1063174999999998
2016-11-07 16:00:00,1.1046258333333334
2016-11-07 20:00:00,1.10385
2016-11-08 00:00:00,1.1042841666666665
2016-11-08 04:00:00,1.103675
2016-11-08 08:00:00,1.1049416666666667
2016-11-08 12:00:00,1.1045458333333333
2016-11-08 16:00:00,1.1043866666666666
2016-11-08 20:00:00,1.1021916666666667
2016-11-09 00:00:00,1.1015658333333334
2016-11-09 04:00:00,1.1144625000000001
2016-11-09 08:00:00,1.1190858333333333
2016-11-09 12:00:00,1.1070700000000002
2016-11-09 16:00:00,1.0970108333333333
2016-11-09 20:00:00,1.0930408333333332
2016-11-10 00:00:00,1.0917333333333334
2016-11-10 04:00:00,1.0934316666666668
2016-11-10 08:00:00,1.0935316666666668
2016-11-10 12:00:00,1.0898608333333333
2016-11-10 16:00:00,1.0884566666666666
2016-11-10 20:00:00,1.0890816666666665
2016-11-11 00:00:00,1.08861
2016-11-11 04:00:00,1.08994
2016-11-11 08:00:00,1.0903999999999998
2016-11-11 12:00:00,1.087415
2016-11-11 16:00:00,1.0871041666666668
2016-11-11 20:00:00,1.0848283333333333
2016-11-14 00:00:00,1.0830449999999998
2016-11-14 04:00:00,1.0797316666666668
2016-11-14 08:00:00,1.0779900000000002
2016-11-14 12:00:00,1.0763766666666668
2016-11-14 16:00:00,1.0735108333333332
2016-11-14 20:00:00,1.0737025
2016-11-15 00:00:00,1.0745083333333334
2016-11-15 04:00:00,1.0753133333333333
2016-11-15 08:00:00,1.0765758333333333
2016-11-15 12:00:00,1.0780366666666668
2016-11-15 16:00:00,1.0733608333333333
2016-11-15 20:00:00,1.0722925
2016-11-16 00:00:00,1.0725666666666667
2016-11-16 04:00:00,1.0746208333333334
2016-11-16 08:00:00,1.0732183333333334
2016-11-16 12:00:00,1.0706208333333334
2016-11-16 16:00:00,1.0696433333333333
2016-11-16 20:00:00,1.0685025000000001
2016-11-17 00:00:00,1.0697666666666668
2016-11-17 04:00:00,1.0699466666666666
2016-11-17 08:00:00,1.0706016666666667
2016-11-17 12:00:00,1.0727475
2016-11-17 16:00:00,1.068395
2016-11-17 20:00:00,1.0630958333333331
2016-11-18 00:00:00,1.0621425
2016-11-18 04:00:00,1.0599766666666666
2016-11-18 08:00:00,1.0597225000000001
2016-11-18 12:00:00,1.0616741666666667
2016-11-18 16:00:00,1.059855
2016-11-18 20:00:00,1.0594233333333334
2016-11-21 00:00:00,1.0588791666666668
2016-11-21 04:00:00,1.0600258333333332
2016-11-21 08:00:00,1.0616083333333335
2016-11-21 12:00:00,1.06322
2016-11-21 16:00:00,1.0621766666666665
2016-11-21 20:00:00,1.0607475
2016-11-22 00:00:00,1.0632741666666667
2016-11-22 04:00:00,1.0631433333333333
2016-11-22 08:00:00,1.0623366666666667
2016-11-22 12:00:00,1.063265
2016-11-22 16:00:00,1.0608766666666667
2016-11-22 20:00:00,1.062205
2016-11-23 00:00:00,1.0627241666666667
2016-11-23 04:00:00,1.062555
2016-11-23 08:00:00,1.062665
2016-11-23 12:00:00,1.0617516666666669
2016-11-23 16:00:00,1.0554066666666666
2016-11-23 20:00:00,1.0552641666666667
2016-11-24 00:00:00,1.0545383333333334
2016-11-24 04:00:00,1.0534508333333334
2016-11-24 08:00:00,1.0541925
2016-11-24 12:00:00,1.0563683333333334
2016-11-24 16:00:00,1.0563566666666666
2016-11-24 20:00:00,1.0552875
2016-11-25 00:00:00,1.055295
2016-11-25 04:00:00,1.0562533333333335
2016-11-25 08:00:00,1.0583841666666667
2016-11-25 12:00:00,1.0591716666666668
2016-11-25 16:00:00,1.0603383333333334
2016-11-25 20:00:00,1.0592558333333333
2016-11-28 00:00:00,1.0603883333333333
2016-11-28 04:00:00,1.0652883333333334
2016-11-28 08:00:00,1.065475
2016-11-28 12:00:00,1.0620758333333333
2016-11-28 16:00:00,1.0581450000000001
2016-11-28 20:00:00,1.0591833333333334
2016-11-29 00:00:00,1.0612058333333334
2016-11-29 04:00:00,1.0599666666666665
2016-11-29 08:00:00,1.060065
2016-11-29 12:00:00,1.0595541666666666
2016-11-29 16:00:00,1.060118333333333
2016-11-29 20:00:00,1.0639075
2016-11-30 00:00:00,1.06489
2016-11-30 04:00:00,1.0638408333333333
2016-11-30 08:00:00,1.0633925
2016-11-30 12:00:00,1.0645041666666666
2016-11-30 16:00:00,1.06047
2016-11-30 20:00:00,1.0593816666666667
2016-12-01 00:00:00,1.0592225
2016-12-01 04:00:00,1.0597866666666667
2016-12-01 08:00:00,1.0614708333333334
2016-12-01 12:00:00,1.0622325000000001
2016-12-01 16:00:00,1.0614191666666666
2016-12-01 20:00:00,1.0642158333333334
2016-12-02 00:00:00,1.0661258333333334
2016-12-02 04:00:00,1.067425
2016-12-02 08:00:00,1.0675041666666667
2016-12-02 12:00:00,1.0644316666666667
2016-12-02 16:00:00,1.0654608333333333
2016-12-02 20:00:00,1.0663999999999998
2016-12-05 00:00:00,1.0591258333333333
2016-12-05 04:00:00,1.0553458333333334
2016-12-05 08:00:00,1.0587475
2016-12-05 12:00:00,1.06678
2016-12-05 16:00:00,1.0715116666666666
2016-12-05 20:00:00,1.07671
2016-12-06 00:00:00,1.0759041666666667
2016-12-06 04:00:00,1.0758358333333333
2016-12-06 08:00:00,1.075625
2016-12-06 12:00:00,1.0755766666666666
2016-12-06 16:00:00,1.0731333333333333
2016-12-06 20:00:00,1.07125
2016-12-07 00:00:00,1.0717208333333332
2016-12-07 04:00:00,1.0720108333333334
2016-12-07 08:00:00,1.0719016666666665
2016-12-07 12:00:00,1.0722733333333334
2016-12-07 16:00:00,1.0746499999999999
2016-12-07 20:00:00,1.0753733333333333
2016-12-08 00:00:00,1.07558
2016-12-08 04:00:00,1.0769358333333334
2016-12-08 08:00:00,1.0770616666666668
2016-12-08 12:00:00,1.079205
2016-12-08 16:00:00,1.0642633333333333
2016-12-08 20:00:00,1.0611
2016-12-09 00:00:00,1.0614275
2016-12-09 04:00:00,1.0601225
2016-12-09 08:00:00,1.0615666666666668
2016-12-09 12:00:00,1.05956
2016-12-09 16:00:00,1.0552533333333334
2016-12-09 20:00:00,1.054675
2016-12-16 08:00:00,1.0439725
2016-12-16 12:00:00,1.0450833333333334
2016-12-16 16:00:00,1.0432733333333335
2016-12-16 20:00:00,1.0443441666666669
2016-12-19 00:00:00,1.0448091666666666
2016-12-19 04:00:00,1.0458925
2016-12-19 08:00:00,1.046555
2016-12-19 12:00:00,1.0440191666666667
2016-12-19 16:00:00,1.0434016666666666
2016-12-19 20:00:00,1.0420433333333334
2016-12-20 00:00:00,1.0400491666666667
2016-12-20 04:00:00,1.0408300000000001
2016-12-20 08:00:00,1.0389241666666666
2016-12-20 12:00:00,1.0378708333333333
2016-12-20 16:00:00,1.0373908333333333
2016-12-20 20:00:00,1.0392433333333333
2016-12-21 00:00:00,1.0390175000000001
2016-12-21 04:00:00,1.0405008333333332
2016-12-21 08:00:00,1.0406541666666667
2016-12-21 12:00:00,1.0406433333333334
2016-12-21 16:00:00,1.0434975000000002
2016-12-21 20:00:00,1.0427091666666668
2016-12-22 00:00:00,1.0427191666666666
2016-12-22 04:00:00,1.0439075
2016-12-22 08:00:00,1.0440325
2016-12-22 12:00:00,1.0451275
2016-12-22 16:00:00,1.0453858333333335
2016-12-22 20:00:00,1.0438083333333332
2016-12-23 00:00:00,1.0435708333333333
2016-12-23 04:00:00,1.04426
2016-12-23 08:00:00,1.0444358333333335
2016-12-23 12:00:00,1.0450141666666668
2016-12-23 16:00:00,1.04443
2016-12-23 20:00:00,1.04483
2016-12-27 00:00:00,1.0450300000000001
2016-12-27 04:00:00,1.0437083333333332
2016-12-27 08:00:00,1.0445541666666667
2016-12-27 12:00:00,1.0448758333333332
2016-12-27 16:00:00,1.0451225
2016-12-27 20:00:00,1.0454566666666667
2016-12-28 00:00:00,1.045845
2016-12-28 04:00:00,1.0467983333333333
2016-12-28 08:00:00,1.0466225
2016-12-28 12:00:00,1.0424575
2016-12-28 16:00:00,1.0392241666666666
2016-12-28 20:00:00,1.039715
2016-12-29 00:00:00,1.0416008333333333
2016-12-29 04:00:00,1.0438916666666667
2016-12-29 08:00:00,1.0454775
2016-12-29 12:00:00,1.0461475
2016-12-29 16:00:00,1.0468766666666667
2016-12-29 20:00:00,1.0481175
2016-12-30 00:00:00,1.052465
2016-12-30 04:00:00,1.0536383333333335
2016-12-30 08:00:00,1.0524675000000001
2016-12-30 12:00:00,1.05568
2016-12-30 16:00:00,1.0547841666666666
2017-01-03 00:00:00,1.0499975
2017-01-03 04:00:00,1.0477966666666667
2017-01-03 08:00:00,1.0469075
2017-01-03 12:00:00,1.0397783333333332
2017-01-03 16:00:00,1.0390008333333334
2017-01-03 20:00:00,1.0414124999999999
2017-01-04 00:00:00,1.0406891666666667
2017-01-04 04:00:00,1.0400733333333334
2017-01-04 08:00:00,1.0413566666666667
2017-01-04 12:00:00,1.043425
2017-01-04 16:00:00,1.0459824999999998
2017-01-04 20:00:00,1.0474999999999999
2017-01-05 00:00:00,1.0497566666666667
2017-01-05 04:00:00,1.0520874999999998
2017-01-05 08:00:00,1.0547
2017-01-05 12:00:00,1.0500066666666668
2017-01-05 16:00:00,1.0560916666666669
2017-01-05 20:00:00,1.0595683333333334
2017-01-06 00:00:00,1.0600900000000002
2017-01-06 04:00:00,1.0584508333333333
2017-01-06 08:00:00,1.0583274999999999
2017-01-06 12:00:00,1.0592041666666665
2017-01-06 16:00:00,1.0562758333333333
2017-01-06 20:00:00,1.05359
2017-01-09 00:00:00,1.0529941666666667
2017-01-09 04:00:00,1.0532716666666668
2017-01-09 08:00:00,1.0533275
2017-01-09 12:00:00,1.0524141666666667
2017-01-09 16:00:00,1.0545416666666667
2017-01-09 20:00:00,1.056925
2017-01-10 00:00:00,1.0581316666666667
2017-01-10 04:00:00,1.0601525
2017-01-10 08:00:00,1.0602125
2017-01-10 12:00:00,1.0585
2017-01-10 16:00:00,1.0581441666666667
2017-01-10 20:00:00,1.0559708333333333
2017-01-11 00:00:00,1.0555108333333334
2017-01-11 04:00:00,1.0549133333333331
2017-01-11 08:00:00,1.055483333333333
2017-01-11 12:00:00,1.0522641666666668
2017-01-11 16:00:00,1.0491533333333334
2017-01-11 20:00:00,1.057105
2017-01-12 00:00:00,1.0582941666666665
2017-01-12 04:00:00,1.0597175
2017-01-12 08:00:00,1.062725
2017-01-12 12:00:00,1.0646641666666667
2017-01-12 16:00:00,1.0655675
2017-01-12 20:00:00,1.0635999999999999
2017-01-13 00:00:00,1.0612700000000002
2017-01-13 04:00:00,1.0610775
2017-01-13 08:00:00,1.0626058333333332
2017-01-13 12:00:00,1.0645666666666667
2017-01-13 16:00:00,1.0625183333333332
2017-01-13 20:00:00,1.0637183333333335
2017-01-16 00:00:00,1.0627916666666666
2017-01-16 04:00:00,1.0616233333333334
2017-01-16 08:00:00,1.0611058333333332
2017-01-16 12:00:00,1.0589350000000002
2017-01-16 16:00:00,1.059895
2017-01-16 20:00:00,1.0600591666666666
2017-01-17 00:00:00,1.06017
2017-01-17 04:00:00,1.0618841666666667
2017-01-17 08:00:00,1.0654891666666666
2017-01-17 12:00:00,1.0684366666666667
2017-01-17 16:00:00,1.0697075
2017-01-17 20:00:00,1.0702916666666669
2017-01-18 00:00:00,1.0706166666666668
2017-01-18 04:00:00,1.0696458333333334
2017-01-18 08:00:00,1.0685041666666666
2017-01-18 12:00:00,1.06837
2017-01-18 16:00:00,1.0679991666666666
2017-01-18 20:00:00,1.06667
2017-01-19 00:00:00,1.0629433333333331
2017-01-19 04:00:00,1.0635233333333334
2017-01-19 08:00:00,1.0641133333333332
2017-01-19 12:00:00,1.0660541666666667
2017-01-19 16:00:00,1.0615866666666667
2017-01-19 20:00:00,1.0640783333333332
2017-01-20 00:00:00,1.0658391666666667
2017-01-20 04:00:00,1.0679291666666666
2017-01-20 08:00:00,1.0675158333333334
2017-01-20 12:00:00,1.0639116666666668
2017-01-20 16:00:00,1.0662391666666666
2017-01-20 20:00:00,1.0686849999999999
2017-01-23 00:00:00,1.070695
2017-01-23 04:00:00,1.0740825
2017-01-23 08:00:00,1.0741716666666667
2017-01-23 12:00:00,1.0732008333333334
2017-01-23 16:00:00,1.0731291666666667
2017-01-23 20:00:00,1.073735
2017-01-24 00:00:00,1.076145
2017-01-24 04:00:00,1.0756791666666667
2017-01-24 08:00:00,1.0745874999999998
2017-01-24 12:00:00,1.0738691666666664
2017-01-24 16:00:00,1.0753166666666667
2017-01-24 20:00:00,1.0737558333333332
2017-01-25 00:00:00,1.0729025
2017-01-25 04:00:00,1.0730408333333334
2017-01-25 08:00:00,1.0722475
2017-01-25 12:00:00,1.074895
2017-01-25 16:00:00,1.0737783333333333
2017-01-25 20:00:00,1.0736291666666666
2017-01-26 00:00:00,1.0751658333333334
2017-01-26 04:00:00,1.0757516666666667
2017-01-26 08:00:00,1.0743150000000001
2017-01-26 12:00:00,1.0722450000000001
2017-01-26 16:00:00,1.0682366666666665
2017-01-26 20:00:00,1.0688258333333334
2017-01-27 00:00:00,1.0678533333333333
2017-01-27 04:00:00,1.0677949999999998
2017-01-27 08:00:00,1.0670883333333334
2017-01-27 12:00:00,1.0685808333333333
2017-01-27 16:00:00,1.0700583333333333
2017-01-27 20:00:00,1.0690250000000001
2017-01-30 00:00:00,1.07103
2017-01-30 04:00:00,1.0732225
2017-01-30 08:00:00,1.0712358333333334
2017-01-30 12:00:00,1.0673966666666665
2017-01-30 16:00:00,1.0662775
2017-01-30 20:00:00,1.069235
2017-01-31 00:00:00,1.0699008333333333
2017-01-31 04:00:00,1.0698191666666665
2017-01-31 08:00:00,1.0698791666666665
2017-01-31 12:00:00,1.0724116666666665
2017-01-31 16:00:00,1.0781258333333332
2017-01-31 20:00:00,1.0792358333333334
2017-02-01 00:00:00,1.0795925
2017-02-01 04:00:00,1.0792383333333333
2017-02-01 08:00:00,1.0785716666666665
2017-02-01 12:00:00,1.0794083333333333
2017-02-01 16:00:00,1.0758133333333333
2017-02-01 20:00:00,1.075695
2017-02-02 00:00:00,1.0768316666666666
2017-02-02 04:00:00,1.0783733333333334
2017-02-02 08:00:00,1.0792766666666669
2017-02-02 12:00:00,1.0808583333333333
2017-02-02 16:00:00,1.0810008333333334
2017-02-02 20:00:00,1.0774808333333334
2017-02-03 00:00:00,1.0759741666666667
2017-02-03 04:00:00,1.07593
2017-02-03 08:00:00,1.0754225000000002
2017-02-03 12:00:00,1.0737483333333335
2017-02-03 16:00:00,1.0770166666666667
2017-02-03 20:00:00,1.0774166666666667
2017-02-06 00:00:00,1.0781875
2017-02-06 04:00:00,1.0779649999999998
2017-02-06 08:00:00,1.0762741666666666
2017-02-06 12:00:00,1.0740133333333335
2017-02-06 16:00:00,1.0725766666666667
2017-02-06 20:00:00,1.0742441666666664
2017-02-07 00:00:00,1.0743091666666666
2017-02-07 04:00:00,1.0718533333333333
2017-02-07 08:00:00,1.0692175
2017-02-07 12:00:00,1.0668666666666666
2017-02-07 16:00:00,1.0677591666666668
2017-02-07 20:00:00,1.0693466666666667
2017-02-08 00:00:00,1.0678416666666666
2017-02-08 04:00:00,1.0683358333333333
2017-02-08 08:00:00,1.0665991666666668
2017-02-08 12:00:00,1.0648958333333334
2017-02-08 16:00:00,1.0691091666666668
2017-02-08 20:00:00,1.0688583333333332
2017-02-09 00:00:00,1.0692008333333334
2017-02-09 04:00:00,1.0685658333333334
2017-02-09 08:00:00,1.0681833333333333
2017-02-09 12:00:00,1.06902
2017-02-09 16:00:00,1.0670716666666666
2017-02-09 20:00:00,1.0658599999999998
2017-02-10 00:00:00,1.0655916666666667
2017-02-10 04:00:00,1.0660833333333333
2017-02-10 08:00:00,1.0649425
2017-02-10 12:00:00,1.0639525
2017-02-10 16:00:00,1.062655
2017-02-10 20:00:00,1.0635133333333333
2017-02-13 00:00:00,1.0626808333333333
2017-02-13 04:00:00,1.061925
2017-02-13 08:00:00,1.0635691666666667
2017-02-13 12:00:00,1.0639166666666666
2017-02-13 16:00:00,1.0608941666666667
2017-02-13 20:00:00,1.0599141666666667
2017-02-14 00:00:00,1.0597100000000002
2017-02-14 04:00:00,1.0600825
2017-02-14 08:00:00,1.0617833333333333
2017-02-14 12:00:00,1.0620916666666669
2017-02-14 16:00:00,1.05939
2017-02-14 20:00:00,1.0570274999999998
2017-02-15 00:00:00,1.0575
2017-02-15 04:00:00,1.0575583333333332
2017-02-15 08:00:00,1.057355
2017-02-15 12:00:00,1.0553566666666667
2017-02-15 16:00:00,1.0563058333333333
2017-02-15 20:00:00,1.0590233333333332
2017-02-16 00:00:00,1.0602083333333334
2017-02-16 04:00:00,1.0615533333333333
2017-02-16 08:00:00,1.0616175
2017-02-16 12:00:00,1.0634483333333333
2017-02-16 16:00:00,1.0655808333333334
2017-02-16 20:00:00,1.0664066666666667
2017-02-17 00:00:00,1.0669808333333335
2017-02-17 04:00:00,1.0672074999999999
2017-02-17 08:00:00,1.0662158333333331
2017-02-17 12:00:00,1.0646066666666667
2017-02-17 16:00:00,1.0639108333333334
2017-02-17 20:00:00,1.06106
2017-02-20 00:00:00,1.06178
2017-02-20 04:00:00,1.06115
2017-02-20 08:00:00,1.0615916666666667
2017-02-20 12:00:00,1.0619616666666667
2017-02-20 16:00:00,1.0619475
2017-02-20 20:00:00,1.0612141666666668
2017-02-21 00:00:00,1.0607083333333334
2017-02-21 04:00:00,1.0581733333333334
2017-02-21 08:00:00,1.0579008333333335
2017-02-21 12:00:00,1.0540833333333333
2017-02-21 16:00:00,1.0538691666666669
2017-02-21 20:00:00,1.0545041666666668
2017-02-22 00:00:00,1.0539358333333333
2017-02-22 04:00:00,1.0547841666666666
2017-02-22 08:00:00,1.0522533333333333
2017-02-22 12:00:00,1.0504875
2017-02-22 16:00:00,1.0525566666666668
2017-02-22 20:00:00,1.0553491666666668
2017-02-23 00:00:00,1.0552958333333333
2017-02-23 04:00:00,1.0556833333333333
2017-02-23 08:00:00,1.05576
2017-02-23 12:00:00,1.055065
2017-02-23 16:00:00,1.0581766666666668
2017-02-23 20:00:00,1.0572708333333334
2017-02-24 00:00:00,1.0579250000000002
2017-02-24 04:00:00,1.0576775
2017-02-24 08:00:00,1.0585225
2017-02-24 12:00:00,1.0596666666666668
2017-02-24 16:00:00,1.0586258333333334
2017-02-24 20:00:00,1.0568441666666666
2017-02-27 00:00:00,1.0558541666666665
2017-02-27 04:00:00,1.0566391666666668
2017-02-27 08:00:00,1.0571400000000002
2017-02-27 12:00:00,1.0582766666666668
2017-02-27 16:00:00,1.0604641666666668
2017-02-27 20:00:00,1.0595708333333334
2017-02-28 00:00:00,1.0582941666666665
2017-02-28 04:00:00,1.0584916666666668
2017-02-28 08:00:00,1.0591808333333332
2017-02-28 12:00:00,1.0593299999999999
2017-02-28 16:00:00,1.0608224999999998
2017-02-28 20:00:00,1.0600633333333334
2017-03-01 00:00:00,1.0571425
2017-03-01 04:00:00,1.056495
2017-03-01 08:00:00,1.0548475
2017-03-01 12:00:00,1.0536208333333335
2017-03-01 16:00:00,1.0539983333333334
2017-03-01 20:00:00,1.0557333333333334
2017-03-02 00:00:00,1.0542641666666666
2017-03-02 04:00:00,1.0532683333333333
2017-03-02 08:00:00,1.0533216666666667
2017-03-02 12:00:00,1.0524583333333333
2017-03-02 16:00:00,1.0514041666666667
2017-03-02 20:00:00,1.05048
2017-03-03 00:00:00,1.0506525
2017-03-03 04:00:00,1.0518433333333332
2017-03-03 08:00:00,1.0519241666666668
2017-03-03 12:00:00,1.05355
2017-03-03 16:00:00,1.0559291666666668
2017-03-03 20:00:00,1.0582633333333333
2017-03-06 00:00:00,1.0613458333333334
2017-03-06 04:00:00,1.0606216666666666
2017-03-06 08:00:00,1.0605216666666666
2017-03-06 12:00:00,1.0592591666666666
2017-03-06 16:00:00,1.0595316666666665
2017-03-06 20:00:00,1.0582358333333335
2017-03-07 00:00:00,1.0579125
2017-03-07 04:00:00,1.0584058333333333
2017-03-07 08:00:00,1.0587866666666668
2017-03-07 12:00:00,1.0571325
2017-03-07 16:00:00,1.0571575
2017-03-07 20:00:00,1.0570816666666667
2017-03-08 00:00:00,1.0567341666666668
2017-03-08 04:00:00,1.0565875
2017-03-08 08:00:00,1.0561383333333332
2017-03-08 12:00:00,1.0555983333333332
2017-03-08 16:00:00,1.0552091666666668
2017-03-08 20:00:00,1.0543974999999999
2017-03-09 00:00:00,1.0540608333333334
2017-03-09 04:00:00,1.0535458333333334
2017-03-09 08:00:00,1.0537733333333332
2017-03-09 12:00:00,1.0557874999999999
2017-03-09 16:00:00,1.0582458333333333
2017-03-09 20:00:00,1.0586216666666666
2017-03-10 00:00:00,1.05787
2017-03-10 04:00:00,1.05922
2017-03-10 08:00:00,1.0597941666666666
2017-03-10 12:00:00,1.0609525
2017-03-10 16:00:00,1.064385
2017-03-10 20:00:00,1.0681158333333332
2017-03-13 00:00:00,1.0683408333333333
2017-03-13 04:00:00,1.0692325
2017-03-13 08:00:00,1.069695
2017-03-13 12:00:00,1.0668341666666667
2017-03-13 16:00:00,1.0666225
2017-03-13 20:00:00,1.0656316666666665
2017-03-14 00:00:00,1.0652191666666666
2017-03-14 04:00:00,1.0653458333333332
2017-03-14 08:00:00,1.0647541666666667
2017-03-14 12:00:00,1.0635875000000001
2017-03-14 16:00:00,1.0636349999999999
2017-03-14 20:00:00,1.0611891666666668
2017-03-15 00:00:00,1.0609008333333332
2017-03-15 04:00:00,1.0614641666666667
2017-03-15 08:00:00,1.0626933333333333
2017-03-15 12:00:00,1.06247
2017-03-15 16:00:00,1.0626166666666668
2017-03-15 20:00:00,1.0684066666666667
2017-03-16 00:00:00,1.0733608333333333
2017-03-16 04:00:00,1.0724708333333333
2017-03-16 08:00:00,1.0724425000000002
2017-03-16 12:00:00,1.0720675
2017-03-16 16:00:00,1.0733008333333331
2017-03-16 20:00:00,1.074535
2017-03-17 00:00:00,1.076925
2017-03-17 04:00:00,1.0770641666666667
2017-03-17 08:00:00,1.0768391666666668
2017-03-17 12:00:00,1.0755591666666666
2017-03-17 16:00:00,1.074235
2017-03-17 20:00:00,1.0742283333333333
2017-03-20 00:00:00,1.0741625
2017-03-20 04:00:00,1.0759191666666665
2017-03-20 08:00:00,1.0765891666666667
2017-03-20 12:00:00,1.0754283333333334
2017-03-20 16:00:00,1.0749908333333331
2017-03-20 20:00:00,1.0736258333333335
2017-03-21 00:00:00,1.0738975
2017-03-21 04:00:00,1.0758758333333334
2017-03-21 08:00:00,1.0774966666666668
2017-03-21 12:00:00,1.0799541666666665
2017-03-21 16:00:00,1.080945
2017-03-21 20:00:00,1.0807416666666667
2017-03-22 00:00:00,1.0807775000000002
2017-03-22 04:00:00,1.0795375
2017-03-22 08:00:00,1.08012
2017-03-22 12:00:00,1.0790041666666668
2017-03-22 16:00:00,1.0805616666666666
2017-03-22 20:00:00,1.0800533333333333
2017-03-23 00:00:00,1.0790925
2017-03-23 04:00:00,1.0786783333333334
2017-03-23 08:00:00,1.0790908333333333
2017-03-23 12:00:00,1.0781666666666667
2017-03-23 16:00:00,1.07845
2017-03-23 20:00:00,1.0783291666666666
2017-03-24 00:00:00,1.0778991666666666
2017-03-24 04:00:00,1.0765274999999999
2017-03-24 08:00:00,1.0772608333333336
2017-03-24 12:00:00,1.0803274999999999
2017-03-24 16:00:00,1.0801825
2017-03-24 20:00:00,1.0801341666666666
2017-03-27 00:00:00,1.0840308333333333
2017-03-27 04:00:00,1.0844016666666665
2017-03-27 08:00:00,1.08583
2017-03-27 12:00:00,1.0872508333333335
2017-03-27 16:00:00,1.0880666666666667
2017-03-27 20:00:00,1.0865841666666667
2017-03-28 00:00:00,1.08615
2017-03-28 04:00:00,1.0862183333333333
2017-03-28 08:00:00,1.0858408333333334
2017-03-28 12:00:00,1.0856483333333333
2017-03-28 16:00:00,1.0856083333333333
2017-03-28 20:00:00,1.081455
2017-03-29 00:00:00,1.08139
2017-03-29 04:00:00,1.0816333333333332
2017-03-29 08:00:00,1.0795616666666668
2017-03-29 12:00:00,1.0774291666666667
2017-03-29 16:00:00,1.0753233333333334
2017-03-29 20:00:00,1.0760866666666666
2017-03-30 00:00:00,1.0760666666666667
2017-03-30 04:00:00,1.0750133333333334
2017-03-30 08:00:00,1.0748133333333334
2017-03-30 12:00:00,1.0735708333333334
2017-03-30 16:00:00,1.072705
2017-03-30 20:00:00,1.0685391666666666
2017-03-31 00:00:00,1.0681866666666666
2017-04-03 00:00:00,1.066635
2017-04-03 04:00:00,1.0677441666666665
2017-04-03 08:00:00,1.0671016666666668
2017-04-03 12:00:00,1.0659408333333333
2017-04-03 16:00:00,1.0658333333333334
2017-04-03 20:00:00,1.0667975
2017-04-04 00:00:00,1.0667483333333334
2017-04-04 04:00:00,1.0667266666666666
2017-04-04 08:00:00,1.0658241666666666
2017-04-04 12:00:00,1.0650400000000002
2017-04-04 16:00:00,1.0658808333333334
2017-04-04 20:00:00,1.0665166666666668
2017-04-05 00:00:00,1.0678308333333333
2017-04-05 04:00:00,1.0676833333333333
2017-04-05 08:00:00,1.0675291666666666
2017-04-05 12:00:00,1.0669958333333334
2017-04-05 16:00:00,1.0659233333333333
2017-04-05 20:00:00,1.0661716666666667
2017-04-06 00:00:00,1.0669899999999999
2017-04-06 04:00:00,1.0674716666666666
2017-04-06 08:00:00,1.0662991666666666
2017-04-06 12:00:00,1.0662966666666667
2017-04-06 16:00:00,1.0654191666666668
2017-04-06 20:00:00,1.0644208333333331
2017-04-07 00:00:00,1.0642858333333332
2017-04-07 04:00:00,1.0646316666666669
2017-04-07 08:00:00,1.0642391666666666
2017-04-07 12:00:00,1.0631208333333333
2017-04-07 16:00:00,1.0616016666666666
2017-04-07 20:00:00,1.0589458333333333
2017-04-10 00:00:00,1.0580041666666666
2017-04-10 04:00:00,1.0579325000000002
2017-04-10 08:00:00,1.0585883333333332
2017-04-10 12:00:00,1.0577758333333334
2017-04-10 16:00:00,1.059735
2017-04-10 20:00:00,1.0595316666666668
2017-04-11 00:00:00,1.0594866666666665
2017-04-11 04:00:00,1.0585933333333333
2017-04-11 08:00:00,1.0589558333333333
2017-04-11 12:00:00,1.0610716666666666
2017-04-11 16:00:00,1.0615191666666668
2017-04-11 20:00:00,1.0605058333333333
2017-04-12 00:00:00,1.0605925
2017-04-12 04:00:00,1.0603266666666666
2017-04-12 08:00:00,1.061415
2017-04-12 12:00:00,1.0603625
2017-04-12 16:00:00,1.0610166666666667
2017-04-12 20:00:00,1.0624616666666666
2017-04-13 00:00:00,1.0665858333333333
2017-04-13 04:00:00,1.0670074999999999
2017-04-13 08:00:00,1.0654716666666668
2017-04-13 12:00:00,1.063405
2017-04-13 16:00:00,1.0623425
2017-04-13 20:00:00,1.0616266666666667
2017-04-14 00:00:00,1.0613975
2017-04-14 04:00:00,1.06147
2017-04-14 08:00:00,1.0615691666666667
2017-04-14 12:00:00,1.06207
2017-04-14 16:00:00,1.0622175
2017-04-14 20:00:00,1.0612599999999999
2017-04-17 00:00:00,1.060965
2017-04-17 04:00:00,1.0619541666666668
2017-04-17 08:00:00,1.0626433333333334
2017-04-17 12:00:00,1.0633525000000001
2017-04-17 16:00:00,1.06571
2017-04-17 20:00:00,1.0644916666666666
2017-04-18 00:00:00,1.0641558333333334
2017-04-18 04:00:00,1.0647799999999998
2017-04-18 08:00:00,1.0647816666666667
2017-04-18 12:00:00,1.0669758333333332
2017-04-18 16:00:00,1.0696875000000001
2017-04-18 20:00:00,1.072695
2017-04-19 00:00:00,1.0728458333333333
2017-04-19 04:00:00,1.0720316666666667
2017-04-19 08:00:00,1.0721775
2017-04-19 12:00:00,1.0721275
2017-04-19 16:00:00,1.0709858333333333
2017-04-19 20:00:00,1.071378333333333
2017-04-20 00:00:00,1.0713108333333334
2017-04-20 04:00:00,1.0716783333333333
2017-04-20 08:00:00,1.0742516666666666
2017-04-20 12:00:00,1.0754766666666669
2017-04-20 16:00:00,1.0758475
2017-04-20 20:00:00,1.0720716666666665
2017-04-21 00:00:00,1.0714383333333333
2017-04-21 04:00:00,1.0716266666666667
2017-04-21 08:00:00,1.0720425
2017-04-21 12:00:00,1.0699416666666668
2017-04-21 16:00:00,1.0693983333333335
2017-04-21 20:00:00,1.0702225
2017-04-24 00:00:00,1.08765
2017-04-24 04:00:00,1.0842924999999999
2017-04-24 08:00:00,1.08554
2017-04-24 12:00:00,1.085745
2017-04-24 16:00:00,1.0855800000000002
2017-04-24 20:00:00,1.0857491666666668
2017-04-25 00:00:00,1.0864908333333332
2017-04-25 04:00:00,1.0859333333333332
2017-04-25 08:00:00,1.0879258333333333
2017-04-25 12:00:00,1.0884666666666667
2017-04-25 16:00:00,1.0921850000000002
2017-04-25 20:00:00,1.0934258333333333
2017-04-26 00:00:00,1.092954166666667
2017-04-26 04:00:00,1.0937566666666667
2017-04-26 08:00:00,1.0924616666666667
2017-04-26 12:00:00,1.0893166666666667
2017-04-26 16:00:00,1.0877341666666667
2017-04-26 20:00:00,1.0897891666666668
2017-04-27 00:00:00,1.0905825
2017-04-27 04:00:00,1.0909091666666668
2017-04-27 08:00:00,1.0905633333333333
2017-04-27 12:00:00,1.0897375
2017-04-27 16:00:00,1.0866974999999999
2017-04-27 20:00:00,1.0877725
2017-04-28 00:00:00,1.0867733333333334
2017-04-28 04:00:00,1.0866233333333333
2017-04-28 08:00:00,1.087905
2017-04-28 12:00:00,1.0929283333333335
2017-04-28 16:00:00,1.0899941666666666
2017-04-28 20:00:00,1.0896433333333335
2017-05-01 00:00:00,1.0900716666666668
2017-05-01 04:00:00,1.0892641666666667
2017-05-01 08:00:00,1.0889733333333333
2017-05-01 12:00:00,1.0902833333333333
2017-05-01 16:00:00,1.0910991666666667
2017-05-01 20:00:00,1.0901658333333335
2017-05-02 00:00:00,1.0904816666666666
2017-05-02 04:00:00,1.0910958333333334
2017-05-02 08:00:00,1.0914191666666666
2017-05-02 12:00:00,1.0912
2017-05-02 16:00:00,1.0905691666666668
2017-05-02 20:00:00,1.0922658333333333
2017-05-03 00:00:00,1.0929991666666667
2017-05-03 04:00:00,1.0932308333333334
2017-05-03 08:00:00,1.0919608333333333
2017-05-03 12:00:00,1.0911775
2017-05-03 16:00:00,1.0913391666666667
2017-05-03 20:00:00,1.0900641666666666
2017-05-04 00:00:00,1.088665
2017-05-04 04:00:00,1.0892658333333334
2017-05-04 08:00:00,1.0899566666666667
2017-05-04 12:00:00,1.0929358333333332
2017-05-04 16:00:00,1.09509
2017-05-04 20:00:00,1.0977133333333333
2017-05-05 00:00:00,1.097935
2017-05-05 04:00:00,1.0979641666666669
2017-05-05 08:00:00,1.0973158333333335
2017-05-05 12:00:00,1.0961975
2017-05-05 16:00:00,1.0985466666666666
2017-05-05 20:00:00,1.09912
2017-05-08 00:00:00,1.0986941666666667
2017-05-08 04:00:00,1.0971391666666666
2017-05-08 08:00:00,1.0973
2017-05-08 12:00:00,1.0944216666666666
2017-05-08 16:00:00,1.0934033333333333
2017-05-08 20:00:00,1.0928716666666665
2017-05-09 00:00:00,1.0924333333333334
2017-05-09 04:00:00,1.0928075
2017-05-09 08:00:00,1.0916366666666668
2017-05-09 12:00:00,1.0892133333333334
2017-05-09 16:00:00,1.088875
2017-05-09 20:00:00,1.0875791666666665
2017-05-10 00:00:00,1.0882758333333333
2017-05-10 04:00:00,1.0893575000000002
2017-05-10 08:00:00,1.0887125
2017-05-10 12:00:00,1.0870758333333332
2017-05-10 16:00:00,1.0869733333333333
2017-05-10 20:00:00,1.0862491666666667
2017-05-11 00:00:00,1.0866841666666667
2017-05-11 04:00:00,1.0873125000000001
2017-05-11 08:00:00,1.0878566666666667
2017-05-11 12:00:00,1.0863591666666665
2017-05-11 16:00:00,1.0866783333333332
2017-05-11 20:00:00,1.0865491666666667
2017-05-12 00:00:00,1.0862574999999999
2017-05-12 04:00:00,1.0869550000000001
2017-05-12 08:00:00,1.0865308333333334
2017-05-12 12:00:00,1.0878124999999998
2017-05-12 16:00:00,1.0920783333333333
2017-05-12 20:00:00,1.0924966666666667
2017-05-15 00:00:00,1.0927483333333334
2017-05-15 04:00:00,1.0927516666666668
2017-05-15 08:00:00,1.0937066666666666
2017-05-15 12:00:00,1.0964450000000001
2017-05-15 16:00:00,1.0978508333333334
2017-05-15 20:00:00,1.0974108333333334
2017-05-16 00:00:00,1.0979308333333333
2017-05-16 04:00:00,1.0987358333333332
2017-05-16 08:00:00,1.1016683333333335
2017-05-16 12:00:00,1.1054641666666667
2017-05-16 16:00:00,1.1073583333333334
2017-05-16 20:00:00,1.108755
2017-05-17 00:00:00,1.1088958333333334
2017-05-17 04:00:00,1.1105749999999999
2017-05-17 08:00:00,1.1100266666666667
2017-05-17 12:00:00,1.1106258333333334
2017-05-17 16:00:00,1.1132808333333333
2017-05-17 20:00:00,1.1151525
2017-05-18 00:00:00,1.1160441666666665
2017-05-18 04:00:00,1.1155
2017-05-18 08:00:00,1.1135058333333332
2017-05-18 12:00:00,1.1122866666666666
2017-05-18 16:00:00,1.1121966666666667
2017-05-18 20:00:00,1.1101408333333334
2017-05-19 00:00:00,1.1105583333333333
2017-05-19 04:00:00,1.1106924999999999
2017-05-19 08:00:00,1.1128266666666666
2017-05-19 12:00:00,1.1167783333333334
2017-05-19 16:00:00,1.1189874999999998
2017-05-19 20:00:00,1.120435
2017-05-22 00:00:00,1.1199775
2017-05-22 04:00:00,1.1190033333333333
2017-05-22 08:00:00,1.1180833333333333
2017-05-22 12:00:00,1.12223
2017-05-22 16:00:00,1.1243333333333334
2017-05-22 20:00:00,1.1237125
2017-05-23 00:00:00,1.123815
2017-05-23 04:00:00,1.1247825
2017-05-23 08:00:00,1.12431
2017-05-23 12:00:00,1.1237783333333333
2017-05-23 16:00:00,1.1215325
2017-05-23 20:00:00,1.1186241666666668
2017-05-24 00:00:00,1.1183308333333333
2017-05-24 04:00:00,1.1182883333333336
2017-05-24 08:00:00,1.1178633333333334
2017-05-24 12:00:00,1.1186375000000002
2017-05-24 16:00:00,1.118275
2017-05-24 20:00:00,1.1201083333333333
2017-05-25 00:00:00,1.1220241666666666
2017-05-25 04:00:00,1.1234208333333333
2017-05-25 08:00:00,1.1238091666666665
2017-05-25 12:00:00,1.1214991666666667
2017-05-25 16:00:00,1.1214641666666667
2017-05-25 20:00:00,1.1207225
2017-05-26 00:00:00,1.1208308333333332
2017-05-26 04:00:00,1.1197091666666665
2017-05-26 08:00:00,1.1210408333333333
2017-05-26 12:00:00,1.1206058333333333
2017-05-26 16:00:00,1.1173316666666666
2017-05-26 20:00:00,1.1174966666666666
2017-05-29 00:00:00,1.1174333333333335
2017-05-29 04:00:00,1.1164991666666666
2017-05-29 08:00:00,1.1173875
2017-05-29 12:00:00,1.1184625000000001
2017-05-29 16:00:00,1.1176175
2017-05-29 20:00:00,1.1169141666666667
2017-05-30 00:00:00,1.1140108333333334
2017-05-30 04:00:00,1.1126316666666667
2017-05-30 08:00:00,1.1130725000000001
2017-05-30 12:00:00,1.116185
2017-05-30 16:00:00,1.1181125
2017-05-30 20:00:00,1.1185116666666668
2017-05-31 00:00:00,1.1175266666666668
2017-05-31 04:00:00,1.1174641666666667
2017-05-31 08:00:00,1.1177975
2017-05-31 12:00:00,1.1206908333333332
2017-05-31 16:00:00,1.1235183333333332
2017-05-31 20:00:00,1.1238416666666666
2017-06-01 00:00:00,1.1239433333333333
2017-06-01 04:00:00,1.1245025
2017-06-01 08:00:00,1.1235866666666667
2017-06-01 12:00:00,1.1223433333333332
2017-06-01 16:00:00,1.1217583333333334
2017-06-01 20:00:00,1.121225
2017-06-02 00:00:00,1.1214741666666668
2017-06-02 04:00:00,1.1217475
2017-06-02 08:00:00,1.1218558333333335
2017-06-02 12:00:00,1.1225133333333333
2017-06-02 16:00:00,1.1270224999999998
2017-06-02 20:00:00,1.1277341666666667
2017-06-05 00:00:00,1.1275875
2017-06-05 04:00:00,1.1269475
2017-06-05 08:00:00,1.1266041666666666
2017-06-05 12:00:00,1.1250116666666667
2017-06-05 16:00:00,1.124905
2017-06-05 20:00:00,1.1255566666666668
2017-06-06 00:00:00,1.1257083333333333
2017-06-06 04:00:00,1.1269274999999999
2017-06-06 08:00:00,1.1261675
2017-06-06 12:00:00,1.1249566666666666
2017-06-06 16:00:00,1.1266850000000002
2017-06-06 20:00:00,1.127515
2017-06-07 00:00:00,1.1274925000000002
2017-06-07 04:00:00,1.126535
2017-06-07 08:00:00,1.1263341666666666
2017-06-07 12:00:00,1.1234508333333335
2017-06-07 16:00:00,1.1252641666666665
2017-06-07 20:00:00,1.1261116666666666
2017-06-08 00:00:00,1.1255766666666667
2017-06-08 04:00:00,1.1255208333333333
2017-06-08 08:00:00,1.1256166666666667
2017-06-08 12:00:00,1.12323
2017-06-08 16:00:00,1.1215241666666667
2017-06-08 20:00:00,1.1214533333333332
2017-06-09 00:00:00,1.1198366666666666
2017-06-09 04:00:00,1.1197958333333333
2017-06-09 08:00:00,1.1193033333333333
2017-06-09 12:00:00,1.1176675
2017-06-09 16:00:00,1.11843
2017-06-09 20:00:00,1.1195258333333333
2017-06-12 00:00:00,1.1203383333333334
2017-06-12 04:00:00,1.1204533333333335
2017-06-12 08:00:00,1.1215183333333334
2017-06-12 12:00:00,1.1218400000000002
2017-06-12 16:00:00,1.120295
2017-06-12 20:00:00,1.1203633333333334
2017-06-13 00:00:00,1.1199916666666667
2017-06-13 04:00:00,1.119265
2017-06-13 08:00:00,1.1200708333333333
2017-06-13 12:00:00,1.120965
2017-06-13 16:00:00,1.1203183333333333
2017-06-13 20:00:00,1.1206933333333333
2017-06-14 00:00:00,1.1209058333333335
2017-06-14 04:00:00,1.1214183333333334
2017-06-14 08:00:00,1.1214341666666667
2017-06-14 12:00:00,1.1214091666666666
2017-06-14 16:00:00,1.1275291666666667
2017-06-14 20:00:00,1.1233183333333332
2017-06-15 00:00:00,1.1213725
2017-06-15 04:00:00,1.12203
2017-06-15 08:00:00,1.1201658333333333
2017-06-15 12:00:00,1.1162233333333333
2017-06-15 16:00:00,1.1147466666666666
2017-06-15 20:00:00,1.1146958333333334
2017-06-16 00:00:00,1.1147433333333332
2017-06-16 04:00:00,1.1148233333333333
2017-06-16 08:00:00,1.11559
2017-06-16 12:00:00,1.1171675
2017-06-16 16:00:00,1.1186075
2017-06-16 20:00:00,1.1194941666666667
2017-06-19 00:00:00,1.1199483333333333
2017-06-19 04:00:00,1.1195933333333332
2017-06-19 08:00:00,1.1195283333333332
2017-06-19 12:00:00,1.1194458333333333
2017-06-19 16:00:00,1.116725
2017-06-19 20:00:00,1.1148775
2017-06-20 00:00:00,1.1147158333333334
2017-06-20 04:00:00,1.1154233333333334
2017-06-20 08:00:00,1.1156133333333333
2017-06-20 12:00:00,1.1153283333333333
2017-06-20 16:00:00,1.1129908333333334
2017-06-20 20:00:00,1.1127150000000001
2017-06-21 00:00:00,1.1133791666666666
2017-06-21 04:00:00,1.1134533333333332
2017-06-21 08:00:00,1.1133058333333332
2017-06-21 12:00:00,1.1145408333333333
2017-06-21 16:00:00,1.1141658333333333
2017-06-21 20:00:00,1.1159633333333332
2017-06-22 00:00:00,1.1165483333333333
2017-06-22 04:00:00,1.1167341666666666
2017-06-22 08:00:00,1.1167966666666667
2017-06-22 12:00:00,1.1164425
2017-06-22 16:00:00,1.1154350000000002
2017-06-22 20:00:00,1.1148275
2017-06-23 00:00:00,1.114945
2017-06-23 04:00:00,1.1158658333333333
2017-06-23 08:00:00,1.1171108333333333
2017-06-23 12:00:00,1.1170183333333332
2017-06-23 16:00:00,1.1194991666666665
2017-06-23 20:00:00,1.1196275
2017-06-26 00:00:00,1.1195508333333335
2017-06-26 04:00:00,1.1192925
2017-06-26 08:00:00,1.1192333333333333
2017-06-26 12:00:00,1.1185666666666667
2017-06-26 16:00:00,1.1199475
2017-06-26 20:00:00,1.1183441666666667
2017-06-27 00:00:00,1.1181533333333333
2017-06-27 04:00:00,1.11868
2017-06-27 08:00:00,1.1200999999999999
2017-06-27 12:00:00,1.1263825
2017-06-27 16:00:00,1.1300791666666665
2017-06-27 20:00:00,1.1338300000000001
2017-06-28 00:00:00,1.1337566666666667
2017-06-28 04:00:00,1.134865
2017-06-28 08:00:00,1.1364858333333334
2017-06-28 12:00:00,1.1355591666666667
2017-06-28 16:00:00,1.1364825
2017-06-28 20:00:00,1.137855
2017-06-29 00:00:00,1.1378991666666667
2017-06-29 04:00:00,1.1403441666666667
2017-06-29 08:00:00,1.1413841666666666
2017-06-29 12:00:00,1.1405491666666667
2017-06-29 16:00:00,1.1417225
2017-06-29 20:00:00,1.1437549999999999
2017-06-30 00:00:00,1.1438525
2017-06-30 04:00:00,1.1438483333333334
2017-06-30 08:00:00,1.141965
2017-06-30 12:00:00,1.1406291666666666
2017-06-30 16:00:00,1.1411883333333332
2017-06-30 20:00:00,1.1417483333333334
2017-07-03 00:00:00,1.1420816666666667
2017-07-03 04:00:00,1.1412341666666668
2017-07-03 08:00:00,1.1400258333333335
2017-07-03 12:00:00,1.1371608333333334
2017-07-03 16:00:00,1.1364383333333332
2017-07-03 20:00:00,1.1361025
2017-07-04 00:00:00,1.1367533333333333
2017-07-04 04:00:00,1.136915
2017-07-04 08:00:00,1.135795
2017-07-04 12:00:00,1.1347749999999999
2017-07-04 16:00:00,1.1346925
2017-07-04 20:00:00,1.1347683333333332
2017-07-05 00:00:00,1.1352775
2017-07-05 04:00:00,1.1360041666666667
2017-07-05 08:00:00,1.1355875
2017-07-05 12:00:00,1.1325224999999999
2017-07-05 16:00:00,1.1331558333333334
2017-07-05 20:00:00,1.13423
2017-07-06 00:00:00,1.1347541666666667
2017-07-06 04:00:00,1.1336691666666667
2017-07-06 08:00:00,1.1343691666666667
2017-07-06 12:00:00,1.1372558333333334
2017-07-06 16:00:00,1.1403241666666668
2017-07-06 20:00:00,1.1420775
2017-07-07 00:00:00,1.1419783333333333
2017-07-07 04:00:00,1.141375
2017-07-07 08:00:00,1.14155
2017-07-07 12:00:00,1.1411550000000001
2017-07-07 16:00:00,1.1395066666666667
2017-07-07 20:00:00,1.1402383333333332
2017-07-10 00:00:00,1.1399233333333334
2017-07-10 04:00:00,1.1404116666666666
2017-07-10 08:00:00,1.1404575
2017-07-10 12:00:00,1.1388225
2017-07-10 16:00:00,1.1391916666666666
2017-07-10 20:00:00,1.1401191666666666
2017-07-11 00:00:00,1.1395591666666667
2017-07-11 04:00:00,1.13925
2017-07-11 08:00:00,1.1389541666666667
2017-07-11 12:00:00,1.1396383333333333
2017-07-11 16:00:00,1.1419774999999999
2017-07-11 20:00:00,1.14663
2017-07-12 00:00:00,1.1469208333333332
2017-07-12 04:00:00,1.1477883333333332
2017-07-12 08:00:00,1.1461508333333332
2017-07-12 12:00:00,1.1454466666666667
2017-07-12 16:00:00,1.1417816666666667
2017-07-12 20:00:00,1.1416566666666665
2017-07-13 00:00:00,1.1417291666666667
2017-07-13 04:00:00,1.1434816666666667
2017-07-13 08:00:00,1.1431783333333332
2017-07-13 12:00:00,1.139865
2017-07-13 16:00:00,1.1396475000000001
2017-07-13 20:00:00,1.1400241666666666
2017-07-14 00:00:00,1.1398791666666666
2017-07-14 04:00:00,1.1404583333333331
2017-07-14 08:00:00,1.1411675000000001
2017-07-14 12:00:00,1.1422291666666666
2017-07-14 16:00:00,1.14517
2017-07-14 20:00:00,1.1466283333333334
2017-07-17 00:00:00,1.14692
2017-07-17 04:00:00,1.1461433333333333
2017-07-17 08:00:00,1.1450858333333334
2017-07-17 12:00:00,1.1460766666666666
2017-07-17 16:00:00,1.1470041666666668
2017-07-17 20:00:00,1.1478625
2017-07-18 00:00:00,1.1477225
2017-07-18 04:00:00,1.1525166666666666
2017-07-18 08:00:00,1.1523691666666667
2017-07-18 12:00:00,1.1551658333333332
2017-07-18 16:00:00,1.1573025000000001
2017-07-18 20:00:00,1.15576
2017-07-19 00:00:00,1.1549983333333333
2017-07-19 04:00:00,1.153945
2017-07-19 08:00:00,1.1529
2017-07-19 12:00:00,1.1528641666666666
2017-07-19 16:00:00,1.1521008333333334
2017-07-19 20:00:00,1.1516541666666666
2017-07-20 00:00:00,1.1523041666666667
2017-07-20 04:00:00,1.1515108333333333
2017-07-20 08:00:00,1.1509075000000002
2017-07-20 12:00:00,1.150913333333333
2017-07-20 16:00:00,1.1611133333333334
2017-07-20 20:00:00,1.1626575000000001
2017-07-21 00:00:00,1.1628125
2017-07-21 04:00:00,1.1627
2017-07-21 08:00:00,1.1647016666666667
2017-07-21 12:00:00,1.1643941666666664
2017-07-21 16:00:00,1.1653808333333333
2017-07-21 20:00:00,1.1671116666666665
2017-07-24 00:00:00,1.1671200000000002
2017-07-24 04:00:00,1.1669366666666665
2017-07-24 08:00:00,1.1653675000000001
2017-07-24 12:00:00,1.1650483333333335
2017-07-24 16:00:00,1.1640216666666667
2017-07-24 20:00:00,1.1640433333333333
2017-07-25 00:00:00,1.1636541666666667
2017-07-25 04:00:00,1.1650583333333333
2017-07-25 08:00:00,1.1657108333333333
2017-07-25 12:00:00,1.1662316666666668
2017-07-25 16:00:00,1.1669200000000002
2017-07-25 20:00:00,1.1650075
2017-07-26 00:00:00,1.1644541666666668
2017-07-26 04:00:00,1.1645066666666666
2017-07-26 08:00:00,1.1631624999999999
2017-07-26 12:00:00,1.16383
2017-07-26 16:00:00,1.163275
2017-07-26 20:00:00,1.1693191666666667
2017-07-27 00:00:00,1.1734841666666669
2017-07-27 04:00:00,1.1746558333333332
2017-07-27 08:00:00,1.1730375000000002
2017-07-27 12:00:00,1.1706541666666668
2017-07-27 16:00:00,1.1674916666666668
2017-07-27 20:00:00,1.1675191666666667
2017-07-28 00:00:00,1.1680575000000002
2017-07-28 04:00:00,1.1684591666666666
2017-07-28 08:00:00,1.1697333333333333
2017-07-28 12:00:00,1.1716416666666667
2017-07-28 16:00:00,1.1741041666666665
2017-07-28 20:00:00,1.1751508333333334
2017-07-31 00:00:00,1.1749366666666667
2017-07-31 04:00:00,1.1736408333333332
2017-07-31 08:00:00,1.1733566666666668
2017-07-31 12:00:00,1.1731433333333334
2017-07-31 16:00:00,1.1786483333333333
2017-07-31 20:00:00,1.1829066666666668
2017-08-01 00:00:00,1.1829524999999999
2017-08-01 04:00:00,1.18272
2017-08-01 08:00:00,1.1820966666666666
2017-08-01 12:00:00,1.1813266666666666
2017-08-01 16:00:00,1.1808241666666666
2017-08-01 20:00:00,1.1806941666666666
2017-08-02 00:00:00,1.1807366666666668
2017-08-02 04:00:00,1.18091
2017-08-02 08:00:00,1.1835075000000002
2017-08-02 12:00:00,1.1833049999999998
2017-08-02 16:00:00,1.1850741666666667
2017-08-02 20:00:00,1.1865458333333332
2017-08-03 00:00:00,1.184945
2017-08-03 04:00:00,1.1841883333333334
2017-08-03 08:00:00,1.1844391666666667
2017-08-03 12:00:00,1.1847875
2017-08-03 16:00:00,1.1868716666666665
2017-08-03 20:00:00,1.1870841666666667
2017-08-04 00:00:00,1.1875916666666666
2017-08-04 04:00:00,1.187715
2017-08-04 08:00:00,1.1882016666666668
2017-08-04 12:00:00,1.1867425
2017-08-04 16:00:00,1.1767375
2017-08-04 20:00:00,1.1765791666666665
2017-08-07 00:00:00,1.1779891666666666
2017-08-07 04:00:00,1.1794333333333333
2017-08-07 08:00:00,1.17938
2017-08-07 12:00:00,1.1797541666666664
2017-08-07 16:00:00,1.1789075000000002
2017-08-07 20:00:00,1.1792566666666666
2017-08-08 00:00:00,1.1796391666666666
2017-08-08 04:00:00,1.1811366666666667
2017-08-08 08:00:00,1.1808216666666667
2017-08-08 12:00:00,1.181135
2017-08-08 16:00:00,1.176055
2017-08-08 20:00:00,1.1753583333333335
2017-08-09 00:00:00,1.1750675
2017-08-09 04:00:00,1.173405
2017-08-09 08:00:00,1.1740541666666666
2017-08-09 12:00:00,1.1739008333333334
2017-08-09 16:00:00,1.1733158333333333
2017-08-09 20:00:00,1.17536
2017-08-10 00:00:00,1.1759158333333333
2017-08-10 04:00:00,1.174404166666667
2017-08-10 08:00:00,1.1728641666666668
2017-08-10 12:00:00,1.1722258333333335
2017-08-10 16:00:00,1.1746016666666668
2017-08-10 20:00:00,1.1767383333333332
2017-08-11 00:00:00,1.1768925000000001
2017-08-11 04:00:00,1.1770441666666667
2017-08-11 08:00:00,1.1760033333333333
2017-08-11 12:00:00,1.1770191666666667
2017-08-11 16:00:00,1.1803525
2017-08-11 20:00:00,1.1826466666666666
2017-08-14 00:00:00,1.1821808333333332
2017-08-14 04:00:00,1.182575
2017-08-14 08:00:00,1.1814058333333333
2017-08-14 12:00:00,1.1796366666666667
2017-08-14 16:00:00,1.178555
2017-08-14 20:00:00,1.1781424999999999
2017-08-15 00:00:00,1.1777358333333332
2017-08-15 04:00:00,1.1782425
2017-08-15 08:00:00,1.1751716666666667
2017-08-15 12:00:00,1.1737741666666668
2017-08-15 16:00:00,1.1720716666666666
2017-08-15 20:00:00,1.1735816666666667
2017-08-16 00:00:00,1.1736841666666666
2017-08-16 04:00:00,1.1738425
2017-08-16 08:00:00,1.1729924999999999
2017-08-16 12:00:00,1.1712341666666668
2017-08-16 16:00:00,1.169915
2017-08-16 20:00:00,1.1754566666666668
2017-08-17 00:00:00,1.1771333333333334
2017-08-17 04:00:00,1.1780141666666666
2017-08-17 08:00:00,1.1761366666666666
2017-08-17 12:00:00,1.1699408333333334
2017-08-17 16:00:00,1.1732383333333334
2017-08-17 20:00:00,1.1735975
2017-08-18 00:00:00,1.1722116666666667
2017-08-18 04:00:00,1.1731725
2017-08-18 08:00:00,1.1735783333333334
2017-08-18 12:00:00,1.1743533333333334
2017-08-18 16:00:00,1.1746091666666667
2017-08-18 20:00:00,1.1756825
2017-08-21 00:00:00,1.1754091666666668
2017-08-21 04:00:00,1.1755616666666666
2017-08-21 08:00:00,1.17418
2017-08-21 12:00:00,1.1756916666666666
2017-08-21 16:00:00,1.180645
2017-08-21 20:00:00,1.1814158333333333
2017-08-22 00:00:00,1.1811641666666666
2017-08-22 04:00:00,1.1808908333333332
2017-08-22 08:00:00,1.1790383333333334
2017-08-22 12:00:00,1.1758808333333333
2017-08-22 16:00:00,1.1761333333333333
2017-08-22 20:00:00,1.1755908333333334
2017-08-23 00:00:00,1.1760066666666666
2017-08-23 04:00:00,1.1758541666666669
2017-08-23 08:00:00,1.1766816666666666
2017-08-23 12:00:00,1.1788641666666666
2017-08-23 16:00:00,1.1802591666666666
2017-08-23 20:00:00,1.1813416666666667
2017-08-24 00:00:00,1.1810775
2017-08-24 04:00:00,1.1801599999999999
2017-08-24 08:00:00,1.1795033333333333
2017-08-24 12:00:00,1.1795733333333334
2017-08-24 16:00:00,1.1800775
2017-08-24 20:00:00,1.1804333333333332
2017-08-25 00:00:00,1.1798624999999998
2017-08-25 04:00:00,1.1793866666666668
2017-08-25 08:00:00,1.1790341666666666
2017-08-25 12:00:00,1.1809816666666666
2017-08-25 16:00:00,1.1850016666666665
2017-08-25 20:00:00,1.1898308333333334
2017-08-28 00:00:00,1.1944275000000002
2017-08-28 04:00:00,1.1923041666666667
2017-08-28 08:00:00,1.1929241666666666
2017-08-28 12:00:00,1.1931925
2017-08-28 16:00:00,1.1956216666666666
2017-08-28 20:00:00,1.19766
2017-08-29 00:00:00,1.1968991666666668
2017-08-29 04:00:00,1.1969316666666667
2017-08-29 08:00:00,1.2017608333333334
2017-08-29 12:00:00,1.2041208333333335
2017-08-29 16:00:00,1.2022275
2017-08-29 20:00:00,1.198455
2017-08-30 00:00:00,1.1970358333333333
2017-08-30 04:00:00,1.1976116666666667
2017-08-30 08:00:00,1.1955541666666667
2017-08-30 12:00:00,1.193525
2017-08-30 16:00:00,1.1913733333333332
2017-08-30 20:00:00,1.1890641666666666
2017-08-31 00:00:00,1.1891016666666667
2017-08-31 04:00:00,1.1877708333333334
2017-08-31 08:00:00,1.1885283333333334
2017-08-31 12:00:00,1.1856983333333333
2017-08-31 16:00:00,1.1875066666666667
2017-08-31 20:00:00,1.1899258333333336
2017-09-01 00:00:00,1.1911983333333334
2017-09-01 04:00:00,1.1903675
2017-09-01 08:00:00,1.1889716666666668
2017-09-01 12:00:00,1.1912708333333333
2017-09-01 16:00:00,1.1874766666666667
2017-09-01 20:00:00,1.1864124999999999
2017-09-04 00:00:00,1.1879458333333335
2017-09-04 04:00:00,1.1881775
2017-09-04 08:00:00,1.1895033333333334
2017-09-04 12:00:00,1.1907716666666666
2017-09-04 16:00:00,1.190515
2017-09-04 20:00:00,1.1895924999999998
2017-09-05 00:00:00,1.189495
2017-09-05 04:00:00,1.1903499999999998
2017-09-05 08:00:00,1.18929
2017-09-05 12:00:00,1.189015
2017-09-05 16:00:00,1.19065
2017-09-05 20:00:00,1.1912108333333333
2017-09-06 00:00:00,1.1917499999999999
2017-09-06 04:00:00,1.1910908333333334
2017-09-06 08:00:00,1.192835
2017-09-06 12:00:00,1.1932691666666666
2017-09-06 16:00:00,1.1931725
2017-09-06 20:00:00,1.1916016666666667
2017-09-07 00:00:00,1.1922633333333335
2017-09-07 04:00:00,1.1923683333333335
2017-09-07 08:00:00,1.1937058333333332
2017-09-07 12:00:00,1.1984758333333334
2017-09-07 16:00:00,1.2009525
2017-09-07 20:00:00,1.2008425
2017-09-08 00:00:00,1.2023308333333333
2017-09-08 04:00:00,1.2056625
2017-09-08 08:00:00,1.2063383333333335
2017-09-08 12:00:00,1.205845
2017-09-08 16:00:00,1.2029716666666666
2017-09-08 20:00:00,1.2029625
2017-09-11 00:00:00,1.201675
2017-09-11 04:00:00,1.2010175
2017-09-11 08:00:00,1.2012283333333333
2017-09-11 12:00:00,1.2004583333333334
2017-09-11 16:00:00,1.19755
2017-09-11 20:00:00,1.1958525
2017-09-12 00:00:00,1.1955483333333334
2017-09-12 04:00:00,1.19555
2017-09-12 08:00:00,1.1964483333333333
2017-09-12 12:00:00,1.1941566666666668
2017-09-12 16:00:00,1.195565
2017-09-12 20:00:00,1.1964058333333334
2017-09-13 00:00:00,1.1967349999999999
2017-09-13 04:00:00,1.1982175
2017-09-13 08:00:00,1.1980191666666666
2017-09-13 12:00:00,1.1978508333333333
2017-09-13 16:00:00,1.191395
2017-09-13 20:00:00,1.1882108333333332
2017-09-14 00:00:00,1.1887308333333333
2017-09-14 04:00:00,1.1875908333333334
2017-09-14 08:00:00,1.188753333333333
2017-09-14 12:00:00,1.1891583333333333
2017-09-14 16:00:00,1.1881233333333334
2017-09-14 20:00:00,1.1910441666666667
2017-09-15 00:00:00,1.1914883333333333
2017-09-15 04:00:00,1.1909058333333333
2017-09-15 08:00:00,1.1920608333333333
2017-09-15 12:00:00,1.1951824999999998
2017-09-15 16:00:00,1.1962825000000001
2017-09-15 20:00:00,1.1941141666666666
2017-09-18 00:00:00,1.1937283333333335
2017-09-18 04:00:00,1.1944533333333334
2017-09-18 08:00:00,1.1938333333333333
2017-09-18 12:00:00,1.1951516666666666
2017-09-18 16:00:00,1.1947308333333333
2017-09-18 20:00:00,1.1946191666666668
2017-09-19 00:00:00,1.1956433333333334
2017-09-19 04:00:00,1.19689
2017-09-19 08:00:00,1.1988458333333334
2017-09-19 12:00:00,1.1982108333333334
2017-09-19 16:00:00,1.1977783333333334
2017-09-19 20:00:00,1.1994175
2017-09-20 00:00:00,1.1992983333333334
2017-09-20 04:00:00,1.2007750000000001
2017-09-20 08:00:00,1.2005025
2017-09-20 12:00:00,1.2005016666666666
2017-09-20 16:00:00,1.1996816666666668
2017-09-20 20:00:00,1.1928333333333332
2017-09-21 00:00:00,1.1882825000000001
2017-09-21 04:00:00,1.1880983333333333
2017-09-21 08:00:00,1.1894566666666666
2017-09-21 12:00:00,1.1907458333333334
2017-09-21 16:00:00,1.1928658333333333
2017-09-21 20:00:00,1.1933666666666667
2017-09-22 00:00:00,1.1940908333333333
2017-09-22 04:00:00,1.1954974999999999
2017-09-22 08:00:00,1.1977075
2017-09-22 12:00:00,1.1975016666666667
2017-09-22 16:00:00,1.1963533333333332
2017-09-22 20:00:00,1.1944416666666666
2017-09-25 00:00:00,1.1919116666666665
2017-09-25 04:00:00,1.1930100000000001
2017-09-25 08:00:00,1.1914516666666666
2017-09-25 12:00:00,1.1877741666666666
2017-09-25 16:00:00,1.186225
2017-09-25 20:00:00,1.1844741666666665
2017-09-26 00:00:00,1.1851391666666669
2017-09-26 04:00:00,1.1857199999999999
2017-09-26 08:00:00,1.1831975000000001
2017-09-26 12:00:00,1.1798266666666668
2017-09-26 16:00:00,1.1776283333333333
2017-09-26 20:00:00,1.1795691666666666
2017-09-27 00:00:00,1.1787066666666668
2017-09-27 04:00:00,1.178725
2017-09-27 08:00:00,1.1758325
2017-09-27 12:00:00,1.1740141666666666
2017-09-27 16:00:00,1.1738433333333333
2017-09-27 20:00:00,1.1752533333333335
2017-09-28 00:00:00,1.1745774999999998
2017-09-28 04:00:00,1.1735541666666667
2017-09-28 08:00:00,1.1742875000000002
2017-09-28 12:00:00,1.177245
2017-09-28 16:00:00,1.1783975
2017-09-28 20:00:00,1.17849
2017-09-29 00:00:00,1.1781983333333332
2017-09-29 04:00:00,1.1780424999999999
2017-09-29 08:00:00,1.1789983333333331
2017-09-29 12:00:00,1.1809383333333334
2017-09-29 16:00:00,1.1809308333333333
2017-09-29 20:00:00,1.1812075
2017-10-02 00:00:00,1.180185
2017-10-02 04:00:00,1.1776366666666664
2017-10-02 08:00:00,1.1754483333333334
2017-10-02 12:00:00,1.174255
2017-10-02 16:00:00,1.17441
2017-10-02 20:00:00,1.1737716666666667
2017-10-03 00:00:00,1.1731158333333334
2017-10-03 04:00:00,1.170774166666667
2017-10-03 08:00:00,1.1722658333333333
2017-10-03 12:00:00,1.1746908333333335
2017-10-03 16:00:00,1.1756341666666668
2017-10-03 20:00:00,1.17469
2017-10-04 00:00:00,1.1747475
2017-10-04 04:00:00,1.1768983333333332
2017-10-04 08:00:00,1.1762716666666668
2017-10-04 12:00:00,1.1769408333333333
2017-10-04 16:00:00,1.1760383333333333
2017-10-04 20:00:00,1.1761566666666665
2017-10-05 00:00:00,1.1757024999999999
2017-10-05 04:00:00,1.1755933333333333
2017-10-05 08:00:00,1.1764366666666666
2017-10-05 12:00:00,1.1747524999999999
2017-10-05 16:00:00,1.1714625
2017-10-05 20:00:00,1.1704675
2017-10-06 00:00:00,1.1709575
2017-10-09 00:00:00,1.1736833333333334
2017-10-09 04:00:00,1.173775
2017-10-09 08:00:00,1.173095
2017-10-09 12:00:00,1.1742108333333334
2017-10-09 16:00:00,1.1739225
2017-10-09 20:00:00,1.1748308333333333
2017-10-10 00:00:00,1.1741533333333334
2017-10-10 04:00:00,1.1770025
2017-10-10 08:00:00,1.1772791666666667
2017-10-10 12:00:00,1.1789683333333334
2017-10-10 16:00:00,1.1803941666666666
2017-10-10 20:00:00,1.1808233333333333
2017-10-11 00:00:00,1.1812158333333334
2017-10-11 04:00:00,1.180885
2017-10-11 08:00:00,1.1823275
2017-10-11 12:00:00,1.1822983333333335
2017-10-11 16:00:00,1.1847074999999998
2017-10-11 20:00:00,1.1853508333333334
2017-10-12 00:00:00,1.1861491666666666
2017-10-12 04:00:00,1.1872558333333334
2017-10-12 08:00:00,1.1867841666666665
2017-10-12 12:00:00,1.1853241666666667
2017-10-12 16:00:00,1.1839433333333333
2017-10-12 20:00:00,1.1835825
2017-10-13 00:00:00,1.1832516666666666
2017-10-13 04:00:00,1.18456
2017-10-13 08:00:00,1.1836091666666668
2017-10-13 12:00:00,1.1827791666666667
2017-10-13 16:00:00,1.1845249999999998
2017-10-13 20:00:00,1.1819566666666668
2017-10-16 00:00:00,1.1814558333333334
2017-10-16 04:00:00,1.1805541666666666
2017-10-16 08:00:00,1.1791591666666665
2017-10-16 12:00:00,1.1799425000000001
2017-10-16 16:00:00,1.1804608333333335
2017-10-16 20:00:00,1.1796558333333333
2017-10-17 00:00:00,1.1792125
2017-10-17 04:00:00,1.1779208333333333
2017-10-17 08:00:00,1.1766583333333334
2017-10-17 12:00:00,1.1759525
2017-10-17 16:00:00,1.1748291666666666
2017-10-17 20:00:00,1.1764975000000002
2017-10-18 00:00:00,1.1768891666666668
2017-10-18 04:00:00,1.1768833333333333
2017-10-18 08:00:00,1.1757766666666667
2017-10-18 12:00:00,1.1749008333333333
2017-10-18 16:00:00,1.1774166666666668
2017-10-18 20:00:00,1.17917
2017-10-19 00:00:00,1.1796200000000001
2017-10-19 04:00:00,1.1801650000000001
2017-10-19 08:00:00,1.1805083333333333
2017-10-19 12:00:00,1.182385
2017-10-19 16:00:00,1.1842591666666666
2017-10-19 20:00:00,1.1837108333333333
2017-10-20 00:00:00,1.1847275000000002
2017-10-20 04:00:00,1.181935
2017-10-20 08:00:00,1.1807808333333334
2017-10-20 12:00:00,1.1807866666666667
2017-10-20 16:00:00,1.17834
2017-10-20 20:00:00,1.1777925
2017-10-23 00:00:00,1.1761475
2017-10-23 04:00:00,1.1766991666666666
2017-10-23 08:00:00,1.175955
2017-10-23 12:00:00,1.1739683333333333
2017-10-23 16:00:00,1.1748708333333333
2017-10-23 20:00:00,1.1741733333333333
2017-10-24 00:00:00,1.1751691666666666
2017-10-24 04:00:00,1.1761883333333334
2017-10-24 08:00:00,1.1756866666666665
2017-10-24 12:00:00,1.1759283333333335
2017-10-24 16:00:00,1.1763083333333333
2017-10-24 20:00:00,1.1766658333333333
2017-10-25 00:00:00,1.1761358333333334
2017-10-25 04:00:00,1.1757391666666668
2017-10-25 08:00:00,1.176275
2017-10-25 12:00:00,1.1773508333333331
2017-10-25 16:00:00,1.1802416666666666
2017-10-25 20:00:00,1.1807125
2017-10-26 00:00:00,1.1815766666666667
2017-10-26 04:00:00,1.1825283333333334
2017-10-26 08:00:00,1.1822216666666667
2017-10-26 12:00:00,1.1789450000000001
2017-10-26 16:00:00,1.1707516666666666
2017-10-26 20:00:00,1.1656708333333334
2017-10-27 00:00:00,1.1642691666666667
2017-10-27 04:00:00,1.1633691666666668
2017-10-27 08:00:00,1.1631241666666667
2017-10-27 12:00:00,1.1617258333333331
2017-10-27 16:00:00,1.1586966666666667
2017-10-27 20:00:00,1.1595683333333333
2017-10-30 00:00:00,1.1602558333333333
2017-10-30 04:00:00,1.1610883333333333
2017-10-30 08:00:00,1.1617791666666668
2017-10-30 12:00:00,1.1631466666666666
2017-10-30 16:00:00,1.1621875
2017-10-30 20:00:00,1.1642283333333334
2017-10-31 00:00:00,1.164665
2017-10-31 04:00:00,1.16347
2017-10-31 08:00:00,1.1638691666666667
2017-10-31 12:00:00,1.1633708333333332
2017-10-31 16:00:00,1.1642908333333333
2017-10-31 20:00:00,1.164915
2017-11-01 00:00:00,1.1646658333333333
2017-11-01 04:00:00,1.1632541666666665
2017-11-01 08:00:00,1.1639025
2017-11-01 12:00:00,1.163385
2017-11-01 16:00:00,1.1620925
2017-11-01 20:00:00,1.1622566666666665
2017-11-02 00:00:00,1.1623583333333334
2017-11-02 04:00:00,1.1655283333333333
2017-11-02 08:00:00,1.1647716666666668
2017-11-02 12:00:00,1.1647883333333333
2017-11-02 16:00:00,1.1660525000000002
2017-11-02 20:00:00,1.1657724999999999
2017-11-03 00:00:00,1.165705
2017-11-03 04:00:00,1.1659358333333334
2017-11-03 08:00:00,1.16551
2017-11-03 12:00:00,1.1649533333333333
2017-11-03 16:00:00,1.1621658333333333
2017-11-03 20:00:00,1.1605733333333332
2017-11-06 00:00:00,1.1608766666666666
2017-11-06 04:00:00,1.1611575
2017-11-06 08:00:00,1.1609175
2017-11-06 12:00:00,1.159895
2017-11-06 16:00:00,1.1588841666666667
2017-11-06 20:00:00,1.1608258333333332
2017-11-07 00:00:00,1.161015
2017-11-07 04:00:00,1.1608666666666667
2017-11-07 08:00:00,1.1593633333333333
2017-11-07 12:00:00,1.1566049999999999
2017-11-07 16:00:00,1.1571058333333335
2017-11-07 20:00:00,1.1582666666666668
2017-11-08 00:00:00,1.1592974999999999
2017-11-08 04:00:00,1.1595866666666668
2017-11-08 08:00:00,1.1595933333333333
2017-11-08 12:00:00,1.159585
2017-11-08 16:00:00,1.1591058333333333
2017-11-08 20:00:00,1.1593475
2017-11-09 00:00:00,1.159205
2017-11-09 04:00:00,1.15936
2017-11-09 08:00:00,1.1602875
2017-11-09 12:00:00,1.1617166666666665
2017-11-09 16:00:00,1.16251
2017-11-09 20:00:00,1.1644766666666668
2017-11-10 00:00:00,1.1643816666666666
2017-11-10 04:00:00,1.1645941666666666
2017-11-10 08:00:00,1.1640325
2017-11-10 12:00:00,1.1647766666666666
2017-11-10 16:00:00,1.1656916666666666
2017-11-10 20:00:00,1.1661558333333333
2017-11-13 00:00:00,1.1657724999999999
2017-11-13 04:00:00,1.1650958333333334
2017-11-13 08:00:00,1.1648358333333333
2017-11-13 12:00:00,1.1647841666666667
2017-11-13 16:00:00,1.1663366666666666
2017-11-13 20:00:00,1.166435
2017-11-14 00:00:00,1.1665683333333332
2017-11-14 04:00:00,1.1670583333333333
2017-11-14 08:00:00,1.1681041666666667
2017-11-14 12:00:00,1.1722558333333333
2017-11-14 16:00:00,1.1754316666666667
2017-11-14 20:00:00,1.1789208333333332
2017-11-15 00:00:00,1.1792958333333332
2017-11-15 04:00:00,1.1793008333333332
2017-11-15 08:00:00,1.1803491666666666
2017-11-15 12:00:00,1.1840816666666667
2017-11-15 16:00:00,1.1817625
2017-11-15 20:00:00,1.1795566666666666
2017-11-16 00:00:00,1.1781033333333333
2017-11-16 04:00:00,1.1780683333333335
2017-11-16 08:00:00,1.1784016666666666
2017-11-16 12:00:00,1.1769133333333333
2017-11-16 16:00:00,1.1772908333333332
2017-11-16 20:00:00,1.1768816666666666
2017-11-17 00:00:00,1.1774141666666667
2017-11-17 04:00:00,1.18093
2017-11-17 08:00:00,1.1799891666666666
2017-11-17 12:00:00,1.1796141666666666
2017-11-17 16:00:00,1.1788841666666667
2017-11-17 20:00:00,1.1797791666666666
2017-11-20 00:00:00,1.1761516666666667
2017-11-20 04:00:00,1.1736216666666666
2017-11-20 08:00:00,1.1750366666666667
2017-11-20 12:00:00,1.1786483333333333
2017-11-20 16:00:00,1.17567
2017-11-20 20:00:00,1.173675
2017-11-21 00:00:00,1.1735
2017-11-21 04:00:00,1.1735616666666666
2017-11-21 08:00:00,1.1740866666666667
2017-11-21 12:00:00,1.1727174999999999
2017-11-21 16:00:00,1.1730025
2017-11-21 20:00:00,1.17414
2017-11-22 00:00:00,1.1738358333333334
2017-11-22 04:00:00,1.1738225
2017-11-22 08:00:00,1.175285
2017-11-22 12:00:00,1.1751633333333333
2017-11-22 16:00:00,1.1772241666666665
2017-11-22 20:00:00,1.1805766666666666
2017-11-23 00:00:00,1.1817425
2017-11-23 04:00:00,1.1825841666666665
2017-11-23 08:00:00,1.1831908333333334
2017-11-23 12:00:00,1.1844216666666667
2017-11-23 16:00:00,1.1846533333333333
2017-11-23 20:00:00,1.1849316666666667
2017-11-24 00:00:00,1.1847175
2017-11-24 04:00:00,1.18494
2017-11-24 08:00:00,1.1849699999999999
2017-11-24 12:00:00,1.1864575
2017-11-24 16:00:00,1.1916475000000002
2017-11-24 20:00:00,1.192765
2017-11-27 00:00:00,1.1926333333333332
2017-11-27 04:00:00,1.1920591666666667
2017-11-27 08:00:00,1.1928625
2017-11-27 12:00:00,1.1934916666666666
2017-11-27 16:00:00,1.1933224999999998
2017-11-27 20:00:00,1.1901391666666665
2017-11-28 00:00:00,1.19
2017-11-28 04:00:00,1.1901558333333333
2017-11-28 08:00:00,1.1901558333333333
2017-11-28 12:00:00,1.1886616666666665
2017-11-28 16:00:00,1.1881041666666667
2017-11-28 20:00:00,1.1853566666666668
2017-11-29 00:00:00,1.184445
2017-11-29 04:00:00,1.1848116666666668
2017-11-29 08:00:00,1.186
2017-11-29 12:00:00,1.1850408333333333
2017-11-29 16:00:00,1.1841325
2017-11-29 20:00:00,1.1856291666666667
2017-11-30 00:00:00,1.18495
2017-11-30 04:00:00,1.1863183333333331
2017-11-30 08:00:00,1.1861666666666666
2017-11-30 12:00:00,1.1834116666666668
2017-11-30 16:00:00,1.1892883333333333
2017-11-30 20:00:00,1.18993
2017-12-01 00:00:00,1.1900441666666666
2017-12-01 04:00:00,1.1908491666666667
2017-12-01 08:00:00,1.1921466666666667
2017-12-01 12:00:00,1.1898558333333333
2017-12-01 16:00:00,1.1875958333333332
2017-12-01 20:00:00,1.1896666666666667
2017-12-04 00:00:00,1.1871325
2017-12-04 04:00:00,1.1870975000000001
2017-12-04 08:00:00,1.1862291666666667
2017-12-04 12:00:00,1.1854433333333334
2017-12-04 16:00:00,1.18463
2017-12-04 20:00:00,1.1850133333333333
2017-12-05 00:00:00,1.1865525
2017-12-05 04:00:00,1.1872150000000001
2017-12-05 08:00:00,1.18622
2017-12-05 12:00:00,1.1857341666666668
2017-12-05 16:00:00,1.182835
2017-12-05 20:00:00,1.1812466666666668
2017-12-06 00:00:00,1.1825325
2017-12-06 04:00:00,1.1832533333333333
2017-12-06 08:00:00,1.18313
2017-12-06 12:00:00,1.1818641666666667
2017-12-06 16:00:00,1.1795608333333334
2017-12-06 20:00:00,1.1792475
2017-12-07 00:00:00,1.1798883333333334
2017-12-07 04:00:00,1.1799383333333333
2017-12-07 08:00:00,1.1792616666666667
2017-12-07 12:00:00,1.1784791666666665
2017-12-07 16:00:00,1.1792208333333334
2017-12-07 20:00:00,1.1787433333333333
2017-12-08 00:00:00,1.1771858333333334
2017-12-08 04:00:00,1.1764891666666666
2017-12-08 08:00:00,1.1752291666666668
2017-12-08 12:00:00,1.1738241666666667
2017-12-08 16:00:00,1.1756241666666667
2017-12-08 20:00:00,1.17628
2017-12-11 00:00:00,1.1768216666666667
2017-12-11 04:00:00,1.1777266666666666
2017-12-11 08:00:00,1.1783000000000001
2017-12-11 12:00:00,1.1794433333333334
2017-12-11 16:00:00,1.1792666666666667
2017-12-11 20:00:00,1.1786566666666667
2017-12-12 00:00:00,1.1772
2017-12-12 04:00:00,1.1769375
2017-12-12 08:00:00,1.1776758333333333
2017-12-12 12:00:00,1.1777258333333334
2017-12-12 16:00:00,1.1738691666666665
2017-12-12 20:00:00,1.173325
2017-12-13 00:00:00,1.1740825
2017-12-13 04:00:00,1.1749858333333334
2017-12-13 08:00:00,1.174925
2017-12-13 12:00:00,1.1744008333333333
2017-12-13 16:00:00,1.1755708333333332
2017-12-13 20:00:00,1.1789083333333332
2017-12-14 00:00:00,1.1829383333333334
2017-12-14 04:00:00,1.183565
2017-12-14 08:00:00,1.1823691666666667
2017-12-14 12:00:00,1.1826483333333333
2017-12-14 16:00:00,1.1800075
2017-12-14 20:00:00,1.1789641666666666
2017-12-15 00:00:00,1.1775224999999998
2017-12-15 04:00:00,1.1783525000000001
2017-12-15 08:00:00,1.1785166666666667
2017-12-15 12:00:00,1.179815
2017-12-15 16:00:00,1.1780866666666667
2017-12-15 20:00:00,1.1759508333333333
2017-12-18 00:00:00,1.1746150000000002
2017-12-18 04:00:00,1.175815
2017-12-18 08:00:00,1.1771175
2017-12-18 12:00:00,1.1791208333333334
2017-12-18 16:00:00,1.1804341666666667
2017-12-18 20:00:00,1.1788083333333335
2017-12-19 00:00:00,1.1781558333333333
2017-12-19 04:00:00,1.1785525000000001
2017-12-19 08:00:00,1.1798641666666667
2017-12-19 12:00:00,1.1809691666666666
2017-12-19 16:00:00,1.1817191666666669
2017-12-19 20:00:00,1.18374
2017-12-20 00:00:00,1.1839341666666665
2017-12-20 04:00:00,1.1843016666666668
2017-12-20 08:00:00,1.1840141666666666
2017-12-20 12:00:00,1.1841875
2017-12-20 16:00:00,1.1864375
2017-12-20 20:00:00,1.1878475
2017-12-21 00:00:00,1.1873491666666667
2017-12-21 04:00:00,1.1869524999999999
2017-12-21 08:00:00,1.1869166666666666
2017-12-21 12:00:00,1.1871591666666665
2017-12-21 16:00:00,1.1862741666666667
2017-12-21 20:00:00,1.1869224999999999
2017-12-22 00:00:00,1.1858791666666666
2017-12-22 04:00:00,1.184648333333333
2017-12-22 08:00:00,1.1852283333333333
2017-12-22 12:00:00,1.1850266666666665
2017-12-22 16:00:00,1.184413333333333
2017-12-22 20:00:00,1.1851058333333333
2017-12-26 00:00:00,1.1857883333333332
2017-12-26 04:00:00,1.1868375
2017-12-26 08:00:00,1.1869683333333334
2017-12-26 12:00:00,1.1855650000000002
2017-12-26 16:00:00,1.1864016666666668
2017-12-26 20:00:00,1.1865758333333334
2017-12-27 00:00:00,1.18582
2017-12-27 04:00:00,1.186405
2017-12-27 08:00:00,1.187445
2017-12-27 12:00:00,1.1888458333333334
2017-12-27 16:00:00,1.1898849999999999
2017-12-27 20:00:00,1.1897016666666667
2017-12-28 00:00:00,1.1896308333333334
2017-12-28 04:00:00,1.1908441666666667
2017-12-28 08:00:00,1.1932725
2017-12-28 12:00:00,1.1933091666666666
2017-12-28 16:00:00,1.1943841666666666
2017-12-28 20:00:00,1.1951200000000002
2017-12-29 00:00:00,1.1940475
2017-12-29 04:00:00,1.1943133333333333
2017-12-29 08:00:00,1.1953241666666667
2017-12-29 12:00:00,1.1983141666666666
2017-12-29 16:00:00,1.1999058333333332
2017-12-29 20:00:00,1.2012033333333334
2018-01-02 00:00:00,1.2005675
2018-01-02 04:00:00,1.2014216666666666
2018-01-02 08:00:00,1.2030166666666666
2018-01-02 12:00:00,1.20639
2018-01-02 16:00:00,1.2048025
2018-01-02 20:00:00,1.2049191666666668
2018-01-03 00:00:00,1.2057825
2018-01-03 04:00:00,1.2048083333333333
2018-01-03 08:00:00,1.2045716666666666
2018-01-03 12:00:00,1.2023791666666668
2018-01-03 16:00:00,1.2023133333333333
2018-01-03 20:00:00,1.2021008333333334
2018-01-04 00:00:00,1.2010258333333335
2018-01-04 04:00:00,1.2013408333333333
2018-01-04 08:00:00,1.2025458333333334
2018-01-04 12:00:00,1.2052933333333333
2018-01-04 16:00:00,1.207053333333333
2018-01-04 20:00:00,1.2069008333333333
2018-01-05 00:00:00,1.2069008333333333
2018-01-05 04:00:00,1.2072216666666666
2018-01-05 08:00:00,1.2061866666666667
2018-01-05 12:00:00,1.2048683333333334
2018-01-05 16:00:00,1.2041125
2018-01-05 20:00:00,1.2044658333333333
2018-01-08 00:00:00,1.203415
2018-01-08 04:00:00,1.20351
2018-01-08 08:00:00,1.2006491666666665
2018-01-08 12:00:00,1.1989708333333335
2018-01-08 16:00:00,1.1971633333333334
2018-01-08 20:00:00,1.1966116666666666
2018-01-09 00:00:00,1.196745
2018-01-09 04:00:00,1.1968891666666668
2018-01-09 08:00:00,1.1955325
2018-01-09 12:00:00,1.1931283333333333
2018-01-09 16:00:00,1.1923683333333333
2018-01-09 20:00:00,1.1927816666666666
2018-01-10 00:00:00,1.1933725000000002
2018-01-10 04:00:00,1.1941775
2018-01-10 08:00:00,1.1934908333333334
2018-01-10 12:00:00,1.1980541666666666
2018-01-10 16:00:00,1.19834
2018-01-10 20:00:00,1.1957066666666667
2018-01-11 00:00:00,1.1951825
2018-01-11 04:00:00,1.1956033333333334
2018-01-11 08:00:00,1.1941641666666667
2018-01-11 12:00:00,1.1954066666666665
2018-01-11 16:00:00,1.2037725000000001
2018-01-11 20:00:00,1.2036241666666667
2018-01-12 00:00:00,1.20398
2018-01-12 04:00:00,1.2048775
2018-01-12 08:00:00,1.2062025
2018-01-12 12:00:00,1.2125116666666667
2018-01-12 16:00:00,1.2134391666666666
2018-01-12 20:00:00,1.2160674999999999
2018-01-15 00:00:00,1.2197308333333332
2018-01-15 04:00:00,1.2199875
2018-01-15 08:00:00,1.2218141666666669
2018-01-15 12:00:00,1.2263716666666666
2018-01-15 16:00:00,1.2270391666666667
2018-01-15 20:00:00,1.2270991666666666
2018-01-16 00:00:00,1.2264308333333331
2018-01-16 04:00:00,1.2262816666666667
2018-01-16 08:00:00,1.2254358333333333
2018-01-16 12:00:00,1.2222766666666667
2018-01-16 16:00:00,1.22224
2018-01-16 20:00:00,1.2259666666666666
2018-01-17 00:00:00,1.2269858333333334
2018-01-17 04:00:00,1.2272991666666666
2018-01-17 08:00:00,1.2229758333333334
2018-01-17 12:00:00,1.2223366666666666
2018-01-17 16:00:00,1.222495
2018-01-17 20:00:00,1.2245858333333333
2018-01-18 00:00:00,1.218315
2018-01-18 04:00:00,1.2188941666666666
2018-01-18 08:00:00,1.22036
2018-01-18 12:00:00,1.2227566666666667
2018-01-18 16:00:00,1.2244541666666666
2018-01-18 20:00:00,1.22337
2018-01-19 00:00:00,1.2238066666666665
2018-01-19 04:00:00,1.2251925000000001
2018-01-19 08:00:00,1.2265599999999999
2018-01-19 12:00:00,1.2270716666666668
2018-01-19 16:00:00,1.2239275
2018-01-19 20:00:00,1.2230283333333334
2018-01-22 00:00:00,1.2244483333333334
2018-01-22 04:00:00,1.2229366666666666
2018-01-22 08:00:00,1.223005
2018-01-22 12:00:00,1.2251883333333335
2018-01-22 16:00:00,1.2244108333333332
2018-01-22 20:00:00,1.2248625
2018-01-23 00:00:00,1.2259791666666666
2018-01-23 04:00:00,1.2261933333333335
2018-01-23 08:00:00,1.22489
2018-01-23 12:00:00,1.2242891666666667
2018-01-23 16:00:00,1.2274433333333334
2018-01-23 20:00:00,1.2286016666666666
2018-01-24 00:00:00,1.2299408333333333
2018-01-24 04:00:00,1.2311466666666666
2018-01-24 08:00:00,1.2319383333333334
2018-01-24 12:00:00,1.2339708333333335
2018-01-24 16:00:00,1.2378616666666666
2018-01-24 20:00:00,1.2399741666666666
2018-01-25 00:00:00,1.2399075
2018-01-25 04:00:00,1.2420933333333335
2018-01-25 08:00:00,1.2425549999999999
2018-01-25 12:00:00,1.2412241666666666
2018-01-25 16:00:00,1.2489416666666666
2018-01-25 20:00:00,1.2448708333333334
2018-01-26 00:00:00,1.2391174999999999
2018-01-26 04:00:00,1.2423674999999998
2018-01-26 08:00:00,1.2452108333333334
2018-01-26 12:00:00,1.2449575
2018-01-26 16:00:00,1.2430083333333333
2018-01-26 20:00:00,1.2429425
2018-01-29 00:00:00,1.2422841666666669
2018-01-29 04:00:00,1.2405975
2018-01-29 08:00:00,1.2409050000000001
2018-01-29 12:00:00,1.2400391666666668
2018-01-29 16:00:00,1.2359283333333333
2018-01-29 20:00:00,1.2376108333333333
2018-01-30 00:00:00,1.2379258333333334
2018-01-30 04:00:00,1.2375941666666668
2018-01-30 08:00:00,1.2360600000000002
2018-01-30 12:00:00,1.2414966666666667
2018-01-30 16:00:00,1.2422283333333333
2018-01-30 20:00:00,1.2397725
2018-01-31 00:00:00,1.240545
2018-01-31 04:00:00,1.2415858333333334
2018-01-31 08:00:00,1.24393
2018-01-31 12:00:00,1.2449608333333333
2018-01-31 16:00:00,1.2453983333333334
2018-01-31 20:00:00,1.24147
2018-02-01 00:00:00,1.241495
2018-02-01 04:00:00,1.2419675
2018-02-01 08:00:00,1.2410791666666667
2018-02-01 12:00:00,1.2439416666666667
2018-02-01 16:00:00,1.245735
2018-02-01 20:00:00,1.249515
2018-02-02 00:00:00,1.2506866666666667
2018-02-02 04:00:00,1.2497058333333333
2018-02-02 08:00:00,1.2497766666666665
2018-02-02 12:00:00,1.2487925
2018-02-02 16:00:00,1.2442091666666668
2018-02-02 20:00:00,1.2463266666666666
2018-02-05 00:00:00,1.2445166666666667
2018-02-05 04:00:00,1.2455433333333334
2018-02-05 08:00:00,1.2453208333333332
2018-02-05 12:00:00,1.2455333333333334
2018-02-05 16:00:00,1.2421283333333333
2018-02-05 20:00:00,1.2410683333333332
2018-02-06 00:00:00,1.2374266666666667
2018-02-06 04:00:00,1.2368408333333334
2018-02-06 08:00:00,1.2388525
2018-02-06 12:00:00,1.2386116666666669
2018-02-06 16:00:00,1.2344833333333334
2018-02-06 20:00:00,1.2388658333333333
2018-02-07 00:00:00,1.2379016666666667
2018-02-07 04:00:00,1.2385708333333334
2018-02-07 08:00:00,1.2385708333333334
2018-02-07 12:00:00,1.2347791666666668
2018-02-07 16:00:00,1.2317208333333334
2018-02-07 20:00:00,1.2265866666666667
2018-02-08 00:00:00,1.2263308333333331
2018-02-08 04:00:00,1.2271566666666667
2018-02-08 08:00:00,1.2265316666666666
2018-02-08 12:00:00,1.2235375
2018-02-08 16:00:00,1.2262225
2018-02-08 20:00:00,1.2254958333333335
2018-02-09 00:00:00,1.2250733333333332
2018-02-09 04:00:00,1.2253908333333334
2018-02-09 08:00:00,1.2266066666666666
2018-02-09 12:00:00,1.2252058333333333
2018-02-09 16:00:00,1.2251808333333334
2018-02-09 20:00:00,1.2226366666666668
2018-02-12 00:00:00,1.2250016666666665
2018-02-12 04:00:00,1.22803
2018-02-12 08:00:00,1.2279166666666668
2018-02-12 12:00:00,1.2266525
2018-02-12 16:00:00,1.2260316666666666
2018-02-12 20:00:00,1.2281108333333333
2018-02-13 00:00:00,1.2291866666666666
2018-02-13 04:00:00,1.2292925
2018-02-13 08:00:00,1.2316875
2018-02-13 12:00:00,1.2335675000000001
2018-02-13 16:00:00,1.2354133333333335
2018-02-13 20:00:00,1.2354041666666666
2018-02-14 00:00:00,1.2351575
2018-02-14 04:00:00,1.2373233333333333
2018-02-14 08:00:00,1.2373233333333333
2018-02-14 12:00:00,1.2349899999999998
2018-02-14 16:00:00,1.2351083333333335
2018-02-14 20:00:00,1.2430083333333335
2018-02-15 00:00:00,1.2455883333333333
2018-02-15 04:00:00,1.2459291666666668
2018-02-15 08:00:00,1.2478325000000001
2018-02-15 12:00:00,1.2479958333333334
2018-02-15 16:00:00,1.2482491666666666
2018-02-15 20:00:00,1.2490766666666666
2018-02-16 00:00:00,1.2501708333333332
2018-02-16 04:00:00,1.253025
2018-02-16 08:00:00,1.25382
2018-02-16 12:00:00,1.2496200000000002
2018-02-16 16:00:00,1.2447949999999999
2018-02-16 20:00:00,1.2419133333333332
2018-02-19 00:00:00,1.2412725
2018-02-19 04:00:00,1.2423600000000001
2018-02-19 08:00:00,1.2408000000000001
2018-02-19 12:00:00,1.241435
2018-02-19 16:00:00,1.238735
2018-02-19 20:00:00,1.2407816666666664
2018-02-20 00:00:00,1.24043
2018-02-20 04:00:00,1.2388291666666666
2018-02-20 08:00:00,1.2373183333333333
2018-02-20 12:00:00,1.2345275
2018-02-20 16:00:00,1.233945
2018-02-20 20:00:00,1.2339291666666667
2018-02-21 00:00:00,1.2335116666666668
2018-02-21 04:00:00,1.2331283333333334
2018-02-21 08:00:00,1.2322324999999998
2018-02-21 12:00:00,1.2319558333333334
2018-02-21 16:00:00,1.2318591666666665
2018-02-21 20:00:00,1.2313308333333333
2018-02-22 00:00:00,1.2278908333333334
2018-02-22 04:00:00,1.2276566666666668
2018-02-22 08:00:00,1.2272883333333333
2018-02-22 12:00:00,1.2286575
2018-02-22 16:00:00,1.2318125
2018-02-22 20:00:00,1.2329208333333335
2018-02-23 00:00:00,1.2327525000000001
2018-02-23 04:00:00,1.2312058333333333
2018-02-23 08:00:00,1.2298841666666667
2018-02-23 12:00:00,1.2304449999999998
2018-02-23 16:00:00,1.2298191666666667
2018-02-23 20:00:00,1.2297358333333333
2018-02-26 00:00:00,1.2288883333333334
2018-02-26 04:00:00,1.2307183333333334
2018-02-26 08:00:00,1.2323925
2018-02-26 12:00:00,1.2336566666666666
2018-02-26 16:00:00,1.2301508333333333
2018-02-26 20:00:00,1.2307625
2018-02-27 00:00:00,1.2316775
2018-02-27 04:00:00,1.2329975
2018-02-27 08:00:00,1.233045
2018-02-27 12:00:00,1.2324266666666666
2018-02-27 16:00:00,1.2265283333333334
2018-02-27 20:00:00,1.2239141666666664
2018-02-28 00:00:00,1.2230175
2018-02-28 04:00:00,1.2224191666666666
2018-02-28 08:00:00,1.2223683333333333
2018-02-28 12:00:00,1.2217375
2018-02-28 16:00:00,1.2208508333333332
2018-02-28 20:00:00,1.2205766666666666
2018-03-01 00:00:00,1.2191900000000002
2018-03-01 04:00:00,1.2191066666666668
2018-03-01 08:00:00,1.2198241666666667
2018-03-01 12:00:00,1.2182641666666667
2018-03-01 16:00:00,1.2183758333333334
2018-03-01 20:00:00,1.2227316666666666
2018-03-02 00:00:00,1.2267933333333332
2018-03-02 04:00:00,1.2275975
2018-03-02 08:00:00,1.2268816666666666
2018-03-02 12:00:00,1.2293883333333333
2018-03-02 16:00:00,1.2311241666666666
2018-03-02 20:00:00,1.2321566666666668
2018-03-05 00:00:00,1.2328016666666668
2018-03-05 04:00:00,1.2324983333333333
2018-03-05 08:00:00,1.23033
2018-03-05 12:00:00,1.23091
2018-03-05 16:00:00,1.2318391666666668
2018-03-05 20:00:00,1.2329291666666666
2018-03-06 00:00:00,1.2337558333333334
2018-03-06 04:00:00,1.2351225000000001
2018-03-06 08:00:00,1.2340958333333334
2018-03-06 12:00:00,1.2366708333333332
2018-03-06 16:00:00,1.2402791666666666
2018-03-06 20:00:00,1.240215
2018-03-07 00:00:00,1.2414025
2018-03-07 04:00:00,1.2415416666666665
2018-03-07 08:00:00,1.24169
2018-03-07 12:00:00,1.2419575
2018-03-07 16:00:00,1.2405366666666666
2018-03-07 20:00:00,1.2404816666666667
2018-03-08 00:00:00,1.2410225
2018-03-08 04:00:00,1.2402858333333333
2018-03-08 08:00:00,1.2402241666666667
2018-03-08 12:00:00,1.2386249999999999
2018-03-08 16:00:00,1.2357858333333334
2018-03-08 20:00:00,1.2311341666666666
2018-03-09 00:00:00,1.23098
2018-03-09 04:00:00,1.2306883333333334
2018-03-09 08:00:00,1.2313791666666667
2018-03-09 12:00:00,1.2299041666666666
2018-03-09 16:00:00,1.2309908333333333
2018-03-09 20:00:00,1.231435
2018-03-12 00:00:00,1.230915
2018-03-12 04:00:00,1.2319208333333334
2018-03-12 08:00:00,1.2325641666666667
2018-03-12 12:00:00,1.2306241666666666
2018-03-12 16:00:00,1.2314066666666668
2018-03-12 20:00:00,1.2333716666666668
2018-03-13 00:00:00,1.2336183333333333
2018-03-13 04:00:00,1.2333641666666666
2018-03-13 08:00:00,1.2326483333333333
2018-03-13 12:00:00,1.2340083333333332
2018-03-13 16:00:00,1.2380733333333334
2018-03-13 20:00:00,1.2392041666666667
2018-03-14 00:00:00,1.2391983333333334
2018-03-14 04:00:00,1.2403641666666665
2018-03-14 08:00:00,1.2393766666666668
2018-03-14 12:00:00,1.2372425
2018-03-14 16:00:00,1.2361658333333334
2018-03-14 20:00:00,1.2371366666666668
2018-03-15 00:00:00,1.23706
2018-03-15 04:00:00,1.2378658333333332
2018-03-15 08:00:00,1.2369158333333334
2018-03-15 12:00:00,1.2353791666666667
2018-03-15 16:00:00,1.2328916666666667
2018-03-15 20:00:00,1.2311075
2018-03-16 00:00:00,1.2304758333333332
2018-03-16 04:00:00,1.2305316666666668
2018-03-16 08:00:00,1.2314858333333332
2018-03-16 12:00:00,1.2322416666666665
2018-03-16 16:00:00,1.2280608333333334
2018-03-16 20:00:00,1.2285975000000002
2018-03-19 00:00:00,1.2281775
2018-03-19 04:00:00,1.2268658333333333
2018-03-19 08:00:00,1.2266816666666667
2018-03-19 12:00:00,1.22902
2018-03-19 16:00:00,1.2320658333333334
2018-03-19 20:00:00,1.234365
2018-03-20 00:00:00,1.2336225
2018-03-20 04:00:00,1.2343658333333332
2018-03-20 08:00:00,1.2341625
2018-03-20 12:00:00,1.2305899999999999
2018-03-20 16:00:00,1.2269133333333333
2018-03-20 20:00:00,1.2250858333333334
2018-03-21 00:00:00,1.2246091666666665
2018-03-21 04:00:00,1.2258408333333333
2018-03-21 08:00:00,1.2271591666666668
2018-03-21 12:00:00,1.2277858333333334
2018-03-21 16:00:00,1.2277766666666667
2018-03-21 20:00:00,1.2313408333333333
2018-03-22 00:00:00,1.2346158333333332
2018-03-22 04:00:00,1.2361583333333332
2018-03-22 08:00:00,1.2357708333333335
2018-03-22 12:00:00,1.2324083333333333
2018-03-22 16:00:00,1.2308891666666666
2018-03-22 20:00:00,1.2307
2018-03-23 00:00:00,1.2318075
2018-03-23 04:00:00,1.2332616666666667
2018-03-23 08:00:00,1.2333508333333332
2018-03-23 12:00:00,1.2334608333333332
2018-03-23 16:00:00,1.2346675
2018-03-23 20:00:00,1.2361675
2018-03-26 00:00:00,1.2360258333333332
2018-03-26 04:00:00,1.2371916666666667
2018-03-26 08:00:00,1.2374266666666667
2018-03-26 12:00:00,1.2405241666666669
2018-03-26 16:00:00,1.2437166666666668
2018-03-26 20:00:00,1.2451175
2018-03-27 00:00:00,1.2449816666666667
2018-03-27 04:00:00,1.2447933333333334
2018-03-27 08:00:00,1.2453633333333332
2018-03-27 12:00:00,1.2401525
2018-03-27 16:00:00,1.2399941666666667
2018-03-27 20:00:00,1.2402658333333334
2018-03-28 00:00:00,1.2406341666666667
2018-03-28 04:00:00,1.2415075
2018-03-28 08:00:00,1.2397891666666667
2018-03-28 12:00:00,1.2392483333333333
2018-03-28 16:00:00,1.2348758333333334
2018-03-28 20:00:00,1.2311741666666667
2018-03-29 00:00:00,1.2308875
2018-03-29 04:00:00,1.2323008333333334
2018-03-29 08:00:00,1.2314858333333334
2018-03-29 12:00:00,1.2316183333333333
2018-03-29 16:00:00,1.2303658333333334
2018-03-29 20:00:00,1.2300291666666667
2018-03-30 00:00:00,1.2299975
2018-03-30 04:00:00,1.23113
2018-03-30 08:00:00,1.2316991666666666
2018-03-30 12:00:00,1.2326166666666665
2018-03-30 16:00:00,1.23203
2018-03-30 20:00:00,1.2319975
2018-04-02 00:00:00,1.2317133333333334
2018-04-02 04:00:00,1.2320741666666666
2018-04-02 08:00:00,1.2322391666666666
2018-04-02 12:00:00,1.2333049999999999
2018-04-02 16:00:00,1.2306891666666666
2018-04-02 20:00:00,1.2301075
2018-04-03 00:00:00,1.2298416666666667
2018-04-03 04:00:00,1.2305608333333333
2018-04-03 08:00:00,1.23174
2018-04-03 12:00:00,1.2300875
2018-04-03 16:00:00,1.2266575
2018-04-03 20:00:00,1.2266108333333334
2018-04-04 00:00:00,1.2272116666666668
2018-04-04 04:00:00,1.2279125
2018-04-04 08:00:00,1.2281083333333334
2018-04-04 12:00:00,1.2285091666666665
2018-04-04 16:00:00,1.2294808333333334
2018-04-04 20:00:00,1.2280766666666665
2018-04-05 00:00:00,1.2283266666666666
2018-04-05 04:00:00,1.2280233333333332
2018-04-05 08:00:00,1.2264750000000002
2018-04-05 12:00:00,1.2265199999999998
2018-04-05 16:00:00,1.2238208333333334
2018-04-05 20:00:00,1.2235058333333333
2018-04-06 00:00:00,1.2243941666666667
2018-04-06 04:00:00,1.2248466666666666
2018-04-06 08:00:00,1.2231975
2018-04-06 12:00:00,1.2239308333333334
2018-04-06 16:00:00,1.2267991666666667
2018-04-06 20:00:00,1.22814
2018-04-09 00:00:00,1.2273391666666666
2018-04-09 04:00:00,1.2272391666666667
2018-04-09 08:00:00,1.2278475
2018-04-09 12:00:00,1.22806
2018-04-09 16:00:00,1.2318141666666667
2018-04-09 20:00:00,1.2319041666666668
2018-04-10 00:00:00,1.232195
2018-04-10 04:00:00,1.23154
2018-04-10 08:00:00,1.2317225
2018-04-10 12:00:00,1.2337383333333332
2018-04-10 16:00:00,1.2348366666666666
2018-04-10 20:00:00,1.2352858333333334
2018-04-11 00:00:00,1.2357391666666668
2018-04-11 04:00:00,1.2359275
2018-04-11 08:00:00,1.2371866666666667
2018-04-11 12:00:00,1.2376483333333335
2018-04-11 16:00:00,1.2379341666666668
2018-04-11 20:00:00,1.2364891666666669
2018-04-12 00:00:00,1.2369716666666666
2018-04-12 04:00:00,1.2366091666666668
2018-04-12 08:00:00,1.2360091666666668
2018-04-12 12:00:00,1.2330633333333334
2018-04-12 16:00:00,1.2315658333333332
2018-04-12 20:00:00,1.2329108333333334
2018-04-13 00:00:00,1.2327066666666666
2018-04-13 04:00:00,1.2327391666666667
2018-04-13 08:00:00,1.2330225
2018-04-13 12:00:00,1.232275
2018-04-13 16:00:00,1.2327008333333334
2018-04-13 20:00:00,1.2333583333333333
2018-04-16 00:00:00,1.2331075
2018-04-16 04:00:00,1.2336508333333331
2018-04-16 08:00:00,1.2341875
2018-04-16 12:00:00,1.2367083333333333
2018-04-16 16:00:00,1.2377116666666668
2018-04-16 20:00:00,1.2378241666666667
2018-04-17 00:00:00,1.2381483333333332
2018-04-17 04:00:00,1.2381175
2018-04-17 08:00:00,1.2393891666666665
2018-04-17 12:00:00,1.2366700000000002
2018-04-17 16:00:00,1.2347383333333335
2018-04-17 20:00:00,1.2366683333333333
2018-04-18 00:00:00,1.2370916666666667
2018-04-18 04:00:00,1.2375433333333334
2018-04-18 08:00:00,1.2366175
2018-04-18 12:00:00,1.2374508333333334
2018-04-18 16:00:00,1.2382833333333334
2018-04-18 20:00:00,1.2378149999999999
2018-04-19 00:00:00,1.237705
2018-04-19 04:00:00,1.2375241666666668
2018-04-19 08:00:00,1.237835
2018-04-19 12:00:00,1.23705
2018-04-19 16:00:00,1.2357008333333332
2018-04-19 20:00:00,1.2344641666666667
2018-04-20 00:00:00,1.2343841666666666
2018-04-20 04:00:00,1.23404
2018-04-20 08:00:00,1.2333925
2018-04-20 12:00:00,1.2300583333333335
2018-04-20 16:00:00,1.2278908333333334
2018-04-20 20:00:00,1.2285141666666668
2018-04-23 00:00:00,1.2276366666666667
2018-04-23 04:00:00,1.2272941666666668
2018-04-23 08:00:00,1.2265675
2018-04-23 12:00:00,1.2233275
2018-04-23 16:00:00,1.2221316666666666
2018-04-23 20:00:00,1.2206141666666666
2018-04-24 00:00:00,1.2207441666666667
2018-04-24 04:00:00,1.2206933333333332
2018-04-24 08:00:00,1.2204491666666666
2018-04-24 12:00:00,1.2210533333333333
2018-04-24 16:00:00,1.2224599999999999
2018-04-24 20:00:00,1.2235816666666666
2018-04-25 00:00:00,1.223215
2018-04-25 04:00:00,1.2222841666666666
2018-04-25 08:00:00,1.2204716666666668
2018-04-25 12:00:00,1.2193983333333334
2018-04-25 16:00:00,1.2181016666666666
2018-04-25 20:00:00,1.2172658333333333
2018-04-26 00:00:00,1.2166425
2018-04-26 04:00:00,1.217455
2018-04-26 08:00:00,1.2173775
2018-04-26 12:00:00,1.2176783333333332
2018-04-26 16:00:00,1.2136091666666666
2018-04-26 20:00:00,1.2107383333333332
2018-04-27 00:00:00,1.2105000000000001
2018-04-27 04:00:00,1.2109591666666666
2018-04-27 08:00:00,1.208765
2018-04-27 12:00:00,1.2078158333333333
2018-04-27 16:00:00,1.2098849999999999
2018-04-27 20:00:00,1.2119058333333332
2018-04-30 00:00:00,1.2123916666666665
2018-04-30 04:00:00,1.2127533333333333
2018-04-30 08:00:00,1.2123758333333334
2018-04-30 12:00:00,1.2094091666666666
2018-04-30 16:00:00,1.208035
2018-04-30 20:00:00,1.2082208333333333
2018-05-01 00:00:00,1.2078275
2018-05-01 04:00:00,1.2074708333333333
2018-05-01 08:00:00,1.2058
2018-05-01 12:00:00,1.2029083333333332
2018-05-01 16:00:00,1.2004158333333332
2018-05-01 20:00:00,1.1995866666666666
2018-05-02 00:00:00,1.1990725
2018-05-02 04:00:00,1.20041
2018-05-02 08:00:00,1.2005775
2018-05-02 12:00:00,1.2002108333333334
2018-05-02 16:00:00,1.1968266666666667
2018-05-02 20:00:00,1.1962216666666667
2018-05-03 00:00:00,1.195465
2018-05-03 04:00:00,1.1979058333333332
2018-05-03 08:00:00,1.1987583333333334
2018-05-03 12:00:00,1.1984741666666667
2018-05-03 16:00:00,1.1969683333333334
2018-05-03 20:00:00,1.1986875000000001
2018-05-04 00:00:00,1.1986025
2018-05-04 04:00:00,1.1989566666666667
2018-05-04 08:00:00,1.1971591666666668
2018-05-04 12:00:00,1.1965716666666666
2018-05-04 16:00:00,1.1940683333333333
2018-05-04 20:00:00,1.1958608333333334
2018-05-07 00:00:00,1.1959083333333334
2018-05-07 04:00:00,1.1967875
2018-05-07 08:00:00,1.1937883333333332
2018-05-07 12:00:00,1.1916375
2018-05-07 16:00:00,1.1920024999999999
2018-05-07 20:00:00,1.192405
2018-05-08 00:00:00,1.1926441666666665
2018-05-08 04:00:00,1.1918083333333334
2018-05-08 08:00:00,1.1913125
2018-05-08 12:00:00,1.187425
2018-05-08 16:00:00,1.18585
2018-05-08 20:00:00,1.1864916666666667
2018-05-09 00:00:00,1.1861333333333333
2018-05-09 04:00:00,1.1852566666666666
2018-05-09 08:00:00,1.1841241666666666
2018-05-09 12:00:00,1.1871566666666666
2018-05-09 16:00:00,1.1862433333333335
2018-05-09 20:00:00,1.1855983333333335
2018-05-10 00:00:00,1.1848975
2018-05-10 04:00:00,1.1863416666666666
2018-05-10 08:00:00,1.18649
2018-05-10 12:00:00,1.1888058333333333
2018-05-10 16:00:00,1.1902541666666666
2018-05-10 20:00:00,1.1922533333333332
2018-05-11 00:00:00,1.1916375000000001
2018-05-11 04:00:00,1.1915758333333335
2018-05-11 08:00:00,1.1908725
2018-05-11 12:00:00,1.1937375000000001
2018-05-11 16:00:00,1.1951233333333335
2018-05-11 20:00:00,1.1945091666666667
2018-05-14 00:00:00,1.1949775
2018-05-14 04:00:00,1.1962083333333333
2018-05-14 08:00:00,1.1968091666666667
2018-05-14 12:00:00,1.1982283333333332
2018-05-14 16:00:00,1.1976841666666664
2018-05-14 20:00:00,1.19415
2018-05-15 00:00:00,1.1929349999999999
2018-05-15 04:00:00,1.1929958333333333
2018-05-15 08:00:00,1.1922208333333333
2018-05-15 12:00:00,1.18989
2018-05-15 16:00:00,1.1852883333333333
2018-05-15 20:00:00,1.1846241666666666
2018-05-16 00:00:00,1.18281
2018-05-16 04:00:00,1.1826991666666666
2018-05-16 08:00:00,1.1838683333333333
2018-05-16 12:00:00,1.1790825000000003
2018-05-16 16:00:00,1.1793416666666667
2018-05-16 20:00:00,1.1806375
2018-05-17 00:00:00,1.1811525
2018-05-17 04:00:00,1.1821541666666666
2018-05-17 08:00:00,1.181625
2018-05-17 12:00:00,1.1797533333333334
2018-05-17 16:00:00,1.1795941666666667
2018-05-17 20:00:00,1.1796091666666666
2018-05-18 00:00:00,1.179535
2018-05-18 04:00:00,1.1802425
2018-05-18 08:00:00,1.1810791666666667
2018-05-18 12:00:00,1.17802
2018-05-18 16:00:00,1.1769341666666666
2018-05-18 20:00:00,1.1771816666666668
2018-05-21 00:00:00,1.1762925
2018-05-21 04:00:00,1.1750691666666668
2018-05-21 08:00:00,1.1735858333333333
2018-05-21 12:00:00,1.1753166666666666
2018-05-21 16:00:00,1.17641
2018-05-21 20:00:00,1.177785
2018-05-22 00:00:00,1.1791366666666665
2018-05-22 04:00:00,1.1781066666666666
2018-05-22 08:00:00,1.179015
2018-05-22 12:00:00,1.1808241666666666
2018-05-22 16:00:00,1.178175
2018-05-22 20:00:00,1.1778
2018-05-23 00:00:00,1.1781158333333333
2018-05-23 04:00:00,1.1761491666666666
2018-05-23 08:00:00,1.1742341666666667
2018-05-23 12:00:00,1.1712975
2018-05-23 16:00:00,1.170045
2018-05-23 20:00:00,1.1693825
2018-05-24 00:00:00,1.1704183333333333
2018-05-24 04:00:00,1.1703241666666666
2018-05-24 08:00:00,1.1717666666666666
2018-05-24 12:00:00,1.1723266666666665
2018-05-24 16:00:00,1.1728108333333334
2018-05-24 20:00:00,1.1727758333333334
2018-05-25 00:00:00,1.1720033333333333
2018-05-25 04:00:00,1.1708925
2018-05-25 08:00:00,1.1703891666666666
2018-05-25 12:00:00,1.1696358333333332
2018-05-25 16:00:00,1.165985
2018-05-25 20:00:00,1.1660233333333334
2018-05-28 00:00:00,1.1687841666666667
2018-05-28 04:00:00,1.17102
2018-05-28 08:00:00,1.1704458333333334
2018-05-28 12:00:00,1.1646866666666666
2018-05-28 16:00:00,1.1622891666666666
2018-05-28 20:00:00,1.1625608333333333
2018-05-29 00:00:00,1.1624966666666665
2018-05-29 04:00:00,1.1624825
2018-05-29 08:00:00,1.1590625
2018-05-29 12:00:00,1.1550891666666665
2018-05-29 16:00:00,1.1562183333333333
2018-05-29 20:00:00,1.1534241666666667
2018-05-30 00:00:00,1.15389
2018-05-30 04:00:00,1.153335
2018-05-30 08:00:00,1.1578091666666668
2018-05-30 12:00:00,1.1623158333333334
2018-05-30 16:00:00,1.1634291666666667
2018-05-30 20:00:00,1.16568
2018-05-31 00:00:00,1.1663766666666666
2018-05-31 04:00:00,1.1659875
2018-05-31 08:00:00,1.1693725
2018-05-31 12:00:00,1.1692558333333334
2018-05-31 16:00:00,1.1664466666666666
2018-05-31 20:00:00,1.1685641666666666
2018-06-01 00:00:00,1.1694316666666666
2018-06-01 04:00:00,1.1684666666666668
2018-06-01 08:00:00,1.1681108333333334
2018-06-01 12:00:00,1.16885
2018-06-01 16:00:00,1.1665633333333334
2018-06-01 20:00:00,1.1659108333333332
2018-06-04 00:00:00,1.1665591666666668
2018-06-04 04:00:00,1.1688608333333332
2018-06-04 08:00:00,1.1693408333333333
2018-06-04 12:00:00,1.1726208333333332
2018-06-04 16:00:00,1.1699658333333334
2018-06-04 20:00:00,1.1695558333333334
2018-06-05 00:00:00,1.1696683333333333
2018-06-05 04:00:00,1.1690358333333333
2018-06-05 08:00:00,1.1696266666666666
2018-06-05 12:00:00,1.1684333333333334
2018-06-05 16:00:00,1.16764
2018-06-05 20:00:00,1.1717783333333334
2018-06-06 00:00:00,1.1720033333333333
2018-06-06 04:00:00,1.1723066666666666
2018-06-06 08:00:00,1.1737108333333333
2018-06-06 12:00:00,1.1766658333333333
2018-06-06 16:00:00,1.1778358333333332
2018-06-06 20:00:00,1.1769516666666666
2018-06-07 00:00:00,1.178055
2018-06-07 04:00:00,1.1789725
2018-06-07 08:00:00,1.1812808333333331
2018-06-07 12:00:00,1.1825908333333333
2018-06-07 16:00:00,1.181645
2018-06-07 20:00:00,1.18048
2018-06-08 00:00:00,1.179735
2018-06-11 00:00:00,1.1779216666666668
2018-06-11 04:00:00,1.1797191666666667
2018-06-11 08:00:00,1.179965
2018-06-11 12:00:00,1.1786341666666666
2018-06-11 16:00:00,1.1800341666666667
2018-06-11 20:00:00,1.1785008333333333
2018-06-12 00:00:00,1.1771574999999999
2018-06-12 04:00:00,1.1762716666666666
2018-06-12 08:00:00,1.1779175
2018-06-12 12:00:00,1.1790291666666666
2018-06-12 16:00:00,1.1786516666666667
2018-06-12 20:00:00,1.1748108333333334
2018-06-13 00:00:00,1.1745058333333334
2018-06-13 04:00:00,1.1744258333333333
2018-06-13 08:00:00,1.1743633333333334
2018-06-13 12:00:00,1.1759508333333333
2018-06-13 16:00:00,1.1777875
2018-06-13 20:00:00,1.1781125
2018-06-14 00:00:00,1.1796091666666668
2018-06-14 04:00:00,1.1798175
2018-06-14 08:00:00,1.18122
2018-06-14 12:00:00,1.1781516666666665
2018-06-14 16:00:00,1.16438
2018-06-14 20:00:00,1.1593283333333333
2018-06-15 00:00:00,1.1569625
2018-06-15 04:00:00,1.1565675000000002
2018-06-15 08:00:00,1.1573058333333335
2018-06-15 12:00:00,1.1593875
2018-06-15 16:00:00,1.1610883333333335
2018-06-15 20:00:00,1.1607783333333335
2018-06-18 00:00:00,1.1590758333333333
2018-06-18 04:00:00,1.158745
2018-06-18 08:00:00,1.1582566666666667
2018-06-18 12:00:00,1.1608141666666665
2018-06-18 16:00:00,1.1606083333333332
2018-06-18 20:00:00,1.161525
2018-06-19 00:00:00,1.162535
2018-06-19 04:00:00,1.163385
2018-06-19 08:00:00,1.15909
2018-06-19 12:00:00,1.1548275000000001
2018-06-19 16:00:00,1.156695
2018-06-19 20:00:00,1.1578433333333333
2018-06-20 00:00:00,1.158505
2018-06-20 04:00:00,1.1576666666666666
2018-06-20 08:00:00,1.1568983333333334
2018-06-20 12:00:00,1.1570616666666667
2018-06-20 16:00:00,1.1584075
2018-06-20 20:00:00,1.1583358333333333
2018-06-21 00:00:00,1.1574441666666668
2018-06-21 04:00:00,1.1565066666666668
2018-06-21 08:00:00,1.1548558333333334
2018-06-21 12:00:00,1.1541291666666667
2018-06-21 16:00:00,1.1599908333333333
2018-06-21 20:00:00,1.1613241666666667
2018-06-22 00:00:00,1.1606591666666666
2018-06-22 04:00:00,1.1606091666666667
2018-06-22 08:00:00,1.1643483333333333
2018-06-22 12:00:00,1.164975
2018-06-22 16:00:00,1.1640808333333332
2018-06-22 20:00:00,1.1658441666666666
2018-06-25 00:00:00,1.1662033333333333
2018-06-25 04:00:00,1.1652575
2018-06-25 08:00:00,1.1643841666666668
2018-06-25 12:00:00,1.1665466666666666
2018-06-25 16:00:00,1.1687616666666665
2018-06-25 20:00:00,1.1700958333333333
2018-06-26 00:00:00,1.1701916666666667
2018-06-26 04:00:00,1.1710975000000001
2018-06-26 08:00:00,1.1694125
2018-06-26 12:00:00,1.1668150000000002
2018-06-26 16:00:00,1.1665441666666667
2018-06-26 20:00:00,1.1645633333333332
2018-06-27 00:00:00,1.1648375
2018-06-27 04:00:00,1.1654675
2018-06-27 08:00:00,1.1651066666666665
2018-06-27 12:00:00,1.1625366666666666
2018-06-27 16:00:00,1.1593841666666667
2018-06-27 20:00:00,1.1559225
2018-06-28 00:00:00,1.1559033333333333
2018-06-28 04:00:00,1.1565675
2018-06-28 08:00:00,1.1550066666666667
2018-06-28 12:00:00,1.157855
2018-06-28 16:00:00,1.1577108333333332
2018-06-28 20:00:00,1.1567341666666668
2018-06-29 00:00:00,1.1564458333333334
2018-06-29 04:00:00,1.1617908333333333
2018-06-29 08:00:00,1.1638708333333334
2018-06-29 12:00:00,1.1647775
2018-06-29 16:00:00,1.1663408333333334
2018-06-29 20:00:00,1.1675783333333332
2018-07-02 00:00:00,1.1671316666666667
2018-07-02 04:00:00,1.1655991666666667
2018-07-02 08:00:00,1.1641258333333333
2018-07-02 12:00:00,1.1635024999999999
2018-07-02 16:00:00,1.1604758333333334
2018-07-02 20:00:00,1.1615375000000001
2018-07-03 00:00:00,1.1637575
2018-07-03 04:00:00,1.1630758333333333
2018-07-03 08:00:00,1.1650833333333332
2018-07-03 12:00:00,1.1654675
2018-07-03 16:00:00,1.1651408333333333
2018-07-03 20:00:00,1.1656033333333333
2018-07-04 00:00:00,1.1659449999999998
2018-07-04 04:00:00,1.1667291666666666
2018-07-04 08:00:00,1.1660808333333335
2018-07-04 12:00:00,1.1637833333333334
2018-07-04 16:00:00,1.1646766666666668
2018-07-04 20:00:00,1.1661383333333333
2018-07-05 00:00:00,1.1657566666666668
2018-07-05 04:00:00,1.1659083333333333
2018-07-05 08:00:00,1.1689108333333333
2018-07-05 12:00:00,1.1696933333333333
2018-07-05 16:00:00,1.1698925
2018-07-05 20:00:00,1.1686
2018-07-06 00:00:00,1.16907
2018-07-06 04:00:00,1.1685991666666666
2018-07-06 08:00:00,1.1706666666666665
2018-07-06 12:00:00,1.1716816666666667
2018-07-06 16:00:00,1.1748575
2018-07-06 20:00:00,1.1742516666666667
2018-07-09 00:00:00,1.1749083333333332
2018-07-09 04:00:00,1.1760866666666667
2018-07-09 08:00:00,1.176705
2018-07-09 12:00:00,1.1774716666666665
2018-07-09 16:00:00,1.1753900000000002
2018-07-09 20:00:00,1.1746608333333333
2018-07-10 00:00:00,1.1752333333333334
2018-07-10 04:00:00,1.1748791666666667
2018-07-10 08:00:00,1.1739883333333334
2018-07-10 12:00:00,1.1710791666666667
2018-07-10 16:00:00,1.172155
2018-07-10 20:00:00,1.1743766666666666
2018-07-11 00:00:00,1.1732516666666668
2018-07-11 04:00:00,1.1728333333333334
2018-07-11 08:00:00,1.1727058333333331
2018-07-11 12:00:00,1.1714158333333333
2018-07-11 16:00:00,1.172625
2018-07-11 20:00:00,1.1674099999999998
2018-07-12 00:00:00,1.1673508333333333
2018-07-12 04:00:00,1.1675775
2018-07-12 08:00:00,1.168085
2018-07-12 12:00:00,1.1667049999999999
2018-07-12 16:00:00,1.1681075
2018-07-12 20:00:00,1.1672683333333334
2018-07-13 00:00:00,1.1663983333333332
2018-07-13 04:00:00,1.1665233333333331
2018-07-13 08:00:00,1.1642316666666668
2018-07-13 12:00:00,1.16301
2018-07-13 16:00:00,1.1659066666666666
2018-07-13 20:00:00,1.1678041666666665
2018-07-16 00:00:00,1.1681433333333333
2018-07-16 04:00:00,1.168355
2018-07-16 08:00:00,1.1696208333333333
2018-07-16 12:00:00,1.1711216666666666
2018-07-16 16:00:00,1.1709091666666667
2018-07-16 20:00:00,1.1711766666666668
2018-07-17 00:00:00,1.1709
2018-07-17 04:00:00,1.171065
2018-07-17 08:00:00,1.1726458333333334
2018-07-17 12:00:00,1.1715883333333332
2018-07-17 16:00:00,1.1676766666666667
2018-07-17 20:00:00,1.1661074999999999
2018-07-18 00:00:00,1.1656024999999999
2018-07-18 04:00:00,1.1652816666666668
2018-07-18 08:00:00,1.1628266666666667
2018-07-18 12:00:00,1.1618691666666665
2018-07-18 16:00:00,1.164225
2018-07-18 20:00:00,1.1644783333333333
2018-07-19 00:00:00,1.1644066666666668
2018-07-19 04:00:00,1.1647866666666666
2018-07-19 08:00:00,1.1623591666666666
2018-07-19 12:00:00,1.1596925
2018-07-19 16:00:00,1.1603933333333334
2018-07-19 20:00:00,1.1643766666666666
2018-07-20 00:00:00,1.16476
2018-07-20 04:00:00,1.1647891666666668
2018-07-20 08:00:00,1.1652208333333336
2018-07-20 12:00:00,1.1663316666666668
2018-07-20 16:00:00,1.1709341666666666
2018-07-20 20:00:00,1.1722466666666667
2018-07-23 00:00:00,1.1733383333333334
2018-07-23 04:00:00,1.1737708333333334
2018-07-23 08:00:00,1.17232
2018-07-23 12:00:00,1.1709458333333334
2018-07-23 16:00:00,1.1703033333333333
2018-07-23 20:00:00,1.1691516666666666
2018-07-24 00:00:00,1.1690216666666666
2018-07-24 04:00:00,1.1687916666666667
2018-07-24 08:00:00,1.1679783333333336
2018-07-24 12:00:00,1.1700225
2018-07-24 16:00:00,1.1695441666666666
2018-07-24 20:00:00,1.1681783333333333
2018-07-25 00:00:00,1.1682691666666667
2018-07-25 04:00:00,1.1681841666666666
2018-07-25 08:00:00,1.1689574999999999
2018-07-25 12:00:00,1.1696191666666669
2018-07-25 16:00:00,1.1682841666666666
2018-07-25 20:00:00,1.1710183333333333
2018-07-26 00:00:00,1.1730466666666666
2018-07-26 04:00:00,1.1733525
2018-07-26 08:00:00,1.1727025000000002
2018-07-26 12:00:00,1.1709775
2018-07-26 16:00:00,1.1665975
2018-07-26 20:00:00,1.1647691666666666
2018-07-27 00:00:00,1.1640758333333334
2018-07-27 04:00:00,1.1647475
2018-07-27 08:00:00,1.1642616666666668
2018-07-27 12:00:00,1.1628308333333335
2018-07-27 16:00:00,1.1653208333333334
2018-07-27 20:00:00,1.1656975
2018-07-30 00:00:00,1.1658158333333333
2018-07-30 04:00:00,1.1654058333333333
2018-07-30 08:00:00,1.1662941666666666
2018-07-30 12:00:00,1.1683808333333334
2018-07-30 16:00:00,1.1709783333333335
2018-07-30 20:00:00,1.1707625000000002
2018-07-31 00:00:00,1.1706333333333334
2018-07-31 04:00:00,1.1707733333333332
2018-07-31 08:00:00,1.1717691666666668
2018-07-31 12:00:00,1.172995
2018-07-31 16:00:00,1.1704499999999998
2018-07-31 20:00:00,1.1694675
2018-08-01 00:00:00,1.1687950000000003
2018-08-01 04:00:00,1.168315
2018-08-01 08:00:00,1.16818
2018-08-01 12:00:00,1.1685025
2018-08-01 16:00:00,1.1672266666666666
2018-08-01 20:00:00,1.1662916666666665
2018-08-02 00:00:00,1.1661225000000002
2018-08-02 04:00:00,1.1655233333333332
2018-08-02 08:00:00,1.1635008333333332
2018-08-02 12:00:00,1.1616941666666667
2018-08-02 16:00:00,1.1616133333333334
2018-08-02 20:00:00,1.1591833333333335
2018-08-03 00:00:00,1.1584858333333334
2018-08-03 04:00:00,1.15875
2018-08-03 08:00:00,1.1578866666666667
2018-08-03 12:00:00,1.1586291666666666
2018-08-03 16:00:00,1.158761666666667
2018-08-03 20:00:00,1.15762
2018-08-06 00:00:00,1.1563275
2018-08-06 04:00:00,1.1561958333333333
2018-08-06 08:00:00,1.1558883333333334
2018-08-06 12:00:00,1.1545708333333333
2018-08-06 16:00:00,1.1555525
2018-08-06 20:00:00,1.1554149999999999
2018-08-07 00:00:00,1.1555433333333334
2018-08-07 04:00:00,1.1558008333333334
2018-08-07 08:00:00,1.1571333333333333
2018-08-07 12:00:00,1.1595591666666667
2018-08-07 16:00:00,1.1595475
2018-08-07 20:00:00,1.1592741666666666
2018-08-08 00:00:00,1.1599258333333333
2018-08-08 04:00:00,1.1611333333333334
2018-08-08 08:00:00,1.1610699999999998
2018-08-08 12:00:00,1.1589608333333334
2018-08-08 16:00:00,1.1595024999999999
2018-08-08 20:00:00,1.1611466666666668
2018-08-09 00:00:00,1.1610025
2018-08-09 04:00:00,1.1610716666666667
2018-08-09 08:00:00,1.1597208333333335
2018-08-09 12:00:00,1.15937
2018-08-09 16:00:00,1.1573883333333335
2018-08-09 20:00:00,1.1540599999999999
2018-08-10 00:00:00,1.1524975
2018-08-10 04:00:00,1.1528783333333332
2018-08-10 08:00:00,1.1461999999999999
2018-08-10 12:00:00,1.1459575
2018-08-10 16:00:00,1.1418525000000002
2018-08-10 20:00:00,1.1402075
2018-08-13 00:00:00,1.1388624999999999
2018-08-13 04:00:00,1.13765
2018-08-13 08:00:00,1.1383258333333333
2018-08-13 12:00:00,1.1391825
2018-08-13 16:00:00,1.1409875
2018-08-13 20:00:00,1.1396733333333333
2018-08-14 00:00:00,1.1402316666666668
2018-08-14 04:00:00,1.1407108333333333
2018-08-14 08:00:00,1.1410525
2018-08-14 12:00:00,1.1400558333333333
2018-08-14 16:00:00,1.1365341666666666
2018-08-14 20:00:00,1.1341283333333334
2018-08-15 00:00:00,1.1344041666666667
2018-08-15 04:00:00,1.1330058333333333
2018-08-15 08:00:00,1.1330608333333334
2018-08-15 12:00:00,1.1319991666666667
2018-08-15 16:00:00,1.1321816666666666
2018-08-15 20:00:00,1.134445
2018-08-16 00:00:00,1.1343408333333334
2018-08-16 04:00:00,1.1375250000000001
2018-08-16 08:00:00,1.137895
2018-08-16 12:00:00,1.1369941666666668
2018-08-16 16:00:00,1.1385775000000002
2018-08-16 20:00:00,1.1365583333333333
2018-08-17 00:00:00,1.1372425
2018-08-17 04:00:00,1.1379641666666664
2018-08-17 08:00:00,1.1387291666666666
2018-08-17 12:00:00,1.1389825
2018-08-17 16:00:00,1.1410125
2018-08-17 20:00:00,1.1430441666666666
2018-08-20 00:00:00,1.1436125
2018-08-20 04:00:00,1.1428949999999998
2018-08-20 08:00:00,1.1417191666666666
2018-08-20 12:00:00,1.1413466666666667
2018-08-20 16:00:00,1.1439025
2018-08-20 20:00:00,1.1468600000000002
2018-08-21 00:00:00,1.1495116666666667
2018-08-21 04:00:00,1.1521658333333333
2018-08-21 08:00:00,1.1522999999999999
2018-08-21 12:00:00,1.1517058333333334
2018-08-21 16:00:00,1.1529124999999998
2018-08-21 20:00:00,1.1576308333333334
2018-08-22 00:00:00,1.1573066666666667
2018-08-22 04:00:00,1.1574633333333333
2018-08-22 08:00:00,1.1568633333333331
2018-08-22 12:00:00,1.1599975
2018-08-22 16:00:00,1.1596733333333331
2018-08-22 20:00:00,1.1594908333333334
2018-08-23 00:00:00,1.1587208333333334
2018-08-23 04:00:00,1.1556141666666666
2018-08-23 08:00:00,1.1560583333333334
2018-08-23 12:00:00,1.1572675000000001
2018-08-23 16:00:00,1.1568825
2018-08-23 20:00:00,1.1539408333333334
2018-08-24 00:00:00,1.1541466666666667
2018-08-24 04:00:00,1.155235
2018-08-24 08:00:00,1.1565841666666667
2018-08-24 12:00:00,1.1580366666666668
2018-08-24 16:00:00,1.1615191666666667
2018-08-24 20:00:00,1.1623616666666667
2018-08-27 00:00:00,1.1631050000000003
2018-08-27 04:00:00,1.1627208333333334
2018-08-27 08:00:00,1.1608483333333335
2018-08-27 12:00:00,1.1621091666666667
2018-08-27 16:00:00,1.1666666666666665
2018-08-27 20:00:00,1.1679875
2018-08-28 00:00:00,1.1682241666666666
2018-08-28 04:00:00,1.1674991666666668
2018-08-28 08:00:00,1.1681941666666666
2018-08-28 12:00:00,1.17049
2018-08-28 16:00:00,1.1718791666666666
2018-08-28 20:00:00,1.1699899999999999
2018-08-29 00:00:00,1.1691233333333335
2018-08-29 04:00:00,1.1690274999999999
2018-08-29 08:00:00,1.16732
2018-08-29 12:00:00,1.16641
2018-08-29 16:00:00,1.1692616666666666
2018-08-29 20:00:00,1.1701191666666666
2018-08-30 00:00:00,1.1707033333333334
2018-08-30 04:00:00,1.1701058333333334
2018-08-30 08:00:00,1.1695783333333334
2018-08-30 12:00:00,1.1691
2018-08-30 16:00:00,1.1655391666666668
2018-08-30 20:00:00,1.1666599999999998
2018-08-31 00:00:00,1.1663999999999999
2018-08-31 04:00:00,1.16658
2018-08-31 08:00:00,1.1677608333333334
2018-08-31 12:00:00,1.1656416666666667
2018-08-31 16:00:00,1.1617533333333334
2018-08-31 20:00:00,1.1601091666666665
2018-09-03 00:00:00,1.1595975
2018-09-03 04:00:00,1.1598191666666666
2018-09-03 08:00:00,1.1609108333333333
2018-09-03 12:00:00,1.1608525
2018-09-03 16:00:00,1.1616925
2018-09-03 20:00:00,1.161675
2018-09-04 00:00:00,1.1612425000000002
2018-09-04 04:00:00,1.1600108333333332
2018-09-04 08:00:00,1.1581966666666668
2018-09-04 12:00:00,1.1559500000000003
2018-09-04 16:00:00,1.1558658333333334
2018-09-04 20:00:00,1.1579608333333333
2018-09-05 00:00:00,1.1582408333333334
2018-09-05 04:00:00,1.1596799999999998
2018-09-05 08:00:00,1.1570908333333334
2018-09-05 12:00:00,1.158235
2018-09-05 16:00:00,1.16188
2018-09-05 20:00:00,1.1626633333333332
2018-09-06 00:00:00,1.1635366666666667
2018-09-06 04:00:00,1.1640291666666667
2018-09-06 08:00:00,1.1625766666666668
2018-09-06 12:00:00,1.162985
2018-09-06 16:00:00,1.1628025
2018-09-06 20:00:00,1.1622275000000002
2018-09-07 00:00:00,1.1620658333333334
2018-09-07 04:00:00,1.1621891666666668
2018-09-07 08:00:00,1.1635641666666667
2018-09-07 12:00:00,1.1615833333333332
2018-09-07 16:00:00,1.1573691666666668
2018-09-07 20:00:00,1.1558866666666665
2018-09-10 00:00:00,1.1555549999999999
2018-09-10 04:00:00,1.1548608333333332
2018-09-10 08:00:00,1.1552191666666667
2018-09-10 12:00:00,1.1578933333333334
2018-09-10 16:00:00,1.1603525
2018-09-10 20:00:00,1.15957
2018-09-11 00:00:00,1.1593475
2018-09-11 04:00:00,1.1591441666666666
2018-09-11 08:00:00,1.1618991666666667
2018-09-11 12:00:00,1.15865
2018-09-11 16:00:00,1.1585358333333333
2018-09-11 20:00:00,1.1591558333333332
2018-09-12 00:00:00,1.1598141666666666
2018-09-12 04:00:00,1.1588633333333334
2018-09-12 08:00:00,1.1585625
2018-09-12 12:00:00,1.1586691666666669
2018-09-12 16:00:00,1.161655
2018-09-12 20:00:00,1.1630099999999999
2018-09-13 00:00:00,1.1627541666666668
2018-09-13 04:00:00,1.1633616666666664
2018-09-13 08:00:00,1.1620791666666666
2018-09-13 12:00:00,1.1628875
2018-09-13 16:00:00,1.1679783333333333
2018-09-13 20:00:00,1.1687508333333334
2018-09-14 00:00:00,1.1689874999999998
2018-09-14 04:00:00,1.1692158333333333
2018-09-14 08:00:00,1.1704158333333334
2018-09-14 12:00:00,1.1692741666666666
2018-09-14 16:00:00,1.1657058333333332
2018-09-14 20:00:00,1.1627225
2018-09-17 00:00:00,1.162525
2018-09-17 04:00:00,1.1632383333333332
2018-09-17 08:00:00,1.1638625
2018-09-17 12:00:00,1.1661925
2018-09-17 16:00:00,1.1689166666666666
2018-09-17 20:00:00,1.1685658333333333
2018-09-18 00:00:00,1.167515
2018-09-18 04:00:00,1.168585
2018-09-18 08:00:00,1.1691675000000001
2018-09-18 12:00:00,1.168979166666667
2018-09-18 16:00:00,1.1692183333333335
2018-09-18 20:00:00,1.1665275
2018-09-19 00:00:00,1.1673008333333335
2018-09-19 04:00:00,1.1666750000000001
2018-09-19 08:00:00,1.1689558333333334
2018-09-19 12:00:00,1.1685758333333334
2018-09-19 16:00:00,1.1673925
2018-09-19 20:00:00,1.1673675
2018-09-20 00:00:00,1.1673008333333335
2018-09-20 04:00:00,1.168085
2018-09-20 08:00:00,1.1688816666666666
2018-09-20 12:00:00,1.1731116666666666
2018-09-20 16:00:00,1.1752633333333333
2018-09-20 20:00:00,1.1773791666666669
2018-09-21 00:00:00,1.1777116666666667
2018-09-21 04:00:00,1.1780191666666666
2018-09-21 08:00:00,1.1782833333333333
2018-09-21 12:00:00,1.1766958333333333
2018-09-21 16:00:00,1.1746025
2018-09-21 20:00:00,1.1745825
2018-09-24 00:00:00,1.1745858333333332
2018-09-24 04:00:00,1.1740441666666668
2018-09-24 08:00:00,1.1741491666666666
2018-09-24 12:00:00,1.176451666666667
2018-09-24 16:00:00,1.1778641666666667
2018-09-24 20:00:00,1.1753141666666667
2018-09-25 00:00:00,1.174995
2018-09-25 04:00:00,1.1739933333333332
2018-09-25 08:00:00,1.1754158333333333
2018-09-25 12:00:00,1.1769816666666668
2018-09-25 16:00:00,1.17775
2018-09-25 20:00:00,1.1765908333333333
2018-09-26 00:00:00,1.1763016666666666
2018-09-26 04:00:00,1.17632
2018-09-26 08:00:00,1.1764541666666666
2018-09-26 12:00:00,1.1748933333333333
2018-09-26 16:00:00,1.1744891666666666
2018-09-26 20:00:00,1.1754516666666666
2018-09-27 00:00:00,1.1747049999999999
2018-09-27 04:00:00,1.174695
2018-09-27 08:00:00,1.1706725
2018-09-27 12:00:00,1.1703833333333333
2018-09-27 16:00:00,1.1676383333333333
2018-09-27 20:00:00,1.1654691666666668
2018-09-28 00:00:00,1.1637133333333332
2018-09-28 04:00:00,1.1644425
2018-09-28 08:00:00,1.162935
2018-09-28 12:00:00,1.1586541666666668
2018-09-28 16:00:00,1.1605025
2018-09-28 20:00:00,1.1609166666666666
2018-10-01 00:00:00,1.1606658333333335
2018-10-01 04:00:00,1.1596825
2018-10-01 08:00:00,1.1590975000000001
2018-10-01 12:00:00,1.160753333333333
2018-10-01 16:00:00,1.1583391666666667
2018-10-01 20:00:00,1.1574875
2018-10-02 00:00:00,1.1575191666666667
2018-10-02 04:00:00,1.1571150000000001
2018-10-02 08:00:00,1.1538775
2018-10-02 12:00:00,1.1522725
2018-10-02 16:00:00,1.1549466666666666
2018-10-02 20:00:00,1.1546575
2018-10-03 00:00:00,1.1547641666666668
2018-10-03 04:00:00,1.1574825
2018-10-03 08:00:00,1.1579025
2018-10-03 12:00:00,1.1552333333333333
2018-10-03 16:00:00,1.152795
2018-10-03 20:00:00,1.150795
2018-10-04 00:00:00,1.1478966666666666
2018-10-04 04:00:00,1.1470175
2018-10-04 08:00:00,1.1481183333333334
2018-10-04 12:00:00,1.1500766666666669
2018-10-04 16:00:00,1.1514233333333332
2018-10-04 20:00:00,1.1509975
2018-10-05 00:00:00,1.151425
2018-10-05 04:00:00,1.1509125
2018-10-05 08:00:00,1.1503333333333332
2018-10-05 12:00:00,1.1503425
2018-10-05 16:00:00,1.1516725
2018-10-05 20:00:00,1.1520841666666668
2018-10-08 00:00:00,1.1522658333333333
2018-10-08 04:00:00,1.1514316666666666
2018-10-08 08:00:00,1.1496441666666668
2018-10-08 12:00:00,1.1473025000000001
2018-10-08 16:00:00,1.1474699999999998
2018-10-08 20:00:00,1.1489208333333334
2018-10-09 00:00:00,1.1490358333333335
2018-10-09 04:00:00,1.1490866666666666
2018-10-09 08:00:00,1.1480308333333333
2018-10-09 12:00:00,1.1447283333333333
2018-10-09 16:00:00,1.1468583333333333
2018-10-09 20:00:00,1.1491641666666665
2018-10-10 00:00:00,1.1497583333333332
2018-10-10 04:00:00,1.1508775
2018-10-10 08:00:00,1.149975
2018-10-10 12:00:00,1.1495475
2018-10-10 16:00:00,1.1528891666666667
2018-10-10 20:00:00,1.1525575
2018-10-11 00:00:00,1.1530641666666668
2018-10-11 04:00:00,1.1561024999999998
2018-10-11 08:00:00,1.15477
2018-10-11 12:00:00,1.1569058333333333
2018-10-11 16:00:00,1.1565050000000001
2018-10-11 20:00:00,1.158885
2018-10-12 00:00:00,1.1590799999999999
2018-10-12 04:00:00,1.16015
2018-10-12 08:00:00,1.159205
2018-10-12 12:00:00,1.1575583333333335
2018-10-12 16:00:00,1.1555416666666667
2018-10-12 20:00:00,1.1558733333333333
2018-10-15 00:00:00,1.1549016666666667
2018-10-15 04:00:00,1.1547933333333336
2018-10-15 08:00:00,1.1561050000000002
2018-10-15 12:00:00,1.1589558333333334
2018-10-15 16:00:00,1.1588691666666666
2018-10-15 20:00:00,1.1579266666666668
2018-10-16 00:00:00,1.1582408333333332
2018-10-16 04:00:00,1.1577425000000001
2018-10-16 08:00:00,1.1579824999999997
2018-10-16 12:00:00,1.1579666666666668
2018-10-16 16:00:00,1.1589966666666667
2018-10-16 20:00:00,1.1576724999999999
2018-10-17 00:00:00,1.15739
2018-10-17 04:00:00,1.1563858333333332
2018-10-17 08:00:00,1.1562391666666667
2018-10-17 12:00:00,1.1545641666666666
2018-10-17 16:00:00,1.1533658333333334
2018-10-17 20:00:00,1.1508525
2018-10-18 00:00:00,1.1499141666666666
2018-10-18 04:00:00,1.1498933333333332
2018-10-18 08:00:00,1.1500299999999999
2018-10-18 12:00:00,1.1515666666666666
2018-10-18 16:00:00,1.1489425
2018-10-18 20:00:00,1.145855
2018-10-19 00:00:00,1.1454575
2018-10-19 04:00:00,1.1457741666666665
2018-10-19 08:00:00,1.1453608333333334
2018-10-19 12:00:00,1.1461591666666666
2018-10-19 16:00:00,1.1498533333333334
2018-10-19 20:00:00,1.15111
2018-10-22 00:00:00,1.1509858333333334
2018-10-22 04:00:00,1.1509216666666666
2018-10-22 08:00:00,1.1525408333333333
2018-10-22 12:00:00,1.1499016666666666
2018-10-22 16:00:00,1.1470533333333335
2018-10-22 20:00:00,1.14672
2018-10-23 00:00:00,1.1463483333333333
2018-10-23 04:00:00,1.14582
2018-10-23 08:00:00,1.1460758333333334
2018-10-23 12:00:00,1.1472525
2018-10-23 16:00:00,1.1469
2018-10-23 20:00:00,1.1473433333333334
2018-10-24 00:00:00,1.1469874999999998
2018-10-24 04:00:00,1.1466741666666667
2018-10-24 08:00:00,1.1446275000000001
2018-10-24 12:00:00,1.1405558333333334
2018-10-24 16:00:00,1.1395308333333334
2018-10-24 20:00:00,1.1391291666666667
2018-10-25 00:00:00,1.1398116666666664
2018-10-25 04:00:00,1.1409216666666666
2018-10-25 08:00:00,1.14081
2018-10-25 12:00:00,1.1412541666666667
2018-10-25 16:00:00,1.1379108333333332
2018-10-25 20:00:00,1.1365408333333333
2018-10-26 00:00:00,1.1371925
2018-10-26 04:00:00,1.1367091666666669
2018-10-26 08:00:00,1.1370008333333335
2018-10-26 12:00:00,1.1349508333333334
2018-10-26 16:00:00,1.137625
2018-10-26 20:00:00,1.1403858333333334
2018-10-29 00:00:00,1.1403258333333335
2018-10-29 04:00:00,1.1391525
2018-10-29 08:00:00,1.1395208333333335
2018-10-29 12:00:00,1.1389908333333332
2018-10-29 16:00:00,1.138105
2018-10-29 20:00:00,1.1384425
2018-10-30 00:00:00,1.1373208333333333
2018-10-30 04:00:00,1.1379041666666667
2018-10-30 08:00:00,1.1373466666666667
2018-10-30 12:00:00,1.1359583333333334
2018-10-30 16:00:00,1.13669
2018-10-30 20:00:00,1.1345683333333332
2018-10-31 00:00:00,1.1342533333333336
2018-10-31 04:00:00,1.1342583333333334
2018-10-31 08:00:00,1.1345333333333332
2018-10-31 12:00:00,1.1337758333333334
2018-10-31 16:00:00,1.1320741666666667
2018-10-31 20:00:00,1.1314
2018-11-01 00:00:00,1.131605
2018-11-01 04:00:00,1.133995
2018-11-01 08:00:00,1.1353716666666667
2018-11-01 12:00:00,1.1383575
2018-11-01 16:00:00,1.1399241666666668
2018-11-01 20:00:00,1.1410008333333332
2018-11-02 00:00:00,1.1402733333333335
2018-11-02 04:00:00,1.1399066666666666
2018-11-02 08:00:00,1.1426741666666667
2018-11-02 12:00:00,1.1438033333333333
2018-11-02 16:00:00,1.14017
2018-11-02 20:00:00,1.13864
2018-11-05 00:00:00,1.1391983333333333
2018-11-05 04:00:00,1.1386025
2018-11-05 08:00:00,1.1387016666666667
2018-11-05 12:00:00,1.1375058333333334
2018-11-05 16:00:00,1.1390125000000002
2018-11-05 20:00:00,1.1408925
2018-11-06 00:00:00,1.1408283333333333
2018-11-06 04:00:00,1.1405675
2018-11-06 08:00:00,1.1410058333333333
2018-11-06 12:00:00,1.1407016666666665
2018-11-06 16:00:00,1.1418366666666668
2018-11-06 20:00:00,1.14134
2018-11-07 00:00:00,1.1431991666666665
2018-11-07 04:00:00,1.144215
2018-11-07 08:00:00,1.1452466666666667
2018-11-07 12:00:00,1.1488075
2018-11-07 16:00:00,1.1473358333333332
2018-11-07 20:00:00,1.1452408333333333
2018-11-08 00:00:00,1.1430325000000001
2018-11-08 04:00:00,1.1428191666666667
2018-11-08 08:00:00,1.1430850000000001
2018-11-08 12:00:00,1.1417766666666667
2018-11-08 16:00:00,1.1426816666666668
2018-11-08 20:00:00,1.1381533333333334
2018-11-09 00:00:00,1.1364275
2018-11-09 04:00:00,1.135205
2018-11-09 08:00:00,1.1342066666666666
2018-11-09 12:00:00,1.1343466666666666
2018-11-09 16:00:00,1.1343658333333333
2018-11-09 20:00:00,1.133225
2018-11-12 00:00:00,1.132385
2018-11-12 04:00:00,1.1325100000000001
2018-11-12 08:00:00,1.1279041666666667
2018-11-12 12:00:00,1.12607
2018-11-12 16:00:00,1.1260725
2018-11-12 20:00:00,1.1241133333333333
2018-11-13 00:00:00,1.1222216666666667
2018-11-13 04:00:00,1.1238233333333334
2018-11-13 08:00:00,1.1241475
2018-11-13 12:00:00,1.1243725
2018-11-13 16:00:00,1.1273108333333333
2018-11-13 20:00:00,1.1271366666666665
2018-11-14 00:00:00,1.1299516666666665
2018-11-14 04:00:00,1.1299575
2018-11-14 08:00:00,1.1289108333333333
2018-11-14 12:00:00,1.1273133333333334
2018-11-14 16:00:00,1.1310825
2018-11-14 20:00:00,1.1313016666666666
2018-11-15 00:00:00,1.1313083333333331
2018-11-15 04:00:00,1.1326091666666667
2018-11-15 08:00:00,1.1333625
2018-11-15 12:00:00,1.1301241666666666
2018-11-15 16:00:00,1.1307766666666668
2018-11-15 20:00:00,1.1329666666666667
2018-11-16 00:00:00,1.1326766666666666
2018-11-16 04:00:00,1.1335866666666665
2018-11-16 08:00:00,1.134515
2018-11-16 12:00:00,1.1334116666666665
2018-11-16 16:00:00,1.1391716666666667
2018-11-16 20:00:00,1.1411916666666668
2018-11-19 00:00:00,1.1413341666666668
2018-11-19 04:00:00,1.1406708333333333
2018-11-19 08:00:00,1.1405525
2018-11-19 12:00:00,1.1422491666666668
2018-11-19 16:00:00,1.1438316666666666
2018-11-19 20:00:00,1.1452375
2018-11-20 00:00:00,1.14514
2018-11-20 04:00:00,1.1448233333333333
2018-11-20 08:00:00,1.14496
2018-11-20 12:00:00,1.1428208333333334
2018-11-20 16:00:00,1.1402008333333336
2018-11-20 20:00:00,1.1369574999999998
2018-11-21 00:00:00,1.1368
2018-11-21 04:00:00,1.1371425
2018-11-21 08:00:00,1.138955
2018-11-21 12:00:00,1.1393391666666668
2018-11-21 16:00:00,1.1401308333333333
2018-11-21 20:00:00,1.138865
2018-11-22 00:00:00,1.1384983333333334
2018-11-22 04:00:00,1.1393
2018-11-22 08:00:00,1.1400416666666666
2018-11-22 12:00:00,1.1409816666666668
2018-11-22 16:00:00,1.1403958333333333
2018-11-22 20:00:00,1.1404366666666668
2018-11-23 00:00:00,1.1402216666666667
2018-11-23 04:00:00,1.1409691666666666
2018-11-23 08:00:00,1.1405958333333333
2018-11-23 12:00:00,1.1357066666666666
2018-11-23 16:00:00,1.1345241666666666
2018-11-23 20:00:00,1.1331066666666667
2018-11-26 00:00:00,1.1333766666666667
2018-11-26 04:00:00,1.1334166666666667
2018-11-26 08:00:00,1.1355958333333334
2018-11-26 12:00:00,1.1367208333333334
2018-11-26 16:00:00,1.13509
2018-11-26 20:00:00,1.1333233333333332
2018-11-27 00:00:00,1.1330216666666666
2018-11-27 04:00:00,1.1332808333333333
2018-11-27 08:00:00,1.1325891666666665
2018-11-27 12:00:00,1.1318758333333334
2018-11-27 16:00:00,1.1302425
2018-11-27 20:00:00,1.1292191666666667
2018-11-28 00:00:00,1.1291025000000001
2018-11-28 04:00:00,1.1291275
2018-11-28 08:00:00,1.12883
2018-11-28 12:00:00,1.1284083333333332
2018-11-28 16:00:00,1.1279758333333334
2018-11-28 20:00:00,1.1361091666666665
2018-11-29 00:00:00,1.1366858333333334
2018-11-29 04:00:00,1.1374866666666668
2018-11-29 08:00:00,1.1384225
2018-11-29 12:00:00,1.1367733333333332
2018-11-29 16:00:00,1.1380283333333334
2018-11-29 20:00:00,1.1378558333333333
2018-11-30 00:00:00,1.138945
2018-11-30 04:00:00,1.1392566666666668
2018-11-30 08:00:00,1.1387575
2018-11-30 12:00:00,1.1370191666666667
2018-11-30 16:00:00,1.13382
2018-11-30 20:00:00,1.1313766666666667
2018-12-03 00:00:00,1.1331308333333334
2018-12-03 04:00:00,1.1346383333333334
2018-12-03 08:00:00,1.1364308333333333
2018-12-03 12:00:00,1.1343866666666667
2018-12-03 16:00:00,1.1342575
2018-12-03 20:00:00,1.1348525
2018-12-04 00:00:00,1.1352541666666665
2018-12-04 04:00:00,1.136745
2018-12-04 08:00:00,1.1380433333333333
2018-12-04 12:00:00,1.1402275000000002
2018-12-04 16:00:00,1.1373900000000001
2018-12-04 20:00:00,1.1338566666666667
2018-12-05 00:00:00,1.1340066666666666
2018-12-05 04:00:00,1.1330458333333333
2018-12-05 08:00:00,1.132775
2018-12-05 12:00:00,1.134485
2018-12-05 16:00:00,1.1341941666666666
2018-12-05 20:00:00,1.1345758333333333
2018-12-06 00:00:00,1.1345958333333335
2018-12-06 04:00:00,1.1344633333333334
2018-12-06 08:00:00,1.1335266666666666
2018-12-06 12:00:00,1.1337208333333333
2018-12-06 16:00:00,1.137595
2018-12-06 20:00:00,1.1380591666666668
2018-12-07 00:00:00,1.1374325
2018-12-07 04:00:00,1.1375391666666668
2018-12-07 08:00:00,1.1370633333333333
2018-12-07 12:00:00,1.1371475
2018-12-07 16:00:00,1.1388541666666667
2018-12-07 20:00:00,1.1405566666666664
2018-12-10 00:00:00,1.1396233333333334
2018-12-10 04:00:00,1.1430741666666666
2018-12-10 08:00:00,1.1427816666666666
2018-12-10 12:00:00,1.1412791666666666
2018-12-10 16:00:00,1.1392991666666668
2018-12-10 20:00:00,1.135775
2018-12-11 00:00:00,1.1353374999999999
2018-12-11 04:00:00,1.136435
2018-12-11 08:00:00,1.1369291666666668
2018-12-11 12:00:00,1.1385108333333336
2018-12-11 16:00:00,1.1340533333333334
2018-12-11 20:00:00,1.1319825
2018-12-12 00:00:00,1.1321475
2018-12-12 04:00:00,1.1328141666666665
2018-12-12 08:00:00,1.1325716666666668
2018-12-12 12:00:00,1.1334691666666665
2018-12-12 16:00:00,1.1359825
2018-12-12 20:00:00,1.1368766666666668
2018-12-13 00:00:00,1.1369858333333334
2018-12-13 04:00:00,1.1367608333333332
2018-12-13 08:00:00,1.1374391666666666
2018-12-13 12:00:00,1.13746
2018-12-13 16:00:00,1.1350316666666669
2018-12-13 20:00:00,1.136125
2018-12-14 00:00:00,1.1358241666666666
2018-12-14 04:00:00,1.1359491666666668
2018-12-14 08:00:00,1.1343683333333332
2018-12-14 12:00:00,1.1291175
2018-12-14 16:00:00,1.1286691666666666
2018-12-14 20:00:00,1.13019
2018-12-17 00:00:00,1.130325
2018-12-17 04:00:00,1.1308866666666666
2018-12-17 08:00:00,1.1313283333333333
2018-12-17 12:00:00,1.1337549999999998
2018-12-17 16:00:00,1.134035
2018-12-17 20:00:00,1.13497
2018-12-18 00:00:00,1.1346891666666665
2018-12-18 04:00:00,1.1352333333333333
2018-12-18 08:00:00,1.1350358333333335
2018-12-18 12:00:00,1.1383491666666665
2018-12-18 16:00:00,1.1369233333333333
2018-12-18 20:00:00,1.1362291666666666
2018-12-19 00:00:00,1.1369925
2018-12-19 04:00:00,1.1382816666666666
2018-12-19 08:00:00,1.1390799999999999
2018-12-19 12:00:00,1.1399566666666667
2018-12-19 16:00:00,1.1417941666666667
2018-12-19 20:00:00,1.1404125
2018-12-20 00:00:00,1.1379258333333333
2018-12-20 04:00:00,1.1380808333333332
2018-12-20 08:00:00,1.1406425
2018-12-20 12:00:00,1.1465733333333334
2018-12-20 16:00:00,1.1436391666666668
2018-12-20 20:00:00,1.146325
2018-12-21 00:00:00,1.14502
2018-12-21 04:00:00,1.1448408333333333
2018-12-21 08:00:00,1.1453858333333335
2018-12-21 12:00:00,1.1420774999999999
2018-12-21 16:00:00,1.1407883333333333
2018-12-21 20:00:00,1.1372716666666667
2018-12-24 00:00:00,1.136835
2018-12-24 04:00:00,1.1385308333333333
2018-12-24 08:00:00,1.1386291666666666
2018-12-24 12:00:00,1.1399566666666665
2018-12-24 16:00:00,1.1416275
2018-12-24 20:00:00,1.1406683333333334
2018-12-27 00:00:00,1.1392433333333334
2018-12-27 04:00:00,1.1378933333333334
2018-12-27 08:00:00,1.1382841666666668
2018-12-27 12:00:00,1.1390616666666666
2018-12-27 16:00:00,1.1407516666666668
2018-12-27 20:00:00,1.1440408333333334
2018-12-28 00:00:00,1.14327
2018-12-28 04:00:00,1.1453341666666668
2018-12-28 08:00:00,1.1456266666666668
2018-12-28 12:00:00,1.1455608333333331
2018-12-28 16:00:00,1.1447574999999999
2018-12-28 20:00:00,1.1440975
2018-12-31 00:00:00,1.1439975000000002
2018-12-31 04:00:00,1.14353
2018-12-31 08:00:00,1.1431274999999999
2018-12-31 12:00:00,1.1446325
2018-12-31 16:00:00,1.144204166666667
2018-12-31 20:00:00,1.1451175
2019-01-02 00:00:00,1.1456308333333334
2019-01-02 04:00:00,1.1447016666666667
2019-01-02 08:00:00,1.1471125
2019-01-02 12:00:00,1.1428516666666666
2019-01-02 16:00:00,1.1363633333333332
2019-01-02 20:00:00,1.1337816666666667
2019-01-03 00:00:00,1.1330258333333332
2019-01-03 04:00:00,1.13571
2019-01-03 08:00:00,1.1367391666666666
2019-01-03 12:00:00,1.1360683333333332
2019-01-03 16:00:00,1.1376941666666667
2019-01-03 20:00:00,1.1396899999999999
2019-01-04 00:00:00,1.1394191666666666
2019-01-04 04:00:00,1.1398208333333333
2019-01-04 08:00:00,1.1398091666666665
2019-01-04 12:00:00,1.1406625
2019-01-04 16:00:00,1.1383158333333334
2019-01-04 20:00:00,1.1401841666666666
2019-01-07 00:00:00,1.1402716666666666
2019-01-07 04:00:00,1.14199
2019-01-07 08:00:00,1.1425308333333333
2019-01-07 12:00:00,1.1439433333333333
2019-01-07 16:00:00,1.1460783333333333
2019-01-07 20:00:00,1.1473491666666669
2019-01-08 00:00:00,1.147415
2019-01-08 04:00:00,1.14451
2019-01-08 08:00:00,1.1443625
2019-01-08 12:00:00,1.1452
2019-01-08 16:00:00,1.1436516666666667
2019-01-08 20:00:00,1.1443891666666666
2019-01-09 00:00:00,1.1446174999999998
2019-01-09 04:00:00,1.1455741666666666
2019-01-09 08:00:00,1.14626
2019-01-09 12:00:00,1.1453975
2019-01-09 16:00:00,1.1500833333333331
2019-01-09 20:00:00,1.1538716666666666
2019-01-10 00:00:00,1.1548808333333334
2019-01-10 04:00:00,1.1557425000000001
2019-01-10 08:00:00,1.1548241666666668
2019-01-10 12:00:00,1.1528191666666667
2019-01-10 16:00:00,1.1522108333333332
2019-01-10 20:00:00,1.1500516666666667
2019-01-11 00:00:00,1.1502108333333334
2019-01-11 04:00:00,1.1521016666666668
2019-01-11 08:00:00,1.1524716666666668
2019-01-11 12:00:00,1.1526775
2019-01-11 16:00:00,1.14894
2019-01-11 20:00:00,1.1470725
2019-01-14 00:00:00,1.1462166666666667
2019-01-14 04:00:00,1.1470608333333334
2019-01-14 08:00:00,1.1473891666666667
2019-01-14 12:00:00,1.1463916666666667
2019-01-14 16:00:00,1.1466474999999998
2019-01-14 20:00:00,1.1470183333333333
2019-01-15 00:00:00,1.1469558333333332
2019-01-15 04:00:00,1.1482299999999999
2019-01-15 08:00:00,1.1472941666666667
2019-01-15 12:00:00,1.1431183333333332
2019-01-15 16:00:00,1.1431375
2019-01-15 20:00:00,1.1395366666666666
2019-01-16 00:00:00,1.1409258333333332
2019-01-16 04:00:00,1.14024
2019-01-16 08:00:00,1.1405733333333332
2019-01-16 12:00:00,1.1397291666666667
2019-01-16 16:00:00,1.1396391666666665
2019-01-16 20:00:00,1.1400433333333333
2019-01-17 00:00:00,1.1394408333333332
2019-01-17 04:00:00,1.1389608333333334
2019-01-17 08:00:00,1.1386675
2019-01-17 12:00:00,1.1398075
2019-01-17 16:00:00,1.1387666666666667
2019-01-17 20:00:00,1.1387066666666668
2019-01-18 00:00:00,1.1389091666666666
2019-01-18 04:00:00,1.1394158333333333
2019-01-18 08:00:00,1.1392383333333331
2019-01-18 12:00:00,1.14025
2019-01-18 16:00:00,1.1377883333333334
2019-01-18 20:00:00,1.1363883333333333
2019-01-21 00:00:00,1.1365
2019-01-21 04:00:00,1.1375291666666667
2019-01-21 08:00:00,1.1378575
2019-01-21 12:00:00,1.1370416666666667
2019-01-21 16:00:00,1.1363566666666667
2019-01-21 20:00:00,1.1367433333333334
2019-01-22 00:00:00,1.1367275000000001
2019-01-22 04:00:00,1.1365058333333333
2019-01-22 08:00:00,1.135505
2019-01-22 12:00:00,1.1359225
2019-01-22 16:00:00,1.1353366666666664
2019-01-22 20:00:00,1.13633
2019-01-23 00:00:00,1.1360908333333333
2019-01-23 04:00:00,1.1364275000000001
2019-01-23 08:00:00,1.1365233333333333
2019-01-23 12:00:00,1.1360158333333334
2019-01-23 16:00:00,1.1370183333333332
2019-01-23 20:00:00,1.1386574999999999
2019-01-24 00:00:00,1.1382283333333332
2019-01-24 04:00:00,1.1386391666666666
2019-01-24 08:00:00,1.1374141666666666
2019-01-24 12:00:00,1.1344933333333334
2019-01-24 16:00:00,1.1346633333333331
2019-01-24 20:00:00,1.13017
2019-01-25 00:00:00,1.1306141666666667
2019-01-25 04:00:00,1.1316066666666666
2019-01-25 08:00:00,1.1322258333333335
2019-01-25 12:00:00,1.1337033333333333
2019-01-25 16:00:00,1.1380758333333334
2019-01-25 20:00:00,1.1408708333333335
2019-01-28 00:00:00,1.14085
2019-01-28 04:00:00,1.1416241666666667
2019-01-28 08:00:00,1.1406925
2019-01-28 12:00:00,1.1410266666666666
2019-01-28 16:00:00,1.14266
2019-01-28 20:00:00,1.1431791666666666
2019-01-29 00:00:00,1.1426841666666667
2019-01-29 04:00:00,1.1428308333333335
2019-01-29 08:00:00,1.1435783333333334
2019-01-29 12:00:00,1.14356
2019-01-29 16:00:00,1.1422441666666665
2019-01-29 20:00:00,1.142755
2019-01-30 00:00:00,1.1432175
2019-01-30 04:00:00,1.1437716666666666
2019-01-30 08:00:00,1.1436225
2019-01-30 12:00:00,1.1430783333333332
2019-01-30 16:00:00,1.142
2019-01-30 20:00:00,1.1447141666666667
2019-01-31 00:00:00,1.1483158333333334
2019-01-31 04:00:00,1.1499025
2019-01-31 08:00:00,1.1500308333333333
2019-01-31 12:00:00,1.1484516666666666
2019-01-31 16:00:00,1.1477566666666665
2019-01-31 20:00:00,1.1444241666666666
2019-02-01 00:00:00,1.144615
2019-02-01 04:00:00,1.1441641666666666
2019-02-01 08:00:00,1.1442258333333333
2019-02-01 12:00:00,1.1466033333333334
2019-02-01 16:00:00,1.1470233333333333
2019-02-01 20:00:00,1.1462325
2019-02-04 00:00:00,1.1454158333333333
2019-02-04 04:00:00,1.1451141666666667
2019-02-04 08:00:00,1.1443483333333333
2019-02-04 12:00:00,1.1447016666666667
2019-02-04 16:00:00,1.1435766666666667
2019-02-04 20:00:00,1.1432175
2019-02-05 00:00:00,1.1434933333333333
2019-02-05 04:00:00,1.1435300000000002
2019-02-05 08:00:00,1.1426608333333332
2019-02-05 12:00:00,1.1419416666666666
2019-02-05 16:00:00,1.1414799999999998
2019-02-05 20:00:00,1.1410108333333333
2019-02-06 00:00:00,1.1404891666666668
2019-02-06 04:00:00,1.1400191666666666
2019-02-06 08:00:00,1.1390966666666666
2019-02-06 12:00:00,1.1390266666666666
2019-02-06 16:00:00,1.1382591666666666
2019-02-06 20:00:00,1.1368725
2019-02-07 00:00:00,1.1364208333333332
2019-02-07 04:00:00,1.1360091666666667
2019-02-07 08:00:00,1.1358249999999999
2019-02-07 12:00:00,1.1337741666666667
2019-02-07 16:00:00,1.1346883333333333
2019-02-07 20:00:00,1.1349766666666667
2019-02-08 00:00:00,1.1338691666666665
2019-02-08 04:00:00,1.1338675
2019-02-08 08:00:00,1.13366
2019-02-08 12:00:00,1.1335716666666666
2019-02-08 16:00:00,1.1335783333333334
2019-02-08 20:00:00,1.1324791666666667
2019-02-11 00:00:00,1.1320508333333335
2019-02-11 04:00:00,1.1322516666666667
2019-02-11 08:00:00,1.1320558333333335
2019-02-11 12:00:00,1.1307458333333333
2019-02-11 16:00:00,1.1291124999999997
2019-02-11 20:00:00,1.1273041666666668
2019-02-12 00:00:00,1.1275716666666666
2019-02-12 04:00:00,1.1279591666666668
2019-02-12 08:00:00,1.1278541666666666
2019-02-12 12:00:00,1.1279916666666667
2019-02-12 16:00:00,1.129855
2019-02-12 20:00:00,1.1327908333333334
2019-02-13 00:00:00,1.132895
2019-02-13 04:00:00,1.1335825000000002
2019-02-13 08:00:00,1.1328933333333333
2019-02-13 12:00:00,1.13192
2019-02-13 16:00:00,1.1291541666666667
2019-02-13 20:00:00,1.1274099999999998
2019-02-14 00:00:00,1.1260825
2019-02-14 04:00:00,1.1273708333333334
2019-02-14 08:00:00,1.1276633333333335
2019-02-14 12:00:00,1.1268875
2019-02-14 16:00:00,1.1286058333333333
2019-02-14 20:00:00,1.1295516666666665
2019-02-15 00:00:00,1.1293316666666666
2019-02-15 04:00:00,1.1286691666666666
2019-02-15 08:00:00,1.1281608333333333
2019-02-15 12:00:00,1.1274166666666667
2019-02-15 16:00:00,1.1262616666666667
2019-02-15 20:00:00,1.1289708333333333
2019-02-18 00:00:00,1.1293758333333335
2019-02-18 04:00:00,1.1313725000000001
2019-02-18 08:00:00,1.1306966666666667
2019-02-18 12:00:00,1.132315
2019-02-18 16:00:00,1.1316133333333331
2019-02-18 20:00:00,1.1310291666666665
2019-02-19 00:00:00,1.1309
2019-02-19 04:00:00,1.1299258333333335
2019-02-19 08:00:00,1.1301416666666666
2019-02-19 12:00:00,1.1296941666666669
2019-02-19 16:00:00,1.1316866666666667
2019-02-19 20:00:00,1.1343408333333334
2019-02-20 00:00:00,1.1340616666666667
2019-02-20 04:00:00,1.1348133333333332
2019-02-20 08:00:00,1.13397
2019-02-20 12:00:00,1.1340450000000002
2019-02-20 16:00:00,1.1344766666666668
2019-02-20 20:00:00,1.1355733333333333
2019-02-21 00:00:00,1.1341658333333333
2019-02-21 04:00:00,1.1341766666666668
2019-02-21 08:00:00,1.1337875
2019-02-21 12:00:00,1.1342275
2019-02-21 16:00:00,1.1347775
2019-02-21 20:00:00,1.1332200000000001
2019-02-22 00:00:00,1.1336158333333333
2019-02-22 04:00:00,1.1336441666666668
2019-02-22 08:00:00,1.1342108333333334
2019-02-22 12:00:00,1.1337325
2019-02-22 16:00:00,1.1336658333333334
2019-02-22 20:00:00,1.133951666666667
2019-02-25 00:00:00,1.1336325
2019-02-25 04:00:00,1.1341766666666666
2019-02-25 08:00:00,1.1347183333333333
2019-02-25 12:00:00,1.1357375
2019-02-25 16:00:00,1.1350625
2019-02-25 20:00:00,1.1354675
2019-02-26 00:00:00,1.1359808333333334
2019-02-26 04:00:00,1.1360258333333333
2019-02-26 08:00:00,1.1353675
2019-02-26 12:00:00,1.13631
2019-02-26 16:00:00,1.1363316666666665
2019-02-26 20:00:00,1.1384408333333333
2019-02-27 00:00:00,1.13901
2019-02-27 04:00:00,1.1381350000000001
2019-02-27 08:00:00,1.1379683333333332
2019-02-27 12:00:00,1.1392841666666667
2019-02-27 16:00:00,1.138045
2019-02-27 20:00:00,1.1370008333333332
2019-02-28 00:00:00,1.1372658333333332
2019-02-28 04:00:00,1.1376375
2019-02-28 08:00:00,1.1377116666666667
2019-02-28 12:00:00,1.140285
2019-02-28 16:00:00,1.13853
2019-02-28 20:00:00,1.1378058333333334
2019-03-01 00:00:00,1.1370416666666665
2019-03-01 04:00:00,1.1370241666666667
2019-03-01 08:00:00,1.1367049999999999
2019-03-01 12:00:00,1.137255
2019-03-01 16:00:00,1.1385241666666668
2019-03-01 20:00:00,1.136285
2019-03-04 00:00:00,1.1371425
2019-03-04 04:00:00,1.1365783333333335
2019-03-04 08:00:00,1.1357958333333333
2019-03-04 12:00:00,1.1337
2019-03-04 16:00:00,1.1328133333333334
2019-03-04 20:00:00,1.1331741666666666
2019-03-05 00:00:00,1.1336466666666667
2019-03-05 04:00:00,1.1331483333333332
2019-03-05 08:00:00,1.1326358333333333
2019-03-05 12:00:00,1.1327658333333335
2019-03-05 16:00:00,1.1315041666666668
2019-03-05 20:00:00,1.1301858333333332
2019-03-06 00:00:00,1.1302783333333335
2019-03-06 04:00:00,1.1296716666666666
2019-03-06 08:00:00,1.1300191666666666
2019-03-06 12:00:00,1.1302125
2019-03-06 16:00:00,1.1310891666666667
2019-03-06 20:00:00,1.130865
2019-03-07 00:00:00,1.1309083333333332
2019-03-07 04:00:00,1.1306241666666668
2019-03-07 08:00:00,1.1305749999999999
2019-03-07 12:00:00,1.1306433333333334
2019-03-07 16:00:00,1.1239833333333333
2019-03-07 20:00:00,1.1203475
2019-03-08 00:00:00,1.1191308333333334
2019-03-08 04:00:00,1.1194250000000001
2019-03-08 08:00:00,1.1204158333333334
2019-03-08 12:00:00,1.1215058333333334
2019-03-08 16:00:00,1.12314
2019-03-08 20:00:00,1.1239141666666668
2019-03-11 00:00:00,1.1230924999999998
2019-03-11 04:00:00,1.123035
2019-03-11 08:00:00,1.1239858333333332
2019-03-11 12:00:00,1.1243908333333335
2019-03-11 16:00:00,1.1236758333333332
2019-03-11 20:00:00,1.1241708333333333
2019-03-12 00:00:00,1.1256341666666667
2019-03-12 04:00:00,1.1259175
2019-03-12 08:00:00,1.1262233333333334
2019-03-12 12:00:00,1.1269283333333333
2019-03-12 16:00:00,1.1279025
2019-03-12 20:00:00,1.1292650000000002
2019-03-13 00:00:00,1.1287200000000002
2019-03-13 04:00:00,1.1285
2019-03-13 08:00:00,1.128535
2019-03-13 12:00:00,1.1295666666666668
2019-03-13 16:00:00,1.1306041666666666
2019-03-13 20:00:00,1.1321116666666668
2019-03-14 00:00:00,1.1330141666666667
2019-03-14 04:00:00,1.1323583333333334
2019-03-14 08:00:00,1.1321233333333334
2019-03-14 12:00:00,1.13071
2019-03-14 16:00:00,1.1300358333333334
2019-03-14 20:00:00,1.1301083333333333
2019-03-15 00:00:00,1.1304675
2019-03-15 04:00:00,1.1316091666666666
2019-03-15 08:00:00,1.1319816666666669
2019-03-15 12:00:00,1.1316358333333334
2019-03-15 16:00:00,1.132595
2019-03-15 20:00:00,1.1320725
2019-03-18 00:00:00,1.1321850000000002
2019-03-18 04:00:00,1.1330783333333332
2019-03-18 08:00:00,1.1340983333333334
2019-03-18 12:00:00,1.1350458333333333
2019-03-18 16:00:00,1.1339766666666666
2019-03-18 20:00:00,1.1334858333333333
2019-03-19 00:00:00,1.1335516666666667
2019-03-19 04:00:00,1.134265833333333
2019-03-19 08:00:00,1.1347566666666666
2019-03-19 12:00:00,1.135335
2019-03-19 16:00:00,1.1349166666666668
2019-03-19 20:00:00,1.1353258333333334
2019-03-20 00:00:00,1.1350941666666667
2019-03-20 04:00:00,1.1346391666666666
2019-03-20 08:00:00,1.1345491666666665
2019-03-20 12:00:00,1.1352525
2019-03-20 16:00:00,1.1354858333333333
2019-03-20 20:00:00,1.1404808333333334
2019-03-21 00:00:00,1.1424425
2019-03-21 04:00:00,1.1427241666666665
2019-03-21 08:00:00,1.1415433333333334
2019-03-21 12:00:00,1.1393441666666666
2019-03-21 16:00:00,1.1369183333333335
2019-03-21 20:00:00,1.1358858333333333
2019-03-22 00:00:00,1.1371891666666667
2019-03-22 04:00:00,1.1372499999999999
2019-03-22 08:00:00,1.1366358333333333
2019-03-22 12:00:00,1.1303708333333333
2019-03-22 16:00:00,1.1289783333333334
2019-03-22 20:00:00,1.1294141666666666
2019-03-25 00:00:00,1.1293341666666667
2019-03-25 04:00:00,1.1296066666666666
2019-03-25 08:00:00,1.13039
2019-03-25 12:00:00,1.1314408333333335
2019-03-25 16:00:00,1.1318675
2019-03-25 20:00:00,1.1313816666666665
2019-03-26 00:00:00,1.1314216666666665
2019-03-26 04:00:00,1.1315191666666666
2019-03-26 08:00:00,1.1308666666666667
2019-03-26 12:00:00,1.1310791666666666
2019-03-26 16:00:00,1.1287641666666666
2019-03-26 20:00:00,1.1275158333333333
2019-03-27 00:00:00,1.1270399999999998
2019-03-27 04:00:00,1.1255566666666668
2019-03-27 08:00:00,1.1260191666666666
2019-03-27 12:00:00,1.1276641666666667
2019-03-27 16:00:00,1.1254233333333334
2019-03-27 20:00:00,1.1254024999999999
2019-03-28 00:00:00,1.1249608333333332
2019-03-28 04:00:00,1.12516
2019-03-28 08:00:00,1.1250958333333334
2019-03-28 12:00:00,1.1240966666666667
2019-03-28 16:00:00,1.1226483333333335
2019-03-28 20:00:00,1.122695
2019-03-29 00:00:00,1.1227241666666667
2019-03-29 04:00:00,1.1227758333333333
2019-03-29 08:00:00,1.1231483333333334
2019-03-29 12:00:00,1.1225191666666665
2019-03-29 16:00:00,1.12289
2019-03-29 20:00:00,1.1217691666666667
2019-04-01 00:00:00,1.1223733333333334
2019-04-01 04:00:00,1.1229933333333333
2019-04-01 08:00:00,1.1237675
2019-04-01 12:00:00,1.1235024999999998
2019-04-01 16:00:00,1.12194
2019-04-01 20:00:00,1.1209341666666666
2019-04-02 00:00:00,1.1204633333333334
2019-04-02 04:00:00,1.1201341666666667
2019-04-02 08:00:00,1.1200866666666667
2019-04-02 12:00:00,1.1202133333333333
2019-04-02 16:00:00,1.1193933333333335
2019-04-02 20:00:00,1.1199175000000001
2019-04-03 00:00:00,1.1204625
2019-04-03 04:00:00,1.1221383333333335
2019-04-03 08:00:00,1.122925
2019-04-03 12:00:00,1.1243875
2019-04-03 16:00:00,1.1236158333333335
2019-04-03 20:00:00,1.1239466666666666
2019-04-04 00:00:00,1.124045
2019-04-04 04:00:00,1.1241058333333334
2019-04-04 08:00:00,1.1239416666666666
2019-04-04 12:00:00,1.1224558333333334
2019-04-04 16:00:00,1.1215466666666667
2019-04-04 20:00:00,1.1220308333333333
2019-04-05 00:00:00,1.1221258333333335
2019-04-05 04:00:00,1.1224075
2019-04-05 08:00:00,1.12286
2019-04-05 12:00:00,1.1228741666666668
2019-04-05 16:00:00,1.1221408333333334
2019-04-05 20:00:00,1.1214833333333334
2019-04-08 00:00:00,1.1216408333333332
2019-04-08 04:00:00,1.1224691666666666
2019-04-08 08:00:00,1.1227758333333333
2019-04-08 12:00:00,1.1244675
2019-04-08 16:00:00,1.1264583333333333
2019-04-08 20:00:00,1.1261183333333333
2019-04-09 00:00:00,1.1258083333333333
2019-04-09 04:00:00,1.126475
2019-04-09 08:00:00,1.1265883333333335
2019-04-09 12:00:00,1.1275425
2019-04-09 16:00:00,1.1275075
2019-04-09 20:00:00,1.1264933333333333
2019-04-10 00:00:00,1.1263233333333333
2019-04-10 04:00:00,1.125890833333333
2019-04-10 08:00:00,1.1265816666666666
2019-04-10 12:00:00,1.1272641666666667
2019-04-10 16:00:00,1.1255674999999998
2019-04-10 20:00:00,1.1272175
2019-04-11 00:00:00,1.1274791666666668
2019-04-11 04:00:00,1.1276133333333334
2019-04-11 08:00:00,1.127975
2019-04-11 12:00:00,1.1272658333333332
2019-04-11 16:00:00,1.1265291666666664
2019-04-11 20:00:00,1.1255233333333332
2019-04-12 00:00:00,1.1262083333333333
2019-04-12 04:00:00,1.1287375
2019-04-12 08:00:00,1.1289466666666668
2019-04-12 12:00:00,1.1312358333333334
2019-04-12 16:00:00,1.1310016666666667
2019-04-12 20:00:00,1.1295983333333335
2019-04-15 00:00:00,1.1302641666666666
2019-04-15 04:00:00,1.1309600000000002
2019-04-15 08:00:00,1.1311991666666668
2019-04-15 12:00:00,1.1311483333333332
2019-04-15 16:00:00,1.1305275
2019-04-15 20:00:00,1.1302608333333333
2019-04-16 00:00:00,1.1302466666666666
2019-04-16 04:00:00,1.1299141666666666
2019-04-16 08:00:00,1.1305825
2019-04-16 12:00:00,1.1299025
2019-04-16 16:00:00,1.1293833333333334
2019-04-16 20:00:00,1.12846
2019-04-17 00:00:00,1.1283275000000001
2019-04-17 04:00:00,1.1297825
2019-04-17 08:00:00,1.1311241666666667
2019-04-17 12:00:00,1.1306933333333333
2019-04-17 16:00:00,1.1298316666666666
2019-04-17 20:00:00,1.1297725
2019-04-18 00:00:00,1.12966
2019-04-18 04:00:00,1.1293358333333332
2019-04-18 08:00:00,1.1283558333333334
2019-04-18 12:00:00,1.1250708333333332
2019-04-18 16:00:00,1.1240491666666668
2019-04-18 20:00:00,1.1228858333333334
2019-04-19 00:00:00,1.1234000000000002
2019-04-19 04:00:00,1.1237283333333332
2019-04-19 08:00:00,1.1242883333333333
2019-04-19 12:00:00,1.1244625
2019-04-19 16:00:00,1.12445
2019-04-19 20:00:00,1.12429
2019-04-22 00:00:00,1.12417
2019-04-22 04:00:00,1.12386
2019-04-22 08:00:00,1.1243025
2019-04-22 12:00:00,1.1248691666666666
2019-04-22 16:00:00,1.1254875
2019-04-22 20:00:00,1.1258566666666665
2019-04-23 00:00:00,1.1255575
2019-04-23 04:00:00,1.1249733333333336
2019-04-23 08:00:00,1.1247591666666668
2019-04-23 12:00:00,1.1245383333333332
2019-04-23 16:00:00,1.1208508333333334
2019-04-23 20:00:00,1.1217725
2019-04-24 00:00:00,1.1221466666666666
2019-04-24 04:00:00,1.1213216666666668
2019-04-24 08:00:00,1.1211141666666666
2019-04-24 12:00:00,1.1209883333333335
2019-04-24 16:00:00,1.1188925
2019-04-24 20:00:00,1.1153
2019-04-25 00:00:00,1.1153108333333335
2019-04-25 04:00:00,1.1154525
2019-04-25 08:00:00,1.1152058333333332
2019-04-25 12:00:00,1.1130666666666666
2019-04-25 16:00:00,1.1139908333333333
2019-04-25 20:00:00,1.1131166666666668
2019-04-26 00:00:00,1.113305
2019-04-26 04:00:00,1.1134983333333335
2019-04-26 08:00:00,1.1139516666666667
2019-04-26 12:00:00,1.1137408333333334
2019-04-26 16:00:00,1.1157441666666668
2019-04-26 20:00:00,1.1151725
2019-04-29 00:00:00,1.1147908333333332
2019-04-29 04:00:00,1.1154091666666668
2019-04-29 08:00:00,1.1159966666666665
2019-04-29 12:00:00,1.115555
2019-04-29 16:00:00,1.1163833333333333
2019-04-29 20:00:00,1.118205
2019-04-30 00:00:00,1.1184266666666667
2019-04-30 04:00:00,1.11868
2019-04-30 08:00:00,1.1186791666666667
2019-04-30 12:00:00,1.1214024999999999
2019-04-30 16:00:00,1.1211583333333333
2019-04-30 20:00:00,1.1217658333333334
2019-05-01 00:00:00,1.12138
2019-05-01 04:00:00,1.1216591666666667
2019-05-01 08:00:00,1.1221116666666666
2019-05-01 12:00:00,1.1232666666666666
2019-05-01 16:00:00,1.1237724999999998
2019-05-01 20:00:00,1.1212108333333335
2019-05-02 00:00:00,1.1200366666666666
2019-05-02 04:00:00,1.1205266666666667
2019-05-02 08:00:00,1.12047
2019-05-02 12:00:00,1.1202091666666667
2019-05-02 16:00:00,1.1181691666666667
2019-05-02 20:00:00,1.1174341666666665
2019-05-03 00:00:00,1.1173058333333334
2019-05-03 04:00:00,1.1172783333333334
2019-05-03 08:00:00,1.1165725
2019-05-03 12:00:00,1.1153433333333334
2019-05-03 16:00:00,1.1181966666666665
2019-05-03 20:00:00,1.1196000000000002
2019-05-06 00:00:00,1.1184658333333333
2019-05-06 04:00:00,1.1190116666666667
2019-05-06 08:00:00,1.118835
2019-05-06 12:00:00,1.11929
2019-05-06 16:00:00,1.1193875
2019-05-06 20:00:00,1.1202066666666668
2019-05-07 00:00:00,1.1197291666666667
2019-05-07 04:00:00,1.1205358333333333
2019-05-07 08:00:00,1.1205183333333335
2019-05-07 12:00:00,1.1192583333333335
2019-05-07 16:00:00,1.1180866666666667
2019-05-07 20:00:00,1.1183241666666666
2019-05-08 00:00:00,1.1190975
2019-05-08 04:00:00,1.120055
2019-05-08 08:00:00,1.1203949999999998
2019-05-08 12:00:00,1.11998
2019-05-08 16:00:00,1.1199741666666667
2019-05-08 20:00:00,1.1190200000000001
2019-05-09 00:00:00,1.1194099999999998
2019-05-09 04:00:00,1.119045
2019-05-09 08:00:00,1.11917
2019-05-09 12:00:00,1.1191466666666667
2019-05-09 16:00:00,1.1226208333333334
2019-05-09 20:00:00,1.1219716666666666
2019-05-10 00:00:00,1.1219208333333333
2019-05-10 04:00:00,1.1228908333333332
2019-05-10 08:00:00,1.1226225
2019-05-10 12:00:00,1.123255
2019-05-10 16:00:00,1.1241658333333333
2019-05-10 20:00:00,1.1232158333333333
2019-05-13 00:00:00,1.123445
2019-05-13 04:00:00,1.1230966666666666
2019-05-13 08:00:00,1.1229916666666666
2019-05-13 12:00:00,1.1238275
2019-05-13 16:00:00,1.1242533333333333
2019-05-13 20:00:00,1.1229883333333333
2019-05-14 00:00:00,1.1228308333333334
2019-05-14 04:00:00,1.1235341666666667
2019-05-14 08:00:00,1.1237433333333333
2019-05-14 12:00:00,1.1229025
2019-05-14 16:00:00,1.1209833333333332
2019-05-14 20:00:00,1.1207733333333334
2019-05-15 00:00:00,1.12045
2019-05-15 04:00:00,1.1206258333333334
2019-05-15 08:00:00,1.1209816666666668
2019-05-15 12:00:00,1.1192625
2019-05-15 16:00:00,1.1200016666666668
2019-05-15 20:00:00,1.1202783333333333
2019-05-16 00:00:00,1.1205208333333334
2019-05-16 04:00:00,1.1207416666666667
2019-05-16 08:00:00,1.1209683333333333
2019-05-16 12:00:00,1.1204433333333335
2019-05-16 16:00:00,1.1179833333333333
2019-05-16 20:00:00,1.1173983333333335
2019-05-17 00:00:00,1.1172783333333334
2019-05-17 04:00:00,1.1177149999999998
2019-05-17 08:00:00,1.1175758333333334
2019-05-17 12:00:00,1.1167566666666668
2019-05-17 16:00:00,1.1166091666666667
2019-05-17 20:00:00,1.11606
2019-05-20 00:00:00,1.1162041666666667
2019-05-20 04:00:00,1.1157558333333335
2019-05-20 08:00:00,1.1155674999999998
2019-05-20 12:00:00,1.1158816666666667
2019-05-20 16:00:00,1.1166075000000002
2019-05-20 20:00:00,1.1166091666666667
2019-05-21 00:00:00,1.1166758333333333
2019-05-21 04:00:00,1.1163358333333333
2019-05-21 08:00:00,1.1150891666666667
2019-05-21 12:00:00,1.114995
2019-05-21 16:00:00,1.1162466666666666
2019-05-21 20:00:00,1.1159283333333332
2019-05-22 00:00:00,1.1162241666666668
2019-05-22 04:00:00,1.1160475
2019-05-22 08:00:00,1.1153916666666666
2019-05-22 12:00:00,1.1167933333333333
2019-05-22 16:00:00,1.1157933333333334
2019-05-22 20:00:00,1.115605
2019-05-23 04:00:00,1.1152358333333332
2019-05-23 08:00:00,1.1142575
2019-05-23 12:00:00,1.113555
2019-05-23 16:00:00,1.1152966666666666
2019-05-23 20:00:00,1.1180091666666667
2019-05-24 00:00:00,1.1180741666666667
2019-05-24 04:00:00,1.1180508333333334
2019-05-24 08:00:00,1.1188266666666666
2019-05-24 12:00:00,1.1187941666666665
2019-05-24 16:00:00,1.1199541666666666
2019-05-24 20:00:00,1.1206716666666667
2019-05-27 00:00:00,1.1207416666666667
2019-05-27 04:00:00,1.1210533333333332
2019-05-27 08:00:00,1.1201383333333332
2019-05-27 12:00:00,1.1194208333333333
2019-05-27 16:00:00,1.1191666666666666
2019-05-27 20:00:00,1.1190200000000001
2019-05-28 00:00:00,1.1192166666666667
2019-05-28 04:00:00,1.1182483333333333
2019-05-28 08:00:00,1.1184708333333333
2019-05-28 12:00:00,1.1189516666666666
2019-05-28 16:00:00,1.1178366666666666
2019-05-28 20:00:00,1.116495
2019-05-29 00:00:00,1.116555
2019-05-29 04:00:00,1.1164633333333334
2019-05-29 08:00:00,1.11586
2019-05-29 12:00:00,1.115325
2019-05-29 16:00:00,1.1138891666666666
2019-05-29 20:00:00,1.1132566666666666
2019-05-30 00:00:00,1.1135958333333333
2019-05-30 04:00:00,1.1138416666666666
2019-05-30 08:00:00,1.1133275
2019-05-30 12:00:00,1.1136658333333334
2019-05-30 16:00:00,1.1129375
2019-05-30 20:00:00,1.1134016666666666
2019-05-31 00:00:00,1.1130991666666668
2019-05-31 04:00:00,1.1132325
2019-05-31 08:00:00,1.1137458333333332
2019-05-31 12:00:00,1.1149291666666667
2019-05-31 16:00:00,1.1153591666666667
2019-05-31 20:00:00,1.1168749999999998
2019-06-03 00:00:00,1.1171133333333334
2019-06-03 04:00:00,1.118300833333333
2019-06-03 08:00:00,1.11714
2019-06-03 12:00:00,1.1182166666666666
2019-06-03 16:00:00,1.1203400000000001
2019-06-03 20:00:00,1.124525
2019-06-04 00:00:00,1.1245266666666667
2019-06-04 04:00:00,1.124975
2019-06-04 08:00:00,1.1257191666666666
2019-06-04 12:00:00,1.1248716666666667
2019-06-04 16:00:00,1.1240141666666668
2019-06-04 20:00:00,1.12561
2019-06-05 00:00:00,1.1253433333333334
2019-06-05 04:00:00,1.1260866666666667
2019-06-05 08:00:00,1.1266208333333334
2019-06-05 12:00:00,1.1272691666666668
2019-06-05 16:00:00,1.1256724999999999
2019-06-05 20:00:00,1.1226308333333335
2019-06-06 00:00:00,1.1226991666666666
2019-06-06 04:00:00,1.1227725
2019-06-06 08:00:00,1.1231875
2019-06-06 12:00:00,1.1249675
2019-06-06 16:00:00,1.1279766666666666
2019-06-06 20:00:00,1.1278308333333333
2019-06-07 00:00:00,1.1275291666666667
2019-06-07 04:00:00,1.1269241666666667
2019-06-07 08:00:00,1.1263141666666665
2019-06-07 12:00:00,1.1272625
2019-06-07 16:00:00,1.1328900000000002
2019-06-07 20:00:00,1.1335291666666665
2019-06-10 00:00:00,1.1319891666666666
2019-06-10 04:00:00,1.1311558333333334
2019-06-10 08:00:00,1.1301766666666668
2019-06-10 12:00:00,1.1304025
2019-06-10 16:00:00,1.1309966666666667
2019-06-10 20:00:00,1.1314816666666667
2019-06-11 00:00:00,1.1313458333333333
2019-06-11 04:00:00,1.1313416666666667
2019-06-11 08:00:00,1.1317766666666667
2019-06-11 12:00:00,1.1314858333333333
2019-06-11 16:00:00,1.1317841666666666
2019-06-11 20:00:00,1.1329741666666666
2019-06-12 00:00:00,1.1327566666666669
2019-06-12 04:00:00,1.13302
2019-06-12 08:00:00,1.133545
2019-06-12 12:00:00,1.1323491666666667
2019-06-12 16:00:00,1.131175
2019-06-12 20:00:00,1.1288675
2019-06-13 00:00:00,1.1291216666666666
2019-06-13 04:00:00,1.1293958333333334
2019-06-13 08:00:00,1.1295425000000001
2019-06-13 12:00:00,1.1288116666666665
2019-06-13 16:00:00,1.1274516666666667
2019-06-13 20:00:00,1.127735
2019-06-14 00:00:00,1.1277841666666666
2019-06-14 04:00:00,1.1273974999999998
2019-06-14 08:00:00,1.1277983333333332
2019-06-14 12:00:00,1.1258991666666667
2019-06-14 16:00:00,1.1224133333333333
2019-06-14 20:00:00,1.1208
2019-06-17 00:00:00,1.1213658333333334
2019-06-17 04:00:00,1.1219358333333334
2019-06-17 08:00:00,1.1212316666666666
2019-06-17 12:00:00,1.12227
2019-06-17 16:00:00,1.1231641666666667
2019-06-17 20:00:00,1.12179
2019-06-18 00:00:00,1.1221750000000001
2019-06-18 04:00:00,1.1230475
2019-06-18 08:00:00,1.1228191666666667
2019-06-18 12:00:00,1.119359166666667
2019-06-18 16:00:00,1.1195716666666666
2019-06-18 20:00:00,1.1194933333333332
2019-06-19 00:00:00,1.1195816666666667
2019-06-19 04:00:00,1.1192658333333334
2019-06-19 08:00:00,1.1195425
2019-06-19 12:00:00,1.1203508333333332
2019-06-19 16:00:00,1.121045
2019-06-19 20:00:00,1.1228383333333334
2019-06-20 00:00:00,1.1236483333333334
2019-06-20 04:00:00,1.1264708333333333
2019-06-20 08:00:00,1.1279291666666666
2019-06-20 12:00:00,1.130291666666667
2019-06-20 16:00:00,1.1290616666666666
2019-06-20 20:00:00,1.1291608333333334
2019-06-21 00:00:00,1.1292375000000001
2019-06-21 04:00:00,1.1300050000000001
2019-06-21 08:00:00,1.12971
2019-06-21 12:00:00,1.131005
2019-06-21 16:00:00,1.1325825000000003
2019-06-21 20:00:00,1.1365016666666667
2019-06-24 00:00:00,1.137625
2019-06-24 04:00:00,1.13796
2019-06-24 08:00:00,1.1379866666666667
2019-06-24 12:00:00,1.1391308333333332
2019-06-24 16:00:00,1.138845
2019-06-24 20:00:00,1.1394916666666666
2019-06-25 00:00:00,1.1397983333333332
2019-06-25 04:00:00,1.1405483333333333
2019-06-25 08:00:00,1.1393541666666667
2019-06-25 12:00:00,1.1383433333333333
2019-06-25 16:00:00,1.1382908333333335
2019-06-25 20:00:00,1.1368383333333334
2019-06-26 00:00:00,1.1365541666666668
2019-06-26 04:00:00,1.1355575
2019-06-26 08:00:00,1.1360999999999999
2019-06-26 12:00:00,1.1360875
2019-06-26 16:00:00,1.1372625
2019-06-26 20:00:00,1.137035
2019-06-27 00:00:00,1.1371916666666668
2019-06-27 04:00:00,1.1361741666666667
2019-06-27 08:00:00,1.1360541666666668
2019-06-27 12:00:00,1.137295
2019-06-27 16:00:00,1.1365441666666667
2019-06-27 20:00:00,1.1368883333333333
2019-06-28 00:00:00,1.1368908333333332
2019-06-28 04:00:00,1.1366158333333334
2019-06-28 08:00:00,1.1377216666666667
2019-06-28 12:00:00,1.1381091666666667
2019-06-28 16:00:00,1.1376591666666667
2019-06-28 20:00:00,1.1369241666666667
2019-07-01 00:00:00,1.1362025
2019-07-01 04:00:00,1.1351091666666666
2019-07-01 08:00:00,1.132735
2019-07-01 12:00:00,1.1338141666666668
2019-07-01 16:00:00,1.1318633333333334
2019-07-01 20:00:00,1.1285516666666666
2019-07-02 00:00:00,1.1285516666666666
2019-07-02 04:00:00,1.1282083333333333
2019-07-02 08:00:00,1.1290616666666666
2019-07-02 12:00:00,1.1300166666666667
2019-07-02 16:00:00,1.1299383333333333
2019-07-02 20:00:00,1.1291016666666667
2019-07-03 00:00:00,1.1288991666666668
2019-07-03 04:00:00,1.128885
2019-07-03 08:00:00,1.12829
2019-07-03 12:00:00,1.1289866666666666
2019-07-03 16:00:00,1.128388333333333
2019-07-03 20:00:00,1.1278141666666668
2019-07-04 00:00:00,1.1283808333333334
2019-07-04 04:00:00,1.1286216666666666
2019-07-04 08:00:00,1.1282691666666667
2019-07-04 12:00:00,1.1284524999999999
2019-07-04 16:00:00,1.1280083333333333
2019-07-04 20:00:00,1.1283316666666667
2019-07-05 00:00:00,1.128385
2019-07-05 04:00:00,1.1280608333333333
2019-07-05 08:00:00,1.1271541666666667
2019-07-05 12:00:00,1.1257925
2019-07-05 16:00:00,1.1219308333333333
2019-07-05 20:00:00,1.1221425
2019-07-08 00:00:00,1.1225358333333333
2019-07-08 04:00:00,1.1226433333333334
2019-07-08 08:00:00,1.1227575
2019-07-08 12:00:00,1.1221458333333334
2019-07-08 16:00:00,1.1214075000000001
2019-07-08 20:00:00,1.1212733333333333
2019-07-09 00:00:00,1.1214899999999999
2019-07-09 04:00:00,1.1212758333333332
2019-07-09 08:00:00,1.1208125
2019-07-09 12:00:00,1.1202041666666664
2019-07-09 16:00:00,1.1206108333333333
2019-07-09 20:00:00,1.1207683333333334
2019-07-10 00:00:00,1.1204683333333334
2019-07-10 04:00:00,1.1206108333333333
2019-07-10 08:00:00,1.1213466666666667
2019-07-10 12:00:00,1.1223725
2019-07-10 16:00:00,1.125085
2019-07-10 20:00:00,1.1253716666666667
2019-07-11 00:00:00,1.12568
2019-07-11 04:00:00,1.1270383333333331
2019-07-11 08:00:00,1.12723
2019-07-11 12:00:00,1.1270458333333333
2019-07-11 16:00:00,1.1256183333333332
2019-07-11 20:00:00,1.1254025
2019-07-12 00:00:00,1.1253516666666665
2019-07-12 04:00:00,1.1266541666666667
2019-07-12 08:00:00,1.1268175
2019-07-12 12:00:00,1.1252875
2019-07-12 16:00:00,1.1252624999999998
2019-07-12 20:00:00,1.1268966666666667
2019-07-15 00:00:00,1.1269925
2019-07-15 04:00:00,1.1269383333333334
2019-07-15 08:00:00,1.1274391666666665
2019-07-15 12:00:00,1.1272149999999999
2019-07-15 16:00:00,1.1261258333333335
2019-07-15 20:00:00,1.1257016666666666
2019-07-16 00:00:00,1.1259716666666668
2019-07-16 04:00:00,1.1259433333333333
2019-07-16 08:00:00,1.1251983333333333
2019-07-16 12:00:00,1.1224525
2019-07-16 16:00:00,1.1215866666666665
2019-07-16 20:00:00,1.1208175
2019-07-17 00:00:00,1.1209924999999998
2019-07-17 04:00:00,1.1212333333333333
2019-07-17 08:00:00,1.1209433333333334
2019-07-17 12:00:00,1.1215591666666667
2019-07-17 16:00:00,1.1223583333333331
2019-07-17 20:00:00,1.1223983333333334
2019-07-18 00:00:00,1.1228083333333334
2019-07-18 04:00:00,1.1236916666666668
2019-07-18 08:00:00,1.1238241666666666
2019-07-18 12:00:00,1.1221358333333333
2019-07-18 16:00:00,1.1220341666666667
2019-07-18 20:00:00,1.12588
2019-07-19 00:00:00,1.1262616666666667
2019-07-19 04:00:00,1.126265
2019-07-19 08:00:00,1.1258249999999999
2019-07-19 12:00:00,1.1234158333333333
2019-07-19 16:00:00,1.1224708333333333
2019-07-19 20:00:00,1.1219141666666668
2019-07-22 00:00:00,1.1215433333333333
2019-07-22 04:00:00,1.1215508333333333
2019-07-22 08:00:00,1.1217783333333333
2019-07-22 12:00:00,1.1215558333333333
2019-07-22 16:00:00,1.1218241666666666
2019-07-22 20:00:00,1.121189166666667
2019-07-23 00:00:00,1.1206183333333333
2019-07-23 04:00:00,1.1196041666666667
2019-07-23 08:00:00,1.118865
2019-07-23 12:00:00,1.1175925
2019-07-23 16:00:00,1.1154741666666665
2019-07-23 20:00:00,1.1150258333333334
2019-07-24 00:00:00,1.1150075000000002
2019-07-24 04:00:00,1.1144583333333333
2019-07-24 08:00:00,1.1143333333333332
2019-07-24 12:00:00,1.1143566666666667
2019-07-24 16:00:00,1.114455
2019-07-24 20:00:00,1.1137291666666667
2019-07-25 00:00:00,1.1140041666666667
2019-07-25 04:00:00,1.1135383333333333
2019-07-25 08:00:00,1.1130583333333333
2019-07-25 12:00:00,1.1133366666666666
2019-07-25 16:00:00,1.1159383333333333
2019-07-25 20:00:00,1.1143649999999998
2019-07-26 00:00:00,1.1145758333333333
2019-07-26 04:00:00,1.1147608333333334
2019-07-26 08:00:00,1.1140208333333332
2019-07-26 12:00:00,1.1135408333333334
2019-07-26 16:00:00,1.1124333333333334
2019-07-26 20:00:00,1.11249
2019-07-29 00:00:00,1.1129591666666665
2019-07-29 04:00:00,1.1131125000000002
2019-07-29 08:00:00,1.1122925
2019-07-29 12:00:00,1.1121483333333333
2019-07-29 16:00:00,1.1133491666666666
2019-07-29 20:00:00,1.11443
2019-07-30 00:00:00,1.1143433333333332
2019-07-30 04:00:00,1.1139691666666667
2019-07-30 08:00:00,1.1139091666666667
2019-07-30 12:00:00,1.1147833333333335
2019-07-30 16:00:00,1.114645
2019-07-30 20:00:00,1.1155041666666665
2019-07-31 00:00:00,1.1155316666666666
2019-07-31 04:00:00,1.1152900000000001
2019-07-31 08:00:00,1.1152791666666666
2019-07-31 12:00:00,1.1147
2019-07-31 16:00:00,1.1133708333333332
2019-07-31 20:00:00,1.109435
2019-08-01 00:00:00,1.1067125
2019-08-01 04:00:00,1.1047016666666667
2019-08-01 08:00:00,1.1042841666666667
2019-08-01 12:00:00,1.1035591666666669
2019-08-01 16:00:00,1.1054766666666667
2019-08-01 20:00:00,1.1084433333333332
2019-08-02 00:00:00,1.1081608333333333
2019-08-02 04:00:00,1.1080083333333333
2019-08-02 08:00:00,1.1092033333333333
2019-08-02 12:00:00,1.1095608333333333
2019-08-02 16:00:00,1.1103774999999998
2019-08-02 20:00:00,1.1108125
2019-08-05 00:00:00,1.1109908333333331
2019-08-05 04:00:00,1.1123725
2019-08-05 08:00:00,1.1128883333333333
2019-08-05 12:00:00,1.1165666666666667
2019-08-05 16:00:00,1.1190008333333334
2019-08-05 20:00:00,1.1201708333333333
2019-08-06 00:00:00,1.122695
2019-08-06 04:00:00,1.1218775
2019-08-06 08:00:00,1.1204049999999999
2019-08-06 12:00:00,1.1192275
2019-08-06 16:00:00,1.1186691666666666
2019-08-06 20:00:00,1.1197891666666666
2019-08-07 00:00:00,1.1203741666666667
2019-08-07 04:00:00,1.1211275
2019-08-07 08:00:00,1.1197575
2019-08-07 12:00:00,1.1190866666666668
2019-08-07 16:00:00,1.1226275000000001
2019-08-07 20:00:00,1.1210433333333332
2019-08-08 00:00:00,1.1203516666666666
2019-08-08 04:00:00,1.1208533333333333
2019-08-08 08:00:00,1.1212008333333332
2019-08-08 12:00:00,1.1201383333333332
2019-08-08 16:00:00,1.1206083333333334
2019-08-08 20:00:00,1.11903
2019-08-09 00:00:00,1.1187783333333334
2019-08-09 04:00:00,1.1194233333333332
2019-08-09 08:00:00,1.1191325
2019-08-09 12:00:00,1.1201016666666668
2019-08-09 16:00:00,1.1204633333333334
2019-08-09 20:00:00,1.12032
2019-08-12 00:00:00,1.120195
2019-08-12 04:00:00,1.1206708333333333
2019-08-12 08:00:00,1.1190674999999999
2019-08-12 12:00:00,1.11918
2019-08-12 16:00:00,1.1214883333333332
2019-08-12 20:00:00,1.1214408333333334
2019-08-13 00:00:00,1.1213175
2019-08-13 04:00:00,1.1194516666666667
2019-08-13 08:00:00,1.1191325
2019-08-13 12:00:00,1.12107
2019-08-13 16:00:00,1.1185258333333334
2019-08-13 20:00:00,1.1173975
2019-08-14 00:00:00,1.1173716666666667
2019-08-14 04:00:00,1.1172883333333334
2019-08-14 08:00:00,1.1174633333333333
2019-08-14 12:00:00,1.1179258333333335
2019-08-14 16:00:00,1.1149225
2019-08-14 20:00:00,1.1137091666666667
2019-08-15 00:00:00,1.1141133333333333
2019-08-15 04:00:00,1.1144608333333332
2019-08-15 08:00:00,1.1147333333333336
2019-08-15 12:00:00,1.1148775
2019-08-15 16:00:00,1.1107333333333334
2019-08-15 20:00:00,1.1108366666666667
2019-08-16 00:00:00,1.1106533333333335
2019-08-16 04:00:00,1.1099775
2019-08-16 08:00:00,1.1095208333333333
2019-08-16 12:00:00,1.1078616666666665
2019-08-16 16:00:00,1.1087866666666666
2019-08-16 20:00:00,1.1093549999999999
2019-08-19 00:00:00,1.1091575
2019-08-19 04:00:00,1.109095
2019-08-19 08:00:00,1.1096575
2019-08-19 12:00:00,1.1102208333333334
2019-08-19 16:00:00,1.1095641666666667
2019-08-19 20:00:00,1.1082891666666668
2019-08-20 00:00:00,1.1080891666666668
2019-08-20 04:00:00,1.1086
2019-08-20 08:00:00,1.1078141666666665
2019-08-20 12:00:00,1.1079591666666668
2019-08-20 16:00:00,1.1087458333333333
2019-08-20 20:00:00,1.1100258333333333
2019-08-21 00:00:00,1.1096366666666668
2019-08-21 04:00:00,1.109625
2019-08-21 08:00:00,1.1094075
2019-08-21 12:00:00,1.1099958333333333
2019-08-21 16:00:00,1.1097566666666667
2019-08-21 20:00:00,1.1088208333333334
2019-08-22 00:00:00,1.1087875
2019-08-22 04:00:00,1.1085825
2019-08-22 08:00:00,1.1090083333333334
2019-08-22 12:00:00,1.1077833333333333
2019-08-22 16:00:00,1.1084983333333334
2019-08-22 20:00:00,1.108235
2019-08-23 00:00:00,1.10808
2019-08-23 04:00:00,1.1071066666666667
2019-08-23 08:00:00,1.1068241666666667
2019-08-23 12:00:00,1.1059383333333335
2019-08-23 16:00:00,1.1106533333333335
2019-08-23 20:00:00,1.1142141666666667
2019-08-26 00:00:00,1.1146775
2019-08-26 04:00:00,1.114145
2019-08-26 08:00:00,1.1129866666666668
2019-08-26 12:00:00,1.1115308333333336
2019-08-26 16:00:00,1.1113383333333333
2019-08-26 20:00:00,1.1098949999999999
2019-08-27 00:00:00,1.11006
2019-08-27 04:00:00,1.1101975
2019-08-27 08:00:00,1.1105791666666667
2019-08-27 12:00:00,1.1105841666666665
2019-08-27 16:00:00,1.1096608333333333
2019-08-27 20:00:00,1.10908
2019-08-28 00:00:00,1.1089633333333333
2019-08-28 04:00:00,1.1086733333333332
2019-08-28 08:00:00,1.1088966666666666
2019-08-28 12:00:00,1.108775
2019-08-28 16:00:00,1.1079166666666667
2019-08-28 20:00:00,1.1078566666666667
2019-08-29 00:00:00,1.108265
2019-08-29 04:00:00,1.1082491666666665
2019-08-29 08:00:00,1.1080766666666666
2019-08-29 12:00:00,1.1073658333333334
2019-08-29 16:00:00,1.1062216666666667
2019-08-29 20:00:00,1.1053241666666667
2019-08-30 00:00:00,1.105655
2019-08-30 04:00:00,1.1045583333333333
2019-08-30 08:00:00,1.1040791666666667
2019-08-30 12:00:00,1.1039033333333332
2019-08-30 16:00:00,1.1012475
2019-08-30 20:00:00,1.0980608333333333
2019-09-02 00:00:00,1.09885
2019-09-02 04:00:00,1.0989408333333333
2019-09-02 08:00:00,1.0982291666666666
2019-09-02 12:00:00,1.0965675
2019-09-02 16:00:00,1.0967316666666667
2019-09-02 20:00:00,1.0968666666666667
2019-09-03 00:00:00,1.096335
2019-09-03 04:00:00,1.0937133333333335
2019-09-03 08:00:00,1.0942108333333334
2019-09-03 12:00:00,1.0937741666666667
2019-09-03 16:00:00,1.0958325000000002
2019-09-03 20:00:00,1.0969525
2019-09-04 00:00:00,1.097195
2019-09-04 04:00:00,1.097445
2019-09-04 08:00:00,1.0985608333333334
2019-09-04 12:00:00,1.1015
2019-09-04 16:00:00,1.1022183333333333
2019-09-04 20:00:00,1.1029891666666667
2019-09-05 00:00:00,1.1033466666666667
2019-09-05 04:00:00,1.1028816666666668
2019-09-05 08:00:00,1.10296
2019-09-05 12:00:00,1.1053508333333335
2019-09-05 16:00:00,1.1052258333333334
2019-09-05 20:00:00,1.1035883333333334
2019-09-06 00:00:00,1.1033683333333333
2019-09-06 04:00:00,1.1033333333333333
2019-09-06 08:00:00,1.1041925
2019-09-06 12:00:00,1.1030108333333335
2019-09-06 16:00:00,1.1043616666666667
2019-09-06 20:00:00,1.102925
2019-09-09 00:00:00,1.1022166666666668
2019-09-09 04:00:00,1.1025183333333333
2019-09-09 08:00:00,1.1028941666666667
2019-09-09 12:00:00,1.10346
2019-09-09 16:00:00,1.1056041666666667
2019-09-09 20:00:00,1.1051391666666666
2019-09-10 00:00:00,1.1046624999999999
2019-09-10 04:00:00,1.1043541666666667
2019-09-10 08:00:00,1.1044475
2019-09-10 12:00:00,1.1039566666666667
2019-09-10 16:00:00,1.1041208333333332
2019-09-10 20:00:00,1.1042133333333335
2019-09-11 00:00:00,1.1047116666666668
2019-09-11 04:00:00,1.1048283333333335
2019-09-11 08:00:00,1.104005
2019-09-11 12:00:00,1.1008958333333334
2019-09-11 16:00:00,1.0997491666666666
2019-09-11 20:00:00,1.1008116666666667
2019-09-12 00:00:00,1.1009741666666666
2019-09-12 04:00:00,1.1011799999999998
2019-09-12 08:00:00,1.1015925
2019-09-12 12:00:00,1.0999525
2019-09-12 16:00:00,1.1043783333333332
2019-09-12 20:00:00,1.1068158333333333
2019-09-13 00:00:00,1.1059808333333334
2019-09-13 04:00:00,1.1066391666666666
2019-09-13 08:00:00,1.1085741666666666
2019-09-13 12:00:00,1.1095666666666668
2019-09-13 16:00:00,1.1074275
2019-09-13 20:00:00,1.1072416666666667
2019-09-16 00:00:00,1.1076291666666667
2019-09-16 04:00:00,1.1074058333333332
2019-09-16 08:00:00,1.1069174999999998
2019-09-16 12:00:00,1.1042275
2019-09-16 16:00:00,1.1005933333333333
2019-09-16 20:00:00,1.1002116666666666
2019-09-17 00:00:00,1.1002058333333333
2019-09-17 04:00:00,1.1009058333333335
2019-09-17 08:00:00,1.1008708333333332
2019-09-17 12:00:00,1.1020216666666667
2019-09-17 16:00:00,1.1049091666666668
2019-09-17 20:00:00,1.1068991666666665
2019-09-18 00:00:00,1.1071075000000001
2019-09-18 04:00:00,1.106625
2019-09-18 08:00:00,1.1057041666666667
2019-09-18 12:00:00,1.1048041666666668
2019-09-18 16:00:00,1.10595
2019-09-18 20:00:00,1.104
2019-09-19 00:00:00,1.1028866666666668
2019-09-19 04:00:00,1.1033341666666665
2019-09-19 08:00:00,1.1046841666666667
2019-09-19 12:00:00,1.1064283333333333
2019-09-19 16:00:00,1.1052416666666667
2019-09-19 20:00:00,1.1048974999999999
2019-09-20 00:00:00,1.1043875
2019-09-20 04:00:00,1.1055283333333332
2019-09-20 08:00:00,1.1054841666666668
2019-09-20 12:00:00,1.1037933333333332
2019-09-20 16:00:00,1.1010516666666668
2019-09-20 20:00:00,1.1015366666666668
2019-09-23 00:00:00,1.1015899999999998
2019-09-23 04:00:00,1.1021708333333333
2019-09-23 08:00:00,1.099975
2019-09-23 12:00:00,1.0982558333333334
2019-09-23 16:00:00,1.0989683333333333
2019-09-23 20:00:00,1.0992583333333332
2019-09-24 00:00:00,1.09932
2019-09-24 04:00:00,1.0989341666666665
2019-09-24 08:00:00,1.0989525000000002
2019-09-24 12:00:00,1.0997291666666666
2019-09-24 16:00:00,1.1002608333333332
2019-09-24 20:00:00,1.1015575
2019-09-25 00:00:00,1.1014616666666668
2019-09-25 04:00:00,1.1000675
2019-09-25 08:00:00,1.0997758333333332
2019-09-25 12:00:00,1.0990083333333334
2019-09-25 16:00:00,1.0961841666666667
2019-09-25 20:00:00,1.0943
2019-09-26 00:00:00,1.0947775
2019-09-26 04:00:00,1.0958616666666665
2019-09-26 08:00:00,1.0948566666666666
2019-09-26 12:00:00,1.09347
2019-09-26 16:00:00,1.0942975000000001
2019-09-26 20:00:00,1.0922866666666666
2019-09-27 00:00:00,1.0917458333333334
2019-09-27 04:00:00,1.0919241666666668
2019-09-27 08:00:00,1.0918
2019-09-27 12:00:00,1.0932758333333334
2019-09-27 16:00:00,1.0940933333333334
2019-09-27 20:00:00,1.0940383333333332
2019-09-30 00:00:00,1.0940591666666666
2019-09-30 04:00:00,1.093285
2019-09-30 08:00:00,1.0936983333333332
2019-09-30 12:00:00,1.0914016666666666
2019-09-30 16:00:00,1.0903166666666666
2019-09-30 20:00:00,1.0899283333333334
2019-10-01 00:00:00,1.0897491666666665
2019-10-01 04:00:00,1.088905
2019-10-01 08:00:00,1.0887508333333333
2019-10-01 12:00:00,1.0897141666666668
2019-10-01 16:00:00,1.0914591666666666
2019-10-01 20:00:00,1.0932941666666667
2019-10-02 00:00:00,1.093225
2019-10-02 04:00:00,1.0935441666666668
2019-10-02 08:00:00,1.092285
2019-10-02 12:00:00,1.0921375
2019-10-02 16:00:00,1.0947466666666668
2019-10-02 20:00:00,1.0958916666666667
2019-10-03 00:00:00,1.0959641666666666
2019-10-03 04:00:00,1.0957633333333334
2019-10-03 08:00:00,1.0951658333333332
2019-10-03 12:00:00,1.0956108333333332
2019-10-03 16:00:00,1.0977433333333333
2019-10-03 20:00:00,1.0972941666666667
2019-10-04 00:00:00,1.0971833333333332
2019-10-04 04:00:00,1.0977316666666668
2019-10-04 08:00:00,1.0970300000000002
2019-10-04 12:00:00,1.0979133333333333
2019-10-04 16:00:00,1.0975
2019-10-04 20:00:00,1.0979083333333333
2019-10-07 00:00:00,1.098065
2019-10-07 04:00:00,1.0982741666666667
2019-10-07 08:00:00,1.0973783333333333
2019-10-07 12:00:00,1.09809
2019-10-07 16:00:00,1.0988975
2019-10-07 20:00:00,1.09739
2019-10-08 00:00:00,1.0969966666666666
2019-10-08 04:00:00,1.0973991666666667
2019-10-08 08:00:00,1.0980633333333334
2019-10-08 12:00:00,1.0987675000000001
2019-10-08 16:00:00,1.0959716666666668
2019-10-08 20:00:00,1.0952808333333333
2019-10-09 00:00:00,1.0955983333333332
2019-10-09 04:00:00,1.0962175
2019-10-09 08:00:00,1.0969066666666667
2019-10-09 12:00:00,1.0979433333333333
2019-10-09 16:00:00,1.097725
2019-10-09 20:00:00,1.0973650000000001
2019-10-10 00:00:00,1.0979766666666666
2019-10-11 00:00:00,1.0993016666666666
2019-10-11 04:00:00,1.1014950000000001
2019-10-11 08:00:00,1.1013483333333334
2019-10-11 12:00:00,1.103595
2019-10-11 16:00:00,1.1044141666666665
2019-10-11 20:00:00,1.1041275000000002
2019-10-14 00:00:00,1.1029733333333334
2019-10-14 04:00:00,1.1028650000000002
2019-10-14 08:00:00,1.1023925
2019-10-14 12:00:00,1.1030541666666667
2019-10-14 16:00:00,1.1024825
2019-10-14 20:00:00,1.1026583333333333
2019-10-15 00:00:00,1.1024883333333335
2019-10-15 04:00:00,1.1028558333333334
2019-10-15 08:00:00,1.1028766666666667
2019-10-15 12:00:00,1.10099
2019-10-15 16:00:00,1.1020375
2019-10-15 20:00:00,1.1030924999999998
2019-10-16 00:00:00,1.1031433333333334
2019-10-16 04:00:00,1.1028641666666665
2019-10-16 08:00:00,1.1038091666666665
2019-10-16 12:00:00,1.1032316666666666
2019-10-16 16:00:00,1.1060266666666667
2019-10-16 20:00:00,1.1072158333333333
2019-10-17 00:00:00,1.1074899999999999
2019-10-17 04:00:00,1.1077116666666667
2019-10-17 08:00:00,1.1075316666666668
2019-10-17 12:00:00,1.1114875
2019-10-17 16:00:00,1.1121983333333334
2019-10-17 20:00:00,1.112365
2019-10-18 00:00:00,1.1125083333333334
2019-10-18 04:00:00,1.1124033333333334
2019-10-18 08:00:00,1.1121891666666668
2019-10-18 12:00:00,1.1136008333333334
2019-10-18 16:00:00,1.1146224999999998
2019-10-18 20:00:00,1.11615
2019-10-21 00:00:00,1.11562
2019-10-21 04:00:00,1.1157458333333334
2019-10-21 08:00:00,1.116
2019-10-21 12:00:00,1.1165533333333333
2019-10-21 16:00:00,1.1149799999999999
2019-10-21 20:00:00,1.1148458333333333
2019-10-22 00:00:00,1.1149466666666668
2019-10-22 04:00:00,1.1150974999999999
2019-10-22 08:00:00,1.1147241666666667
2019-10-22 12:00:00,1.1137733333333333
2019-10-22 16:00:00,1.1134908333333333
2019-10-22 20:00:00,1.1132241666666667
2019-10-23 00:00:00,1.1126616666666664
2019-10-23 04:00:00,1.1120125
2019-10-23 08:00:00,1.1121916666666667
2019-10-23 12:00:00,1.1115249999999999
2019-10-23 16:00:00,1.1118458333333334
2019-10-23 20:00:00,1.1127766666666667
2019-10-24 00:00:00,1.1130683333333333
2019-10-24 04:00:00,1.1136133333333333
2019-10-24 08:00:00,1.1136891666666666
2019-10-24 12:00:00,1.1130133333333334
2019-10-24 16:00:00,1.1108516666666666
2019-10-24 20:00:00,1.1104541666666667
2019-10-25 00:00:00,1.1102475
2019-10-25 04:00:00,1.1102141666666667
2019-10-25 08:00:00,1.1110491666666666
2019-10-25 12:00:00,1.1110275
2019-10-25 16:00:00,1.1086283333333333
2019-10-25 20:00:00,1.10781
2019-10-28 00:00:00,1.1080516666666667
2019-10-28 04:00:00,1.107948333333333
2019-10-28 08:00:00,1.10887
2019-10-28 12:00:00,1.1093700000000002
2019-10-28 16:00:00,1.1092583333333335
2019-10-28 20:00:00,1.1099733333333333
2019-10-29 00:00:00,1.1098075
2019-10-29 04:00:00,1.1095058333333334
2019-10-29 08:00:00,1.1087841666666665
2019-10-29 12:00:00,1.1084008333333335
2019-10-29 16:00:00,1.110615
2019-10-29 20:00:00,1.1108883333333335
2019-10-30 00:00:00,1.1110816666666667
2019-10-30 04:00:00,1.110835
2019-10-30 08:00:00,1.1114841666666666
2019-10-30 12:00:00,1.1114608333333333
2019-10-30 16:00:00,1.11152
2019-10-30 20:00:00,1.1128425
2019-10-31 00:00:00,1.1153425
2019-10-31 04:00:00,1.1165808333333331
2019-10-31 08:00:00,1.1163666666666667
2019-10-31 12:00:00,1.1158249999999998
2019-10-31 16:00:00,1.1147416666666667
2019-10-31 20:00:00,1.1147216666666666
2019-11-01 00:00:00,1.1151975
2019-11-01 04:00:00,1.1163075
2019-11-01 08:00:00,1.1161866666666667
2019-11-01 12:00:00,1.1147133333333332
2019-11-01 16:00:00,1.1159066666666666
2019-11-01 20:00:00,1.11642
2019-11-04 00:00:00,1.1164158333333334
2019-11-04 04:00:00,1.1168325
2019-11-04 08:00:00,1.1166675000000001
2019-11-04 12:00:00,1.1162083333333332
2019-11-04 16:00:00,1.1151108333333335
2019-11-04 20:00:00,1.1133333333333333
2019-11-05 00:00:00,1.112625
2019-11-05 04:00:00,1.1123216666666669
2019-11-05 08:00:00,1.1129966666666666
2019-11-05 12:00:00,1.1120233333333334
2019-11-05 16:00:00,1.1083983333333334
2019-11-05 20:00:00,1.1067608333333334
2019-11-06 00:00:00,1.1071541666666667
2019-11-06 04:00:00,1.1074158333333333
2019-11-06 08:00:00,1.1077433333333333
2019-11-06 12:00:00,1.1086983333333333
2019-11-06 16:00:00,1.1080358333333333
2019-11-06 20:00:00,1.1068175
2019-11-07 00:00:00,1.1067508333333334
2019-11-07 04:00:00,1.1060533333333333
2019-11-07 08:00:00,1.1067241666666667
2019-11-07 12:00:00,1.1080416666666666
2019-11-07 16:00:00,1.1057041666666665
2019-11-07 20:00:00,1.1044883333333333
2019-11-08 00:00:00,1.1048491666666667
2019-11-08 04:00:00,1.1050483333333334
2019-11-08 08:00:00,1.1049616666666666
2019-11-08 12:00:00,1.1035141666666666
2019-11-08 16:00:00,1.1025433333333332
2019-11-08 20:00:00,1.1020633333333332
2019-11-11 00:00:00,1.1018925
2019-11-11 04:00:00,1.1020975000000002
2019-11-11 08:00:00,1.1025433333333334
2019-11-11 12:00:00,1.1030900000000001
2019-11-11 16:00:00,1.1036083333333333
2019-11-11 20:00:00,1.1035358333333334
2019-11-12 00:00:00,1.1032741666666666
2019-11-12 04:00:00,1.1030333333333333
2019-11-12 08:00:00,1.1030508333333333
2019-11-12 12:00:00,1.1022616666666667
2019-11-12 16:00:00,1.1014783333333333
2019-11-12 20:00:00,1.1009741666666666
2019-11-13 00:00:00,1.1009541666666667
2019-11-13 04:00:00,1.1012225
2019-11-13 08:00:00,1.1010333333333333
2019-11-13 12:00:00,1.1010766666666667
2019-11-13 16:00:00,1.1007075
2019-11-13 20:00:00,1.1002391666666667
2019-11-14 00:00:00,1.10064
2019-11-14 04:00:00,1.1002691666666666
2019-11-14 08:00:00,1.1001916666666667
2019-11-14 12:00:00,1.0996958333333333
2019-11-14 16:00:00,1.1001583333333333
2019-11-14 20:00:00,1.1020541666666666
2019-11-15 00:00:00,1.1020666666666665
2019-11-15 04:00:00,1.1025666666666667
2019-11-15 08:00:00,1.1020916666666667
2019-11-15 12:00:00,1.10261
2019-11-15 16:00:00,1.1044791666666667
2019-11-15 20:00:00,1.10527
2019-11-18 00:00:00,1.105175
2019-11-18 04:00:00,1.1060041666666667
2019-11-18 08:00:00,1.1060183333333333
2019-11-18 12:00:00,1.1060191666666666
2019-11-18 16:00:00,1.1069591666666667
2019-11-18 20:00:00,1.1077466666666669
2019-11-19 00:00:00,1.1070516666666668
2019-11-19 04:00:00,1.1071333333333335
2019-11-19 08:00:00,1.1073491666666666
2019-11-19 12:00:00,1.1071216666666666
2019-11-19 16:00:00,1.1076908333333333
2019-11-19 20:00:00,1.1078783333333333
2019-11-20 00:00:00,1.1077266666666667
2019-11-20 04:00:00,1.1073374999999999
2019-11-20 08:00:00,1.1068391666666666
2019-11-20 12:00:00,1.1060908333333332
2019-11-20 16:00:00,1.1066375000000002
2019-11-20 20:00:00,1.10683
2019-11-21 00:00:00,1.1074916666666668
2019-11-21 04:00:00,1.1075766666666667
2019-11-21 08:00:00,1.1075941666666667
2019-11-21 12:00:00,1.1084908333333334
2019-11-21 16:00:00,1.1075433333333333
2019-11-21 20:00:00,1.1058733333333333
2019-11-22 00:00:00,1.1060766666666666
2019-11-22 04:00:00,1.1062783333333335
2019-11-22 08:00:00,1.1067916666666666
2019-11-22 12:00:00,1.1058858333333332
2019-11-22 16:00:00,1.1042925000000001
2019-11-22 20:00:00,1.1022866666666666
2019-11-25 00:00:00,1.101985
2019-11-25 04:00:00,1.1021741666666667
2019-11-25 08:00:00,1.1026325
2019-11-25 12:00:00,1.1013833333333334
2019-11-25 16:00:00,1.1012908333333333
2019-11-25 20:00:00,1.1008133333333334
2019-11-26 00:00:00,1.1009783333333334
2019-11-26 04:00:00,1.1011516666666665
2019-11-26 08:00:00,1.1014300000000001
2019-11-26 12:00:00,1.1016308333333333
2019-11-26 16:00:00,1.1014274999999998
2019-11-26 20:00:00,1.1020241666666668
2019-11-27 00:00:00,1.1021008333333335
2019-11-27 04:00:00,1.1014541666666666
2019-11-27 08:00:00,1.1008891666666667
2019-11-27 12:00:00,1.1007016666666667
2019-11-27 16:00:00,1.099955
2019-11-27 20:00:00,1.1001366666666668
2019-11-28 00:00:00,1.1002866666666666
2019-11-28 04:00:00,1.1005591666666668
2019-11-28 08:00:00,1.1009016666666667
2019-11-28 12:00:00,1.1008358333333335
2019-11-28 16:00:00,1.1005449999999999
2019-11-28 20:00:00,1.1007516666666668
2019-11-29 00:00:00,1.1008624999999999
2019-11-29 04:00:00,1.1010283333333333
2019-11-29 08:00:00,1.1009158333333333
2019-11-29 12:00:00,1.1000841666666668
2019-11-29 16:00:00,1.1006066666666667
2019-11-29 20:00:00,1.1017225
2019-12-02 00:00:00,1.1018541666666666
2019-12-02 04:00:00,1.1017958333333335
2019-12-02 08:00:00,1.1017191666666668
2019-12-02 12:00:00,1.1012383333333333
2019-12-02 16:00:00,1.1052716666666667
2019-12-02 20:00:00,1.1077175000000001
2019-12-03 00:00:00,1.1076700000000002
2019-12-03 04:00:00,1.1073225
2019-12-03 08:00:00,1.1076883333333334
2019-12-03 12:00:00,1.1076116666666667
2019-12-03 16:00:00,1.1079583333333334
2019-12-03 20:00:00,1.1083824999999998
2019-12-04 00:00:00,1.1080925
2019-12-04 04:00:00,1.1078108333333334
2019-12-04 08:00:00,1.1076758333333334
2019-12-04 12:00:00,1.1073708333333334
2019-12-04 16:00:00,1.1092791666666666
2019-12-04 20:00:00,1.1074733333333335
2019-12-05 00:00:00,1.1078383333333335
2019-12-05 04:00:00,1.108305
2019-12-05 08:00:00,1.1082933333333336
2019-12-05 12:00:00,1.1091141666666666
2019-12-05 16:00:00,1.1096258333333333
2019-12-05 20:00:00,1.1101108333333334
2019-12-06 00:00:00,1.1103541666666668
2019-12-06 04:00:00,1.1106433333333334
2019-12-06 08:00:00,1.1105441666666667
2019-12-06 12:00:00,1.1094933333333332
2019-12-06 16:00:00,1.1061166666666666
2019-12-06 20:00:00,1.1054333333333335
2019-12-09 00:00:00,1.1056658333333331
2019-12-09 04:00:00,1.1055016666666666
2019-12-09 08:00:00,1.1061533333333333
2019-12-09 12:00:00,1.1070025000000001
2019-12-09 16:00:00,1.1071025
2019-12-09 20:00:00,1.1061066666666666
2019-12-10 00:00:00,1.1063583333333336
2019-12-10 04:00:00,1.1067266666666666
2019-12-10 08:00:00,1.1068208333333334
2019-12-10 12:00:00,1.1077141666666668
2019-12-10 16:00:00,1.1083
2019-12-10 20:00:00,1.1090941666666667
2019-12-11 00:00:00,1.1090966666666666
2019-12-11 04:00:00,1.109205
2019-12-11 08:00:00,1.1085616666666667
2019-12-11 12:00:00,1.1080466666666668
2019-12-11 16:00:00,1.1087474999999998
2019-12-11 20:00:00,1.1112341666666667
2019-12-12 00:00:00,1.1132516666666668
2019-12-12 04:00:00,1.1140941666666666
2019-12-12 08:00:00,1.1137750000000002
2019-12-12 12:00:00,1.1130208333333333
2019-12-12 16:00:00,1.1126533333333335
2019-12-12 20:00:00,1.11138
2019-12-13 00:00:00,1.1163366666666668
2019-12-13 04:00:00,1.1174300000000001
2019-12-13 08:00:00,1.1169841666666667
2019-12-13 12:00:00,1.1177216666666667
2019-12-13 16:00:00,1.1149125000000002
2019-12-13 20:00:00,1.1118008333333331
2019-12-16 00:00:00,1.11234
2019-12-16 04:00:00,1.1129541666666667
2019-12-16 08:00:00,1.1138175000000001
2019-12-16 12:00:00,1.1138691666666665
2019-12-16 16:00:00,1.1145225
2019-12-16 20:00:00,1.1144183333333333
2019-12-17 00:00:00,1.1138858333333332
2019-12-17 04:00:00,1.1143183333333333
2019-12-17 08:00:00,1.1142750000000001
2019-12-17 12:00:00,1.1156875
2019-12-17 16:00:00,1.1151766666666667
2019-12-17 20:00:00,1.1149041666666666
2019-12-18 00:00:00,1.1148891666666667
2019-12-18 04:00:00,1.1135933333333332
2019-12-18 08:00:00,1.1133016666666666
2019-12-18 12:00:00,1.1129624999999999
2019-12-18 16:00:00,1.1118908333333333
2019-12-18 20:00:00,1.1116416666666666
2019-12-19 00:00:00,1.1115033333333333
2019-12-19 04:00:00,1.1125358333333333
2019-12-19 08:00:00,1.112735
2019-12-19 12:00:00,1.1131283333333333
2019-12-19 16:00:00,1.111815
2019-12-19 20:00:00,1.11252
2019-12-20 00:00:00,1.1120608333333335
2019-12-20 04:00:00,1.1115833333333334
2019-12-20 08:00:00,1.1117791666666668
2019-12-20 12:00:00,1.1108083333333334
2019-12-20 16:00:00,1.1085
2019-12-20 20:00:00,1.1071858333333333
2019-12-23 00:00:00,1.1076266666666668
2019-12-23 04:00:00,1.1078083333333333
2019-12-23 08:00:00,1.1082716666666668
2019-12-23 12:00:00,1.1080366666666666
2019-12-23 16:00:00,1.1084625
2019-12-23 20:00:00,1.1090683333333333
2019-12-24 00:00:00,1.1090175
2019-12-24 04:00:00,1.108765
2019-12-24 08:00:00,1.10859
2019-12-24 12:00:00,1.1075558333333335
2019-12-24 16:00:00,1.10831
2019-12-24 20:00:00,1.1084133333333335
2019-12-26 00:00:00,1.1085516666666666
2019-12-26 04:00:00,1.1090216666666666
2019-12-26 08:00:00,1.1089541666666667
2019-12-26 12:00:00,1.1088108333333333
2019-12-26 16:00:00,1.1095883333333334
2019-12-26 20:00:00,1.1103716666666665
2019-12-27 00:00:00,1.1097841666666666
2019-12-27 04:00:00,1.111395
2019-12-27 08:00:00,1.1124766666666668
2019-12-27 12:00:00,1.1144241666666668
2019-12-27 16:00:00,1.1161533333333333
2019-12-27 20:00:00,1.1181033333333334
2019-12-30 00:00:00,1.1177424999999999
2019-12-30 04:00:00,1.1197741666666667
2019-12-30 08:00:00,1.119825
2019-12-30 12:00:00,1.119355833333333
2019-12-30 16:00:00,1.1200816666666666
2019-12-30 20:00:00,1.1204308333333333
2019-12-31 00:00:00,1.1200050000000001
2019-12-31 04:00:00,1.1206725
2019-12-31 08:00:00,1.1206008333333333
2019-12-31 12:00:00,1.1219908333333333
2019-12-31 16:00:00,1.1226991666666666
2019-12-31 20:00:00,1.122145
2020-01-02 00:00:00,1.1215766666666667
2020-01-02 04:00:00,1.1215583333333332
2020-01-02 08:00:00,1.120645
2020-01-02 12:00:00,1.1195666666666666
2020-01-02 16:00:00,1.1185458333333334
2020-01-02 20:00:00,1.1167733333333334
2020-01-03 00:00:00,1.1171366666666667
2020-01-03 04:00:00,1.1172341666666665
2020-01-03 08:00:00,1.1161425
2020-01-03 12:00:00,1.1136425
2020-01-03 16:00:00,1.1154733333333333
2020-01-03 20:00:00,1.116655
2020-01-06 00:00:00,1.1160066666666666
2020-01-06 04:00:00,1.1164325
2020-01-06 08:00:00,1.1164575
2020-01-06 12:00:00,1.1195316666666666
2020-01-06 16:00:00,1.1189208333333331
2020-01-06 20:00:00,1.1191525
2020-01-07 00:00:00,1.1193833333333334
2020-01-07 04:00:00,1.1191766666666667
2020-01-07 08:00:00,1.11818
2020-01-07 12:00:00,1.1178608333333333
2020-01-07 16:00:00,1.1148366666666667
2020-01-07 20:00:00,1.1143333333333334
2020-01-08 00:00:00,1.11504
2020-01-08 04:00:00,1.1154666666666666
2020-01-08 08:00:00,1.11468
2020-01-08 12:00:00,1.112765
2020-01-08 16:00:00,1.1118891666666666
2020-01-08 20:00:00,1.1113533333333334
2020-01-09 00:00:00,1.1108775
2020-01-09 04:00:00,1.1115066666666666
2020-01-09 08:00:00,1.1114600000000001
2020-01-09 12:00:00,1.11069
2020-01-09 16:00:00,1.1105741666666666
2020-01-09 20:00:00,1.1105725
2020-01-10 00:00:00,1.1105908333333334
2020-01-10 04:00:00,1.1106316666666667
2020-01-10 08:00:00,1.1105816666666666
2020-01-10 12:00:00,1.1093775000000001
2020-01-10 16:00:00,1.1105216666666666
2020-01-10 20:00:00,1.1120691666666667
2020-01-13 00:00:00,1.1116408333333332
2020-01-13 04:00:00,1.1124575
2020-01-13 08:00:00,1.1126583333333333
2020-01-13 12:00:00,1.1119875000000001
2020-01-13 16:00:00,1.1127983333333333
2020-01-13 20:00:00,1.1138575
2020-01-14 00:00:00,1.1135000000000002
2020-01-14 04:00:00,1.1136125
2020-01-14 08:00:00,1.1138808333333334
2020-01-14 12:00:00,1.1129208333333334
2020-01-14 16:00:00,1.1118258333333333
2020-01-14 20:00:00,1.1129608333333332
2020-01-15 00:00:00,1.11263
2020-01-15 04:00:00,1.112955
2020-01-15 08:00:00,1.11308
2020-01-15 12:00:00,1.1138158333333332
2020-01-15 16:00:00,1.115135
2020-01-15 20:00:00,1.1153116666666667
2020-01-16 00:00:00,1.11512
2020-01-16 04:00:00,1.1152133333333332
2020-01-16 08:00:00,1.1150166666666665
2020-01-16 12:00:00,1.1158258333333333
2020-01-16 16:00:00,1.1143891666666665
2020-01-16 20:00:00,1.1134133333333334
2020-01-17 00:00:00,1.1135683333333333
2020-01-17 04:00:00,1.1134533333333334
2020-01-17 08:00:00,1.1136325
2020-01-17 12:00:00,1.1117366666666666
2020-01-17 16:00:00,1.1097175
2020-01-17 20:00:00,1.1091666666666666
2020-01-20 00:00:00,1.1091208333333333
2020-01-20 04:00:00,1.1095541666666668
2020-01-20 08:00:00,1.1095875
2020-01-20 12:00:00,1.1085491666666667
2020-01-20 16:00:00,1.1082091666666667
2020-01-20 20:00:00,1.1088841666666667
2020-01-21 00:00:00,1.1094416666666667
2020-01-21 04:00:00,1.1094308333333331
2020-01-21 08:00:00,1.10935
2020-01-21 12:00:00,1.1100116666666666
2020-01-21 16:00:00,1.1102433333333332
2020-01-21 20:00:00,1.1091674999999999
2020-01-22 00:00:00,1.1082966666666667
2020-01-22 04:00:00,1.1080658333333333
2020-01-22 08:00:00,1.1082116666666666
2020-01-22 12:00:00,1.1084383333333332
2020-01-22 16:00:00,1.1081233333333333
2020-01-22 20:00:00,1.1088166666666668
2020-01-23 00:00:00,1.1091558333333333
2020-01-23 04:00:00,1.1086058333333333
2020-01-23 08:00:00,1.1084791666666667
2020-01-23 12:00:00,1.1086958333333334
2020-01-23 16:00:00,1.1064116666666668
2020-01-23 20:00:00,1.1051258333333334
2020-01-24 00:00:00,1.1053633333333335
2020-01-24 04:00:00,1.1051250000000001
2020-01-24 08:00:00,1.1048641666666665
2020-01-24 12:00:00,1.1034674999999998
2020-01-24 16:00:00,1.1029541666666667
2020-01-24 20:00:00,1.1027358333333332
2020-01-27 00:00:00,1.1027125
2020-01-27 04:00:00,1.1029675
2020-01-27 08:00:00,1.1029816666666667
2020-01-27 12:00:00,1.1023041666666666
2020-01-27 16:00:00,1.1019775
2020-01-27 20:00:00,1.1014983333333332
2020-01-28 00:00:00,1.1017633333333332
2020-01-28 04:00:00,1.10205
2020-01-28 08:00:00,1.1018916666666667
2020-01-28 12:00:00,1.1013275
2020-01-28 16:00:00,1.1003516666666668
2020-01-28 20:00:00,1.1013083333333333
2020-01-29 00:00:00,1.1021466666666666
2020-01-29 04:00:00,1.1015041666666665
2020-01-29 08:00:00,1.1009491666666666
2020-01-29 12:00:00,1.0999891666666666
2020-01-29 16:00:00,1.0998266666666667
2020-01-29 20:00:00,1.1006833333333335
2020-01-30 00:00:00,1.1010633333333333
2020-01-30 04:00:00,1.101325
2020-01-30 08:00:00,1.1012391666666668
2020-01-30 12:00:00,1.1018825
2020-01-30 16:00:00,1.1027241666666665
2020-01-30 20:00:00,1.1033308333333334
2020-01-31 00:00:00,1.1030458333333333
2020-01-31 04:00:00,1.1026258333333332
2020-01-31 08:00:00,1.1022708333333333
2020-01-31 12:00:00,1.1033025
2020-01-31 16:00:00,1.1066408333333333
2020-01-31 20:00:00,1.1083966666666667
2020-02-03 00:00:00,1.1086624999999999
2020-02-03 04:00:00,1.1081975
2020-02-03 08:00:00,1.1077741666666667
2020-02-03 12:00:00,1.1065391666666666
2020-02-03 16:00:00,1.1055758333333332
2020-02-03 20:00:00,1.1060750000000001
2020-02-04 00:00:00,1.1059141666666668
2020-02-04 04:00:00,1.1058625
2020-02-04 08:00:00,1.1056591666666666
2020-02-04 12:00:00,1.1052558333333333
2020-02-04 16:00:00,1.1041883333333333
2020-02-04 20:00:00,1.1040966666666667
2020-02-05 00:00:00,1.1043049999999999
2020-02-05 04:00:00,1.1036225000000002
2020-02-05 08:00:00,1.103765
2020-02-05 12:00:00,1.1023033333333334
2020-02-05 16:00:00,1.100605
2020-02-05 20:00:00,1.0999374999999998
2020-02-06 00:00:00,1.0997241666666666
2020-02-06 04:00:00,1.0996458333333332
2020-02-06 08:00:00,1.0999583333333334
2020-02-06 12:00:00,1.1000275
2020-02-06 16:00:00,1.0986891666666667
2020-02-06 20:00:00,1.0975741666666665
2020-02-07 00:00:00,1.0979525
2020-02-07 04:00:00,1.0982108333333334
2020-02-07 08:00:00,1.0972816666666667
2020-02-07 12:00:00,1.095545
2020-02-07 16:00:00,1.0960566666666667
2020-02-07 20:00:00,1.0945125
2020-02-10 00:00:00,1.0946
2020-02-10 04:00:00,1.0952225000000002
2020-02-10 08:00:00,1.0951325
2020-02-10 12:00:00,1.0949133333333334
2020-02-10 16:00:00,1.0927266666666666
2020-02-10 20:00:00,1.091265
2020-02-11 00:00:00,1.0909958333333334
2020-02-11 04:00:00,1.0912491666666666
2020-02-11 08:00:00,1.091035
2020-02-11 12:00:00,1.0913166666666667
2020-02-11 16:00:00,1.0912266666666666
2020-02-11 20:00:00,1.09198
2020-02-12 00:00:00,1.0916391666666665
2020-02-12 04:00:00,1.0915266666666665
2020-02-12 08:00:00,1.0911766666666667
2020-02-12 12:00:00,1.0915041666666667
2020-02-12 16:00:00,1.0899633333333334
2020-02-12 20:00:00,1.0875116666666667
2020-02-13 00:00:00,1.08724
2020-02-13 04:00:00,1.0869883333333332
2020-02-13 08:00:00,1.0874916666666667
2020-02-13 12:00:00,1.0871491666666666
2020-02-13 16:00:00,1.085215
2020-02-13 20:00:00,1.0841941666666668
2020-02-14 00:00:00,1.0838091666666667
2020-02-14 04:00:00,1.0833733333333333
2020-02-14 08:00:00,1.0837233333333334
2020-02-14 12:00:00,1.0840941666666666
2020-02-14 16:00:00,1.08487
2020-02-14 20:00:00,1.0840358333333333
2020-02-17 00:00:00,1.0836066666666666
2020-02-17 04:00:00,1.0837275
2020-02-17 08:00:00,1.0839216666666667
2020-02-17 12:00:00,1.0842100000000001
2020-02-17 16:00:00,1.0835091666666667
2020-02-17 20:00:00,1.0832775
2020-02-18 00:00:00,1.0832558333333333
2020-02-18 04:00:00,1.0828408333333335
2020-02-18 08:00:00,1.0830716666666667
2020-02-18 12:00:00,1.0824858333333334
2020-02-18 16:00:00,1.0809508333333333
2020-02-18 20:00:00,1.0799308333333333
2020-02-19 00:00:00,1.0792866666666667
2020-02-19 04:00:00,1.0798983333333334
2020-02-19 08:00:00,1.07983
2020-02-19 12:00:00,1.0798524999999999
2020-02-19 16:00:00,1.079085
2020-02-19 20:00:00,1.0796575
2020-02-20 00:00:00,1.08077
2020-02-20 04:00:00,1.0797808333333334
2020-02-20 08:00:00,1.0791558333333335
2020-02-20 12:00:00,1.0794216666666667
2020-02-20 16:00:00,1.080355
2020-02-20 20:00:00,1.0791658333333334
2020-02-21 00:00:00,1.0786133333333334
2020-02-21 04:00:00,1.07909
2020-02-21 08:00:00,1.0796408333333332
2020-02-21 12:00:00,1.080375
2020-02-21 16:00:00,1.0834616666666665
2020-02-21 20:00:00,1.0854983333333335
2020-02-24 00:00:00,1.0834783333333333
2020-02-24 04:00:00,1.0823683333333332
2020-02-24 08:00:00,1.0817425
2020-02-24 12:00:00,1.0820158333333332
2020-02-24 16:00:00,1.0840658333333333
2020-02-24 20:00:00,1.0857091666666667
2020-02-25 00:00:00,1.0849866666666668
2020-02-25 04:00:00,1.0860008333333333
2020-02-25 08:00:00,1.0854558333333333
2020-02-25 12:00:00,1.0841183333333333
2020-02-25 16:00:00,1.0850958333333334
2020-02-25 20:00:00,1.0878841666666668
2020-02-26 00:00:00,1.0877408333333332
2020-02-26 04:00:00,1.0868341666666665
2020-02-26 08:00:00,1.0875916666666665
2020-02-26 12:00:00,1.0883975
2020-02-26 16:00:00,1.0868441666666666
2020-02-26 20:00:00,1.0886466666666668
2020-02-27 00:00:00,1.088495
2020-02-27 04:00:00,1.0905508333333334
2020-02-27 08:00:00,1.0918558333333335
2020-02-27 12:00:00,1.094395
2020-02-27 16:00:00,1.0977425
2020-02-27 20:00:00,1.0984658333333335
2020-02-28 00:00:00,1.0998549999999998
2020-02-28 04:00:00,1.0988775
2020-02-28 08:00:00,1.1004341666666666
2020-02-28 12:00:00,1.101825
2020-02-28 16:00:00,1.0980116666666668
2020-02-28 20:00:00,1.1013074999999999
2020-03-02 00:00:00,1.1045141666666667
2020-03-02 04:00:00,1.1055616666666668
2020-03-02 08:00:00,1.1056575
2020-03-02 12:00:00,1.1094775000000001
2020-03-02 16:00:00,1.1133475
2020-03-02 20:00:00,1.11617
2020-03-03 00:00:00,1.1135558333333333
2020-03-03 04:00:00,1.1136749999999997
2020-03-03 08:00:00,1.1133441666666666
2020-03-03 12:00:00,1.1117233333333334
2020-03-03 16:00:00,1.1143166666666666
2020-03-03 20:00:00,1.1173958333333334
2020-03-04 00:00:00,1.1172950000000001
2020-03-04 04:00:00,1.1163408333333333
2020-03-04 08:00:00,1.1158358333333334
2020-03-04 12:00:00,1.11435
2020-03-04 16:00:00,1.1123491666666667
2020-03-04 20:00:00,1.1131841666666666
2020-03-05 00:00:00,1.1134708333333334
2020-03-05 04:00:00,1.1138033333333333
2020-03-05 08:00:00,1.1132158333333333
2020-03-05 12:00:00,1.1172841666666666
2020-03-05 16:00:00,1.1188775
2020-03-05 20:00:00,1.1205908333333334
2020-03-06 00:00:00,1.1227533333333333
2020-03-06 04:00:00,1.1233975
2020-03-06 08:00:00,1.1237125
2020-03-06 12:00:00,1.1310208333333334
2020-03-06 16:00:00,1.1323916666666667
2020-03-06 20:00:00,1.1306491666666667
2020-03-09 00:00:00,1.1366808333333334
2020-03-09 04:00:00,1.1411933333333333
2020-03-09 08:00:00,1.140945
2020-03-09 12:00:00,1.141235
2020-03-09 16:00:00,1.1430633333333335
2020-03-09 20:00:00,1.1452
2020-03-10 00:00:00,1.1421291666666666
2020-03-10 04:00:00,1.1395983333333333
2020-03-10 08:00:00,1.1359916666666667
2020-03-10 12:00:00,1.135855
2020-03-10 16:00:00,1.1354058333333332
2020-03-10 20:00:00,1.1299141666666666
2020-03-11 00:00:00,1.1302875000000001
2020-03-11 04:00:00,1.1326158333333334
2020-03-11 08:00:00,1.1340291666666666
2020-03-11 12:00:00,1.1324841666666667
2020-03-11 16:00:00,1.130325
2020-03-11 20:00:00,1.1275966666666666
2020-03-12 00:00:00,1.1260949999999998
2020-03-12 04:00:00,1.1308808333333333
2020-03-12 08:00:00,1.1292183333333334
2020-03-12 12:00:00,1.1238616666666668
2020-03-12 16:00:00,1.1156766666666666
2020-03-12 20:00:00,1.1183091666666667
2020-03-13 00:00:00,1.1173875
2020-03-13 04:00:00,1.1199033333333333
2020-03-13 08:00:00,1.1196316666666668
2020-03-13 12:00:00,1.1157158333333335
2020-03-13 16:00:00,1.1096991666666667
2020-03-13 20:00:00,1.1087733333333332
2020-03-16 00:00:00,1.1151966666666666
2020-03-16 04:00:00,1.1109533333333335
2020-03-16 08:00:00,1.1155716666666666
2020-03-16 12:00:00,1.1180883333333334
2020-03-16 16:00:00,1.1134891666666666
2020-03-16 20:00:00,1.1167133333333332
2020-03-17 00:00:00,1.1167816666666668
2020-03-17 04:00:00,1.1174533333333332
2020-03-17 08:00:00,1.1149566666666666
2020-03-17 12:00:00,1.1039525
2020-03-17 16:00:00,1.0980358333333333
2020-03-17 20:00:00,1.0993516666666667
2020-03-18 00:00:00,1.1007275
2020-03-18 04:00:00,1.1013991666666667
2020-03-18 08:00:00,1.1002041666666666
2020-03-18 12:00:00,1.0981383333333334
2020-03-18 16:00:00,1.086735
2020-03-18 20:00:00,1.08709
2020-03-19 00:00:00,1.0924266666666667
2020-03-19 04:00:00,1.0896458333333334
2020-03-19 08:00:00,1.0886149999999999
2020-03-19 12:00:00,1.0795175
2020-03-19 16:00:00,1.0753300000000001
2020-03-19 20:00:00,1.0680108333333331
2020-03-20 00:00:00,1.0662608333333332
2020-03-20 04:00:00,1.0729933333333332
2020-03-20 08:00:00,1.0774816666666667
2020-03-20 12:00:00,1.0727875
2020-03-20 16:00:00,1.0697
2020-03-20 20:00:00,1.0666166666666665
2020-03-23 00:00:00,1.0680541666666667
2020-03-23 04:00:00,1.0717525
2020-03-23 08:00:00,1.0724866666666666
2020-03-23 12:00:00,1.0702508333333332
2020-03-23 16:00:00,1.0774083333333335
2020-03-23 20:00:00,1.0737991666666666
2020-03-24 00:00:00,1.075055
2020-03-24 04:00:00,1.0800625
2020-03-24 08:00:00,1.081655
2020-03-24 12:00:00,1.0853083333333333
2020-03-24 16:00:00,1.0797708333333333
2020-03-24 20:00:00,1.0768133333333334
2020-03-25 00:00:00,1.0790316666666668
2020-03-25 04:00:00,1.0808675
2020-03-25 08:00:00,1.0815458333333332
2020-03-25 12:00:00,1.0821333333333334
2020-03-25 16:00:00,1.0819158333333334
2020-03-25 20:00:00,1.0871733333333333
2020-03-26 00:00:00,1.0887375
2020-03-26 04:00:00,1.0909841666666666
2020-03-26 08:00:00,1.0915575
2020-03-26 12:00:00,1.0952575
2020-03-26 16:00:00,1.0998183333333333
2020-03-26 20:00:00,1.1036433333333333
2020-03-27 00:00:00,1.1035158333333333
2020-03-27 04:00:00,1.1056483333333333
2020-03-27 08:00:00,1.1040558333333332
2020-03-27 12:00:00,1.1004175
2020-03-27 16:00:00,1.1020841666666668
2020-03-27 20:00:00,1.1113041666666668
2020-03-30 00:00:00,1.11172
2020-03-30 04:00:00,1.1088366666666667
2020-03-30 08:00:00,1.1081241666666668
2020-03-30 12:00:00,1.1057258333333335
2020-03-30 16:00:00,1.1024308333333335
2020-03-30 20:00:00,1.1033175000000002
2020-03-31 00:00:00,1.1030408333333332
2020-03-31 04:00:00,1.1019866666666664
2020-03-31 08:00:00,1.1000716666666666
2020-03-31 12:00:00,1.0961325
2020-03-31 16:00:00,1.0979025
2020-03-31 20:00:00,1.1012925
2020-04-01 00:00:00,1.102833333333333
2020-04-01 04:00:00,1.1019525000000001
2020-04-01 08:00:00,1.0985075
2020-04-01 12:00:00,1.0935958333333333
2020-04-01 16:00:00,1.0927916666666666
2020-04-01 20:00:00,1.0936675
2020-04-02 00:00:00,1.0948608333333334
2020-04-02 04:00:00,1.0939725
2020-04-02 08:00:00,1.0937466666666666
2020-04-02 12:00:00,1.0914458333333332
2020-04-02 16:00:00,1.0859283333333334
2020-04-02 20:00:00,1.0844291666666666
2020-04-03 00:00:00,1.0847825
2020-04-03 04:00:00,1.0847091666666666
2020-04-03 08:00:00,1.0819025
2020-04-03 12:00:00,1.0796483333333333
2020-04-03 16:00:00,1.0790183333333332
2020-04-03 20:00:00,1.080485
2020-04-06 00:00:00,1.0810266666666666
2020-04-06 04:00:00,1.081446666666667
2020-04-06 08:00:00,1.081325833333333
2020-04-06 12:00:00,1.0800316666666667
2020-04-06 16:00:00,1.0795675
2020-04-06 20:00:00,1.07951
2020-04-07 00:00:00,1.0791683333333335
2020-04-07 04:00:00,1.0810708333333334
2020-04-07 08:00:00,1.0852958333333333
2020-04-07 12:00:00,1.088025
2020-04-07 16:00:00,1.0896275
2020-04-07 20:00:00,1.0900358333333333
2020-04-08 00:00:00,1.0888091666666666
2020-04-08 04:00:00,1.0866608333333334
2020-04-08 08:00:00,1.0860716666666665
2020-04-08 12:00:00,1.0868433333333334
2020-04-08 16:00:00,1.0868383333333334
2020-04-08 20:00:00,1.0859533333333333
2020-04-09 00:00:00,1.0859825
2020-04-09 04:00:00,1.0862749999999999
2020-04-09 08:00:00,1.0863466666666666
2020-04-09 12:00:00,1.0873508333333333
2020-04-09 16:00:00,1.0929683333333333
2020-04-09 20:00:00,1.0932791666666668
2020-04-10 00:00:00,1.0922616666666665
2020-04-10 04:00:00,1.093225
2020-04-10 08:00:00,1.0939941666666666
2020-04-10 12:00:00,1.0940416666666666
2020-04-10 16:00:00,1.094655
2020-04-10 20:00:00,1.0933816666666667
2020-04-13 00:00:00,1.0934266666666668
2020-04-13 04:00:00,1.0931641666666667
2020-04-13 08:00:00,1.0943691666666666
2020-04-13 12:00:00,1.0924741666666666
2020-04-13 16:00:00,1.0907641666666668
2020-04-13 20:00:00,1.0915416666666666
2020-04-14 00:00:00,1.0913825
2020-04-14 04:00:00,1.0940691666666666
2020-04-14 08:00:00,1.0931374999999999
2020-04-14 12:00:00,1.0951858333333333
2020-04-14 16:00:00,1.09656
2020-04-14 20:00:00,1.0979641666666666
2020-04-15 00:00:00,1.0982808333333334
2020-04-15 04:00:00,1.09796
2020-04-15 08:00:00,1.094975
2020-04-15 12:00:00,1.0909083333333334
2020-04-15 16:00:00,1.0896583333333332
2020-04-15 20:00:00,1.09169
2020-04-16 00:00:00,1.0900708333333333
2020-04-16 04:00:00,1.0877858333333332
2020-04-16 08:00:00,1.0881925
2020-04-16 12:00:00,1.0877983333333334
2020-04-16 16:00:00,1.0853766666666667
2020-04-16 20:00:00,1.08418
2020-04-17 00:00:00,1.0857291666666669
2020-04-17 04:00:00,1.0869558333333333
2020-04-17 08:00:00,1.0845891666666667
2020-04-17 12:00:00,1.0838025
2020-04-17 16:00:00,1.0878191666666668
2020-04-17 20:00:00,1.0870733333333333
2020-04-20 00:00:00,1.0865633333333333
2020-04-20 04:00:00,1.0863625
2020-04-20 08:00:00,1.0861075
2020-04-20 12:00:00,1.08674
2020-04-20 16:00:00,1.0871433333333334
2020-04-20 20:00:00,1.0862583333333333
2020-04-21 00:00:00,1.0862083333333334
2020-04-21 04:00:00,1.0837925
2020-04-21 08:00:00,1.0835866666666667
2020-04-21 12:00:00,1.0833075
2020-04-21 16:00:00,1.0855516666666665
2020-04-21 20:00:00,1.0852475
2020-04-22 00:00:00,1.0854516666666667
2020-04-22 04:00:00,1.0850141666666666
2020-04-22 08:00:00,1.0857275
2020-04-22 12:00:00,1.0868125
2020-04-22 16:00:00,1.0834666666666668
2020-04-22 20:00:00,1.08168
2020-04-23 00:00:00,1.0815633333333332
2020-04-23 04:00:00,1.0812583333333334
2020-04-23 08:00:00,1.0810208333333333
2020-04-23 12:00:00,1.0776191666666668
2020-04-23 16:00:00,1.0811441666666666
2020-04-23 20:00:00,1.0778783333333335
2020-04-24 00:00:00,1.0774075
2020-04-24 04:00:00,1.076895
2020-04-24 08:00:00,1.0749716666666667
2020-04-24 12:00:00,1.0783366666666667
2020-04-24 16:00:00,1.0798816666666666
2020-04-24 20:00:00,1.0802733333333334
2020-04-27 00:00:00,1.081775
2020-04-27 04:00:00,1.0827908333333334
2020-04-27 08:00:00,1.0845066666666665
2020-04-27 12:00:00,1.0848866666666668
2020-04-27 16:00:00,1.0835225
2020-04-27 20:00:00,1.0828291666666665
2020-04-28 00:00:00,1.082655
2020-04-28 04:00:00,1.0824391666666666
2020-04-28 08:00:00,1.0828941666666667
2020-04-28 12:00:00,1.0876191666666668
2020-04-28 16:00:00,1.0839458333333334
2020-04-28 20:00:00,1.083115
2020-04-29 00:00:00,1.0826983333333333
2020-04-29 04:00:00,1.0846966666666666
2020-04-29 08:00:00,1.0857483333333333
2020-04-29 12:00:00,1.0852058333333332
2020-04-29 16:00:00,1.0854058333333334
2020-04-29 20:00:00,1.0869575
